date,buy_and_hold_equal_weight,quarterly_equal_weight,inverse_volatility,sample_min_variance,ledoit_wolf_min_variance,spy
2013-01-02,0.007019899544764341,0.007019899544764341,0.004456451527482308,0.003786454056313948,0.0036110054081477383,0.024604701955834862
2013-01-03,-0.007234331591552956,-0.007234331591552956,-0.006728423259383942,-0.005619589746425846,-0.005625360654129552,-0.0022592282184892287
2013-01-04,0.0011339787951867297,0.0011339787951867297,0.0006161674102680426,0.0003732685377995093,0.00033938644206576996,0.004391368912828764
2013-01-07,-0.001284799801527181,-0.001284799801527181,0.00018642220118336716,0.001597727109198921,0.0016536567728158147,-0.0027329256632799837
2013-01-08,-0.00014776760210355455,-0.00014776760210355455,0.0004821784955211239,0.0005767023707599073,0.0006033926875121942,-0.0028773107155306565
2013-01-09,0.0015073878598059753,0.0015073878598059753,0.0011723311518241353,0.0009877263916606704,0.0009746927640481573,0.0025421226770556693
2013-01-10,0.004491669454316449,0.004491669454316449,0.0026940551746772456,0.0011904620475622352,0.0011229688385860914,0.007950110755623685
2013-01-11,-0.0005752565966425927,-0.0005752565966425927,0.0002293884401212143,0.0011323357397874378,0.0011088237038725524,-6.86497450814727e-05
2013-01-14,0.0014099555520419305,0.0014099555520419305,0.0005681627567728498,-0.0006935867483299774,-0.0006376276197816999,-0.0006790977615315219
2013-01-15,0.0006669646124757289,0.0006669646124757289,0.0005634478442420043,5.985979035538769e-05,6.925655989031831e-05,0.0006795592486961155
2013-01-16,-0.00041133456757092013,-0.00041133456757092013,-0.00024607620649885753,-7.49646869058207e-05,-7.866144882373582e-05,-0.00013580648770916692
2013-01-17,0.0020995544297250923,0.0020995544297250923,0.0006767812887129576,-0.0003592112110808454,-0.0003896186991074746,0.006460667477304449
2013-01-18,0.002534147619064786,0.002534147619064786,0.0022069253514225284,0.0016728481422429997,0.001703923847937272,0.0022292244036132836
2013-01-22,0.00198454109734425,0.00198454109734425,0.0014297203984572349,0.0009465267890433893,0.0009345344016036261,0.005393757650731468
2013-01-23,-0.0007584852888108395,-0.0007584852888108395,-0.00014583018663860692,0.0008274802952585869,0.0008114442233355668,0.0016094205635026615
2013-01-24,-0.0014792492512072375,-0.0014792492512072375,-0.00129688280115281,-0.0007998382743023003,-0.0007893014629261064,0.0002675591995631166
2013-01-25,-0.0010616159410388182,-0.0010616159410388182,-0.0021917925458811993,-0.002740647346620495,-0.002767701112074805,0.005622255639600615
2013-01-28,-0.002076562186992703,-0.002076562186992703,-0.0015729230003846961,-0.0011121077015352476,-0.0010784132364389798,-0.0011977319820846155
2013-01-29,0.002857079903290982,0.002857079903290982,0.0009922734300831237,-0.0009090124701667257,-0.0009080005753447917,0.003931161903271807
2013-01-30,-0.000390448614016492,-0.000390448614016492,-0.0008489299638335668,-0.001726464802691563,-0.0017077888256314955,-0.003915768383779494
2013-01-31,-0.0009590162380515022,-0.0009590162380515022,-5.418734127482505e-05,0.0011029587188449153,0.001083054065385003,-0.0024656825147605366
2013-02-01,0.0018926316569298773,0.0018926316569298773,-7.852771387606428e-05,-0.0013005911203739506,-0.0013568177437407458,0.010287562608652934
2013-02-04,-0.0027129035023736314,-0.0027129035023736314,0.00017384827058197772,0.002059879384377128,0.0021576867631041274,-0.011240826254088065
2013-02-05,0.00047173272661282795,0.00047173272661282795,-0.0005136593462119476,-0.00028456073062466114,-0.00040248497934702865,0.010097294331655293
2013-02-06,0.0017505325724687104,0.0017505325724687104,0.0018904479386003814,0.0017219456817549883,0.001732670924754487,0.0007282405847395257
2013-02-07,-0.0036381525638823353,-0.0036381525638823353,-0.0023321836310816746,-0.0005747897565754334,-0.0006072923050223222,-0.0013228444702508835
2013-02-08,0.0040823949094428436,0.0040823949094428436,0.0029998261931774017,0.0018502684545436132,0.001870839618149045,0.005564528046079431
2013-02-11,-0.0019014272732476023,-0.0019014272732476023,-0.0014369450205197198,-0.0005955982762215761,-0.0005964767647345104,-0.00019790011961340337
2013-02-12,0.0018653780592357005,0.0018653780592357005,0.00102933728396426,-0.00012195999060837792,-7.507947829454853e-05,0.0016474473965413239
2013-02-13,-0.0011060239379673265,-0.0011060239379673265,-0.0017402909340745731,-0.002008315727067389,-0.002019654673222737,0.00085523078244365
2013-02-14,-0.00023236723674824322,-0.00023236723674824322,0.000695465635815351,0.002037333490577664,0.0019857289471556516,0.0009197256204516169
2013-02-15,-0.0036610370281423554,-0.0036610370281423554,-0.002884853895144923,-0.0015704665709763699,-0.001570067990180224,-0.0011815619807796773
2013-02-19,0.002027245310816772,0.002027245310816772,0.001197062607192434,0.0008974409721129728,0.0008556887309292271,0.0074944572052795255
2013-02-20,-0.00770484992039322,-0.00770484992039322,-0.004723092211324498,-0.0016077368121327762,-0.001556728679497632,-0.012463210331555175
2013-02-21,-0.004346446511154012,-0.004346446511154012,-0.0021260231766098148,-7.322314366009497e-05,-0.00010801361061474335,-0.006078835179392006
2013-02-22,0.005050575075555619,0.005050575075555619,0.0037992365438286324,0.002853908544612871,0.0028170558444897686,0.009772400761359323
2013-02-25,-0.0049265961594325836,-0.0049265961594325836,-0.001256258256893461,0.0011469304763196408,0.0012004805293452936,-0.019026939899243867
2013-02-26,0.003150627585172261,0.003150627585172261,0.001383755900343564,-0.00037266675336822264,-0.0004052674978988202,0.006845505635726612
2013-02-27,0.00275257423124442,0.00275257423124442,0.0016620467409784734,0.0019066537043832543,0.0017918405730097398,0.012598286228349798
2013-02-28,-0.002035269090978842,-0.002035269090978842,-0.0008406918242548356,0.000621947649343868,0.0006198386025204616,-0.001974659547672286
2013-03-01,0.0009626897857635264,0.0009626897857635264,0.0018301603314576642,0.003118795434385424,0.003077838782188147,0.0032979911060824207
2013-03-04,-0.0005345530279706745,-0.0005345530279706745,-0.000794723528234953,-0.0007276976777845778,-0.0007458286083997789,0.005325087184068211
2013-03-05,0.004956362947125426,0.004956362947125426,0.0028129348572705215,0.0009424337315129261,0.0009347825643790664,0.00895851548369997
2013-03-06,-0.0009384090132854572,-0.0009384090132854572,-0.0016599590160062405,-0.0020311883444971146,-0.0020910747709220745,0.0013619485534255293
2013-03-07,-0.000952308339507435,-0.000952308339507435,-0.0019416929948544714,-0.0024556101356960625,-0.002487508180062492,0.0018118448439496948
2013-03-08,0.0003962949406157712,0.0003962949406157712,-0.0010227655511881872,-0.0020087154130725704,-0.002033420389253915,0.004264143783204055
2013-03-11,0.000700895023363568,0.000700895023363568,0.0006108191144809094,0.0007728425755364476,0.000736541385048417,0.0037951051154003768
2013-03-12,-0.00029889643059211046,-0.00029889643059211046,0.000662092389978941,0.0012445366317990203,0.0012501737309984495,-0.002242138246863923
2013-03-13,-0.0020107365596612192,-0.0020107365596612192,-0.0012479903356534816,-0.00011224990489944187,-0.000141661685588379,0.0014126080591785328
2013-03-14,0.003692849966624223,0.003692849966624223,0.0027491491057094475,0.0019032947277271006,0.0019190304325447105,0.005324424598505351
2013-03-15,0.0006129710690057077,0.0006129710690057077,0.001001861644545965,0.0009284394420043807,0.0009704986568961349,-0.001320455126102238
2013-03-18,-0.0021857004151447645,-0.0021857004151447645,-0.0004625756585983076,0.0008127286043992932,0.00081155546699474,-0.005518725452707374
2013-03-19,-0.0012505473649808696,-0.0012505473649808696,-0.0002809087894415363,0.0005976796377764604,0.0005573235036244739,-0.0023232668107422416
2013-03-20,0.0009507166888478302,0.0009507166888478302,-0.00042494195488662623,-0.0010634576273205187,-0.0010933003517564766,0.0069849791892631075
2013-03-21,-0.0021976827755497697,-0.0021976827755497697,-0.0010415927484677123,-0.0008733903798593401,-0.0008135658286977376,-0.008542387417038388
2013-03-22,0.002984494238736257,0.002984494238736257,0.0022848048480519356,0.0022002387255948275,0.0021526777290454824,0.008032798901878246
2013-03-25,-0.002250417714302677,-0.002250417714302677,-0.0013657051596740466,-0.0007113072179995017,-0.0006567318254639964,-0.004177527909349443
2013-03-26,0.005111259519515743,0.005111259519515743,0.0034893487980203197,0.0021125790915739184,0.002120405059209629,0.008003080890472969
2013-03-27,0.0026786780185723558,0.0026786780185723558,0.002937136085975567,0.0028038811921307083,0.0028380036542086096,0.0
2013-03-28,-0.0007611483708301892,-0.0007611483708301892,-0.0007084066001232792,-6.872007755831522e-05,-0.00011512960808690575,0.0030733308573427376
2013-04-01,-0.0019499543708589862,-0.001952815568512456,-0.0011251715494964287,-0.0009279251325611249,-0.00089713137697911,-0.0039571186286399
2013-04-02,-0.00032111844779925125,-0.000546970653324097,-0.0006308381100279536,0.0002672576150757333,0.0002504298506000868,0.004934193388950847
2013-04-03,-0.004750258196834722,-0.004740370155338014,-0.0018823381255735905,0.0007524261254627795,0.0007357754517576254,-0.010139705702072788
2013-04-04,0.005152270300409212,0.004983947466288052,0.005137762367259269,0.004868629063247365,0.00486383338630092,0.0040592029950854425
2013-04-05,0.0040031036459102776,0.004199735521328796,0.004285132317995766,0.0026556465783682537,0.002651968491075296,-0.004491684814128871
2013-04-08,0.0010354985667628824,0.000847943100537929,-5.1840264384317436e-05,-0.000415970239860175,-0.0004254932115317356,0.0067670327925362095
2013-04-09,0.0030585056479679462,0.003118312809740731,0.0019396125451449642,0.0007072263067104956,0.0007071736567458853,0.0034569639823052167
2013-04-10,0.0005069312514454083,0.00015930171627642764,-0.0016331058941243537,-0.0017743749570036105,-0.0018115519281031167,0.012248920140755404
2013-04-11,0.0024783542953756843,0.002392789032349407,0.002150848853657683,0.0018700396809543385,0.0018318793044294068,0.003277262771879119
2013-04-12,-0.005337678736988871,-0.00565776922317851,-0.0021129770420776905,0.00290515904732791,0.0029695022011149153,-0.002450278547799889
2013-04-15,-0.020897477109270257,-0.02113907259197978,-0.014028567039804818,-0.004642940428526421,-0.004508715373096606,-0.023173587487592684
2013-04-16,0.008412967702480456,0.00824964019454466,0.004560371959863252,0.0010532316091744764,0.0010166557398267884,0.01476302554252329
2013-04-17,-0.007798588674923779,-0.007597937713565317,-0.004431901328519894,-0.0019805293306689453,-0.001990587127714716,-0.014611563121232019
2013-04-18,0.0003641808929208956,0.0005432284958926115,-0.0006485455559797071,-0.00303866574901146,-0.0029780534299684858,-0.006253342891881952
2013-04-19,0.006334356561936261,0.006216412579882924,0.004912238995725904,0.0035185602902243485,0.0034511282990203895,0.008693065465926297
2013-04-22,0.0037581501224082103,0.0038548329065657416,0.00302017452802672,0.0020080354342264517,0.0019705941863548126,0.0044381957845538444
2013-04-23,0.0025580732830019492,0.0023192147529635943,0.0016598399954326215,0.002071737043858324,0.0020094516473569968,0.010308868582626252
2013-04-24,0.004600912456717898,0.004691583096846141,0.0032931742123576413,0.0011946437861782844,0.0012282206310771926,0.0006338352226038513
2013-04-25,0.004723462762245445,0.004896829805404179,0.003139653755821925,0.0009974342926521995,0.0009960714396737291,0.00405395163961253
2013-04-26,-0.0008339745653047625,-0.0008433413783829335,0.0008133618161840772,0.002605607578905822,0.0026028631069376917,-0.0017665257311624272
2013-04-29,0.006080844288990361,0.0060398660752190025,0.003361712397970118,0.0003183078404915829,0.0003359367702944205,0.006698662401159572
2013-04-30,0.002732247565730317,0.0026806914972774543,0.0012786714043011571,-0.0006035754629273304,-0.0006596827287358442,0.0023858438530433013
2013-05-01,-0.005265382678953601,-0.005224113920926254,-0.0026206954756446965,5.806986391521107e-06,-1.631863139217593e-05,-0.008767743272560802
2013-05-02,0.004727597605696188,0.004676634885858899,0.0028795677113713225,0.0012969754279925638,0.0013110775406004471,0.009287386149543275
2013-05-03,0.0009478241954876676,0.0007363294161812917,-0.002581437192053837,-0.005037212356850729,-0.005048055674334084,0.010140712914138872
2013-05-06,0.0006624353179300879,0.0005996678088782126,0.00016800451760667912,-0.0002333366883892074,-0.00024147596120094317,0.0025405781854284104
2013-05-07,0.00022234728057379805,5.8162714488885214e-05,-0.00022605276153853104,0.00028456775852170324,0.0002676618076860038,0.005068752973020896
2013-05-08,0.0046169891783691686,0.004680683036907496,0.0027537446126146836,0.0004263523494252297,0.0004018044722402525,0.004551670995008861
2013-05-09,-0.004805011477845067,-0.004817479312191675,-0.0035462635077443405,-0.0016293813427151749,-0.001597573290605836,-0.0028162993559448513
2013-05-10,-0.0031441964764855612,-0.00337140118793422,-0.003533321400353784,-0.0029751667664804637,-0.00300572705823976,0.0032535050371604868
2013-05-13,-0.0030220423133078267,-0.0032174562635609583,-0.0029567587264551776,-0.002308175733993334,-0.002325955116055045,0.000795315667976304
2013-05-14,-0.00019452947370768303,-0.00040429783812701015,-0.0014990093213355093,-0.00136172241528143,-0.0014253358842594155,0.010333811578332464
2013-05-15,0.0012476801429148754,0.000992820733610067,0.0013002049916326364,0.002369010152817319,0.0023876997965139868,0.005386759216412962
2013-05-16,-0.00102582634594639,-0.0009059143054087615,0.000750757883170694,0.00226323190035993,0.0022961003852524087,-0.004695659583680234
2013-05-17,-0.0006583569126373812,-0.0009796972260873726,-0.002433911546940948,-0.0023366573684490133,-0.0023202118134941774,0.009677081226719286
2013-05-20,0.0043480887076632335,0.004513047307998841,0.0027965000948602103,-0.0002566277481216295,-0.0002838634899127168,-5.992857842651578e-05
2013-05-21,0.00032056742673902683,0.00017207659639040251,0.0011303362680805673,0.002486832843232145,0.0024916329151725147,0.0014375699304145506
2013-05-22,-0.011011247779009414,-0.0109099225025594,-0.010169616429411832,-0.008399851106868583,-0.00839245854226145,-0.007417488139765838
2013-05-23,-0.0023827191432223005,-0.0020528087178300902,-0.000922472466187152,0.00016626613980985638,0.00016808618834573963,-0.002893159124328304
2013-05-24,-0.003202176963570058,-0.003236976889101628,-0.0019276845973200674,-0.00019322230890472802,-0.00019560262436291165,-0.0008459782043549469
2013-05-28,-0.003417385899794012,-0.0035083969445594,-0.005772212356574213,-0.006687749534449616,-0.006686404185057837,0.005988769523904702
2013-05-29,-0.004707480731123481,-0.004432653072246828,-0.0029549238461570315,-0.0015825353141332155,-0.0015977992433573451,-0.006493975565462162
2013-05-30,0.0005592105114375912,0.0006474596085264128,-1.508426062180046e-05,-0.00036551466133871724,-0.00041201031330495574,0.003692194406944793
2013-05-31,-0.011698329098426052,-0.011656020188947402,-0.008235047121371242,-0.004458162887839179,-0.004419930238431902,-0.014352240100680258
2013-06-03,0.00668089669251426,0.006810368008167478,0.003809119896669211,-4.599235979041438e-05,-3.912366188907335e-05,0.005506512292544619
2013-06-04,-0.005277332054861139,-0.005282109792787981,-0.00459335619325385,-0.003282682277222726,-0.0032308531434160903,-0.004806870289691401
2013-06-05,-0.0062010435912619455,-0.005963342862310039,-0.0035483015067531154,-0.002301577719817871,-0.002256455656866385,-0.014000810725908419
2013-06-06,0.0060282819824826195,0.005893931440530631,0.00448783243695039,0.0029443670301527725,0.002909651402958291,0.009052801385420972
2013-06-07,-0.00230468261086203,-0.002727435785981447,-0.0036609850592890236,-0.002195624793175033,-0.0022065057891800244,0.01272015621071243
2013-06-10,-0.0038732929041127573,-0.0038987972689370487,-0.004160346439605056,-0.004126796214659723,-0.004162144303319515,0.0
2013-06-11,-0.006988801480207307,-0.006840215734495447,-0.004690745227240889,-0.0028059298033631386,-0.002785930624138677,-0.010315279504864772
2013-06-12,-0.00549555551398051,-0.005361486166978402,-0.0055098748554531785,-0.005928900327994313,-0.005915876881569915,-0.008277200238837157
2013-06-13,0.013112083986080325,0.012904764923709289,0.011544640531237826,0.010245459651279987,0.010237510453363852,0.015208723921114498
2013-06-14,-0.0027852077837960953,-0.002762510664351625,-0.001717766302653967,-0.0014972693078274535,-0.0014601644132873348,-0.00627258472986858
2013-06-17,0.0026967153413746114,0.002546056786240314,0.0006053187881314148,-0.000639083933110296,-0.0006556131891264361,0.007721475450308102
2013-06-18,0.002136883467930506,0.0019504523682112307,0.0012862954867094434,0.0015471269012188316,0.0015481698522716858,0.007905786191879871
2013-06-19,-0.01596170938423469,-0.01583015843224056,-0.014940059845350406,-0.01348808656149536,-0.013405426649257257,-0.013816774836302836
2013-06-20,-0.030055634365948825,-0.03011281822804568,-0.023744628266403778,-0.015036824285326156,-0.015012556877482264,-0.02477825202086459
2013-06-21,0.00017274951584966836,4.186310142095806e-05,-0.0035197878514929837,-0.0075519017208934835,-0.007639172407939987,0.003210170973706017
2013-06-24,-0.008126328424903684,-0.008076124083668645,-0.00677309977677043,-0.006256200848708815,-0.006202286236477672,-0.012635891774998131
2013-06-25,0.006269980927863683,0.006060851065478268,0.004565739725770346,0.0035539424828905375,0.0035143572202034346,0.009614177742497843
2013-06-26,0.0031578711934394654,0.0028016112292086337,0.0036917338274486955,0.006310274544161443,0.006340023223513125,0.009901224157568445
2013-06-27,0.0077688448687234235,0.0075892271126094535,0.007738598511461969,0.007984015483554874,0.008002142061498407,0.005869503274407384
2013-06-28,0.0018075828466688204,0.002097127982919611,0.0018496397684650834,0.0004838434413658721,0.0004315963018921565,-0.004097092697918359
2013-07-01,0.004753727576360056,0.005011212781546481,0.003798177907379463,0.0026970182967309686,0.0027016028454414087,0.005859733627120667
2013-07-02,-0.0003992632012700392,-0.0008807127705964257,0.0008643504071594865,0.0026938130522384807,0.0027120693004420993,-0.0009300719611782249
2013-07-03,-0.0010473582641700174,-0.0008673832202751308,-0.0013353894976934066,-0.0012358670598990873,-0.001204095130719507,0.00043424878501219233
2013-07-05,-0.007937645935028215,-0.008918860587747046,-0.009897267306278046,-0.009236644259223104,-0.00929135790490554,0.010788976260712735
2013-07-08,0.005979457537129251,0.006170304494321988,0.0064194168707960575,0.006904168393183863,0.006902359824556559,0.005704646988418327
2013-07-09,0.006355322915606587,0.006335534930601572,0.004444208655192794,0.0015757536145062367,0.0015712094637183593,0.007198037069908292
2013-07-10,-0.0014302222577240453,-0.0014955696437406463,-0.0019662675865878,-0.0022526112732006442,-0.002243329809037964,0.00036252099821654227
2013-07-11,0.019109713340652812,0.019418684901316263,0.015768909085368765,0.009647894936106738,0.009614663716516869,0.013620597184926142
2013-07-12,-0.00265421163096502,-0.002611118590790329,-0.0020584695184844293,-0.0006543566296624004,-0.0006415224788355323,0.0004183188423716455
2013-07-15,0.004360855301986932,0.00426988844354792,0.004614379351937314,0.004802521525489878,0.004777853554742029,0.003820660899135575
2013-07-16,0.0011500294573403291,0.001438772461432869,0.001219690624854275,0.0005590994377770997,0.0005788761113552088,-0.003746595354461646
2013-07-17,0.0018168733813246352,0.0014439958501095695,0.00214281686123452,0.0028839529765973815,0.002871186420103422,0.002566530152327662
2013-07-18,0.0003763009964212749,9.718644494527418e-05,-0.0007457638266258337,-0.001442415598320479,-0.0014498919844952995,0.005478053682682837
2013-07-19,0.0035963856459650945,0.0038497311329495076,0.0045976486818024576,0.0053314030487605635,0.005329571117922649,0.0017768566033113942
2013-07-22,0.0052294886373773775,0.005937685106446766,0.003867615460974916,0.0009730608867448698,0.0009626539638256659,0.001950411847345901
2013-07-23,0.0008611224358454628,0.001158074753957239,-7.027204611309568e-05,-0.0017163895867529089,-0.0017028186787535482,-0.002123876121633117
2013-07-24,-0.009239093758187655,-0.009521590479095954,-0.008559970189950805,-0.006206959731031136,-0.006224753843705688,-0.0036660531265514384
2013-07-25,0.0019584115863406915,0.002151072087875905,0.0012130159981196265,-2.0372713593230785e-05,-3.450298105844851e-05,0.0024334188773054155
2013-07-26,-0.0005628704611545521,-0.0005484514359253012,-0.00011217214683612031,0.0002483491461398035,0.00022161412975618688,0.0010655775097814235
2013-07-29,-0.005080950952609298,-0.005016925209626932,-0.003811918899369937,-0.0013925372319506524,-0.0013828081738003206,-0.0030751833379748517
2013-07-30,-0.001295558909027661,-0.0013661865227188041,-0.000962228950841193,-0.0003091616081137838,-0.0003223681225819064,0.0
2013-07-31,-0.0005637702416938506,-0.00040322517803281777,0.0006551234811094098,0.003111873509264118,0.0031361093217896485,0.0007117425672507061
2013-08-01,0.00032136357917322833,-0.00020828481307955116,-0.0024517094275152695,-0.0042032299849528165,-0.004243513404847521,0.011558662167358014
2013-08-02,0.002233260165223072,0.0021517453895680827,0.0030178992219473955,0.003944802134537406,0.003925243487886032,0.0016991251718609934
2013-08-05,-0.00338670669604757,-0.003561734910484504,-0.002986220593877653,-0.0020082196347640524,-0.0020225299278255893,-0.0014621594991613973
2013-08-06,-0.004159012389507111,-0.0044620983328585995,-0.0024408537278246545,-0.00014823140485908937,-0.0001555031401161422,-0.005682859434728238
2013-08-07,-0.0017373022949185302,-0.0016464894127986573,-0.00040450708728712037,0.0009280155317519245,0.0009173940904141364,-0.003240298946530107
2013-08-08,0.006717308209515771,0.007301972994314676,0.005050870103392002,0.002107592767001343,0.00211258268523018,0.0036649614501391703
2013-08-09,0.0021013794172071165,0.002099157763317372,0.0016713636518219666,0.0004614150741713008,0.0004994499433532695,-0.002885962944294107
2013-08-12,0.001418388377318447,0.0021419128880189042,0.0005657125965465859,-0.0006111337622113355,-0.0005623526100777543,-0.0011811928474333433
2013-08-13,-0.00400537871636264,-0.004258064622267854,-0.0054401438373226085,-0.005920520113466887,-0.00593618948638408,0.0029564742848624537
2013-08-14,0.0007304165463666301,0.001219861130677069,2.954201151039726e-05,-0.0016709554309665142,-0.001619528765734568,-0.005129606049217195
2013-08-15,-0.006305553492872762,-0.005224430834464111,-0.006371970191306642,-0.006913168054197172,-0.006822467453430181,-0.013985613386458762
2013-08-16,-0.004699807903112085,-0.004236326196971341,-0.004728271938408191,-0.004260471765509366,-0.004246079559972249,-0.0033057690559201713
2013-08-19,-0.00786766388344029,-0.007797378726396409,-0.007119752137747071,-0.005487266563906523,-0.00546701357675905,-0.006391582232727844
2013-08-20,0.005101906284353364,0.004822463944962996,0.005492976905139502,0.005415228436473907,0.005388756294744779,0.004915120314837429
2013-08-21,-0.00787015917982048,-0.007898536420864133,-0.0072936944757018285,-0.006097541554703434,-0.006078541409351601,-0.006159559233943401
2013-08-22,0.006941212758357462,0.006872508971509816,0.00550987171068873,0.003278194755010899,0.003244445469170243,0.009114424339975224
2013-08-23,0.008895174867668443,0.009211864762142197,0.00830831769978646,0.00646506918980716,0.0064839224697499365,0.003372643214728299
2013-08-26,-0.0007651655889023834,-0.0004946770225219277,0.0005447402296983039,0.002094046665186422,0.0021315970462689737,-0.003721042947251507
2013-08-27,-0.0028123569002126425,-0.0020347074815982857,0.00013465136091572738,0.0026077736200744717,0.002711396605848959,-0.016084443615552946
2013-08-28,-0.001238165144483827,-0.0012437572059054158,-0.0014559387383682454,-0.0008038345374374867,-0.0008127242151998448,0.003551109306618505
2013-08-29,-1.0148649043473235e-05,-0.000196062255518048,-0.0001232186552100334,-0.0006768926169523626,-0.0007230884149950212,0.0015864878507025892
2013-08-30,-0.0038352548958850985,-0.0037595707057812566,-0.003092916235612919,-0.0018511553372880796,-0.0018503793467046226,-0.0031678338812994866
2013-09-03,0.002035332053547778,0.002253478463580816,-0.0002699676569003495,-0.0026481166514200627,-0.0026467068640819713,0.004521686432766403
2013-09-04,0.0016365029832132727,0.0009715503590734809,-0.0004778951347060856,-0.0029494690294672443,-0.003015987943868814,0.008273201547500886
2013-09-05,-0.004993144967872509,-0.005354781635263706,-0.006028906051502525,-0.006098563381354949,-0.006113883099925443,0.0012674077711154474
2013-09-06,0.0071685781016763706,0.007486206980008792,0.005840475808637224,0.002669656160072975,0.0026905739419096353,0.0004818996408169074
2013-09-09,0.007840462443023943,0.007360845205617306,0.005792222338240283,0.0026228452724574858,0.0025589703450772383,0.00957593546411517
2013-09-10,-0.0006930757772934948,-0.0014099186972434952,-0.001737751547194799,-0.002007172962629644,-0.002073553685679408,0.0073972458126145835
2013-09-11,0.0039967016280408885,0.0038316535583819977,0.004388404420808234,0.0046370110463422876,0.004631530127698236,0.003138260717789665
2013-09-12,-0.005563752415870149,-0.006261970328474642,-0.003833065376506739,-0.00012953562745010583,-9.965994526006661e-05,-0.0026562165824657313
2013-09-13,0.0021857131904976512,0.0021332622667098455,0.001529462139798321,0.00031348240034345665,0.0002930146315716087,0.0022494992321653307
2013-09-16,0.001588250406113323,0.0009889292101528113,0.0013260490186304263,0.0014646904985426978,0.001391489794702716,0.005787047702183079
2013-09-17,0.0008301098351009006,0.0006996644222121429,0.0015334709845369332,0.0025105150370832163,0.002453736553686081,0.004462849215939979
2013-09-18,0.02394652033271094,0.024672727378780124,0.02078542935545724,0.014175503892226438,0.014214683937302741,0.011574055535533923
2013-09-19,-0.0037049983355078586,-0.0037490340891397356,-0.004012710764915051,-0.004278052514422592,-0.004287082100972395,-0.0016756587123367694
2013-09-20,-0.008974992451935893,-0.009518727089352641,-0.005664508199181184,-0.00017416027765138065,-0.0001798774540676673,-0.006991996448985294
2013-09-23,-0.00042234775211580367,-0.0002911132759710888,0.0010594408371500386,0.0025778759449286426,0.002570316639089576,-0.004627305472483578
2013-09-24,-0.0009354831481649395,-0.000793296938304433,-8.573162084324348e-05,0.0007307620124030745,0.000740351052493704,-0.0023536042762252185
2013-09-25,0.000896541663056194,0.0010886057408594496,0.001296747781363905,0.0012796064734295065,0.0012975306118374608,-0.002890388734219318
2013-09-26,0.001214738719158115,0.0008584135688898265,0.00020096961793236723,-0.0004835266057738874,-0.0004708834799227457,0.0038453447098869553
2013-09-27,-0.0023607869814763482,-0.002049098947635386,-0.0016332112642980512,-0.0011879167982744576,-0.0011881137193939795,-0.004596692974453864
2013-09-30,-0.005307728226166208,-0.005261998067383256,-0.0036874312165489087,-0.0011602611532872675,-0.0011552138531649714,-0.005328567730635059
2013-10-01,0.0018051490713941742,0.0008195487173339178,0.0006537088811178204,-0.0006195768016488135,-0.0007028679934925064,0.00791614360864612
2013-10-02,0.003815671536643306,0.004358334556818555,0.003490161028854466,0.002654441874971436,0.0027457177900021,-0.0009449007675278454
2013-10-03,-0.004683846848261397,-0.004251384833645178,-0.003224029980722465,-0.0009568899502081507,-0.0010353177329962548,-0.009220768347740771
2013-10-04,0.001962044597391799,0.0017059725242174473,0.001035737711412077,0.00017279199823749813,0.000278631967060905,0.0075765594916439305
2013-10-07,-0.0006940841170205436,-8.839966489770923e-05,0.00018598133304625897,0.0006516964874454523,0.0006882767500300258,-0.008644716309297418
2013-10-08,-0.004947790212639913,-0.004535555131637947,-0.0037085400091309006,-0.0023065727372117983,-0.002296842822952283,-0.011646402481284457
2013-10-09,-0.0012495845250380944,-0.0016452753352346194,-0.0015354844745905094,-0.0014390551761606085,-0.0015128913710271696,0.0007252632369123546
2013-10-10,0.011017004558794952,0.009916482926175751,0.008184190273247127,0.004492067444355818,0.004768850560138871,0.021557913716202526
2013-10-11,0.0015964816271143434,0.000994941909961522,0.0011428031168625452,0.0006683576388206713,0.0005853493258982656,0.0064431975641172645
2013-10-14,0.00022229642276938577,2.0244265415580998e-05,-0.0009919535765666732,-0.0023213251163155535,-0.0022434102115648225,0.003993960845592781
2013-10-15,-0.0027180492044317495,-0.002352270389530564,-0.0017457648287905192,-0.0005437065575674138,-0.0006390894627259502,-0.007254269191588669
2013-10-16,0.008931035583667812,0.008543307978890136,0.007978048521861014,0.0062114295034405576,0.006252577702478224,0.013966022261277189
2013-10-17,0.009367542557514597,0.00963514679783195,0.007855765503859136,0.004476804662002065,0.004272255052689022,0.006683460054077717
2013-10-18,0.002389559993808854,0.002094680888303113,0.0022670483162092747,0.0025995551242994352,0.0026962376864712034,0.006754308924638686
2013-10-21,-0.001525075474257176,-0.001561297010302054,-0.0016428672209937156,-0.001486778887809903,-0.0014714085242222286,5.7006797816283594e-05
2013-10-22,0.00805636161625456,0.008253296188770687,0.007121433676131161,0.00483526395349454,0.004718482034491878,0.005791669078007322
2013-10-23,-0.0059771889500988,-0.00598458346385089,-0.004494744306463794,-0.002632996113242747,-0.002894802739258462,-0.004788793273753367
2013-10-24,0.0015036542163266997,0.001442066968385447,0.0008693359828482183,0.0002745005443471893,0.00031621190086728035,0.0033222930113177007
2013-10-25,0.0035255491456018806,0.003576124437969286,0.0029343097450291733,0.0018214672594976111,0.00189147121382649,0.004567567631851066
2013-10-28,-6.688641678920249e-05,7.193995248622187e-06,5.205049752743385e-05,0.0008101098982187249,0.0008609369575478532,0.0015911862166790858
2013-10-29,6.294810669271733e-05,-0.00018797202223452825,0.00011435734301734612,0.0006931442538031796,0.0006492446367125648,0.005333959412653133
2013-10-30,-0.003527720428468051,-0.003396519985434332,-0.0029089059823725893,-0.0015851967011942802,-0.0015196035786678719,-0.004966847779384831
2013-10-31,-0.005214679808174694,-0.00540925220728361,-0.004184214448972545,-0.002592828207170328,-0.0027118314059191295,-0.0028363766432343285
2013-11-01,-0.003532285375026145,-0.0038784792388854017,-0.004182622067570918,-0.004662148097413166,-0.004787488378534599,0.0023892214014344937
2013-11-04,0.0016575012282489254,0.0014660586705672607,0.0011220548998949198,0.0003284231664941739,0.0002715925989087431,0.0035189793949603754
2013-11-05,-0.008247875889549228,-0.00823133586237712,-0.006999682262635809,-0.0038173089758253287,-0.0037886218583781384,-0.0031670697563845884
2013-11-06,0.003311047712820425,0.003192894109982136,0.00318624010044255,0.0034762790836746493,0.003485079743774433,0.005105540939614572
2013-11-07,-0.007522166099817373,-0.00705968339824814,-0.004783921032102012,-0.0013176892088980763,-0.0015306823442602369,-0.012642904689449952
2013-11-08,-0.004303113005050929,-0.005268821833912751,-0.005527551177954337,-0.004381193851386467,-0.0040311257195549954,0.013490877734076312
2013-11-11,-0.0007015060705668485,-0.0008746006294311215,-0.0008595183211663748,-0.000839353946086363,-0.0007354933242600392,0.0001695046682674839
2013-11-12,-0.002922681022983098,-0.003044051233472622,-0.0019326648326447593,-0.0005598303790342873,-0.0006896954626488538,-0.002030507591657127
2013-11-13,0.004038010106420575,0.0038900081142005938,0.003574003828486161,0.003104019907796962,0.003164914657427298,0.008024485864160269
2013-11-14,0.007069036115329164,0.00727734563297866,0.006487947438377217,0.005277573656614187,0.00525778100415919,0.004989311726570467
2013-11-15,0.004267330389269297,0.004115508912288401,0.002910952107300524,0.0006270931819178927,0.0006230489371175096,0.0043507345462519
2013-11-18,-0.0005663377925171353,-0.0005823123608701408,0.0003802497055158671,0.0014062588396479558,0.0011945738535199535,-0.003498933461053011
2013-11-19,-0.0038040311430367346,-0.003802119162605866,-0.003777610305367718,-0.0032647061869448546,-0.0032282687799032317,-0.0021734961594426228
2013-11-20,-0.008949499919526982,-0.009430207568633997,-0.007733407045232066,-0.004314775145154881,-0.004227948448295438,-0.003127834970637622
2013-11-21,0.00451974730675464,0.004224037471241893,0.004089310918215183,0.0038904424322745434,0.0040891529280850936,0.00806778561152588
2013-11-22,0.0033191962812713083,0.0033314368257320037,0.0033758705381694565,0.003397401374265252,0.0033996569261012244,0.005003194950725431
2013-11-25,-0.0016796760103841013,-0.0015297360211792288,-0.0007838183179980085,0.0005929524666874464,0.0005348781653575774,-0.0009953433348023344
2013-11-26,9.328750281256681e-05,5.6251866141776574e-05,0.0003671006267742527,0.000673352420258011,0.0006295599409980035,0.00027675973062057935
2013-11-27,0.0017430861249800866,0.0015392310552109212,0.0009425486243206382,-0.0003608510858905678,-0.00035014134934530095,0.00243502138006213
2013-11-29,0.0008767775213929241,0.0011719947549835297,0.00027922611560615707,-0.0007322274211131186,-0.000725443655918756,-0.0006625311009056389
2013-12-02,-0.008331900140323922,-0.008863794642326894,-0.006955288851512087,-0.003907727844114306,-0.003841578429248038,-0.0025964333095465086
2013-12-03,-0.000575672467927002,-0.00019473419560700478,0.00025671204435306905,0.0011349738386450259,0.0011562579383808114,-0.004320997172235441
2013-12-04,-0.0007234152392143756,-0.0004283666056461577,-0.0017689972960684974,-0.003140225984701428,-0.0030400784824778926,-0.00011114056131145134
2013-12-05,-0.0035280278034197643,-0.003689387841094627,-0.0029089561700691435,-0.002002050752507256,-0.001997559691761075,-0.004395439295810988
2013-12-06,0.007682982463492083,0.007372110759000128,0.005714379240396417,0.0027080052902634932,0.0027767308597586027,0.011176745106463493
2013-12-09,0.0018717477914163005,0.0020145903124324516,0.001538673815294267,0.0008299558068387558,0.0007564869259106821,0.0025422468535090115
2013-12-10,0.0022127355403036564,0.0028218650415068325,0.0025472560281012413,0.002282080985269719,0.0022317991530511616,-0.0035827103353484047
2013-12-11,-0.00980301159584862,-0.009594655078068115,-0.007477042673212808,-0.003249442222640231,-0.0032475215131116952,-0.011231079427797885
2013-12-12,-0.006321156436237985,-0.00665290776716454,-0.005226008024079243,-0.003191811184322657,-0.0033203216228278043,-0.003301620009294237
2013-12-13,0.0018945136719876743,0.002141166652416482,0.0019821364871945857,0.001658649330948725,0.0015393921044559722,-0.0001122576295589095
2013-12-16,0.0032767317061879186,0.0030441089799424503,0.00247663717707014,0.001798542017708904,0.0018623266818105222,0.0062321673991696525
2013-12-17,-0.0015677428723854803,-0.0016207710602608172,-0.0002989665736267133,0.0012557593356272712,0.0011044158377941926,-0.003180518011735689
2013-12-18,0.007194679629130896,0.006243437193780732,0.004396743301785522,0.0009217964158723113,0.0010406992797380443,0.017072320702315347
2013-12-19,-0.006094384824527954,-0.006593140155709554,-0.004715338287369253,-0.0018860667866301695,-0.0018216121973235744,-0.0011554421408205284
2013-12-20,0.0061552733744540955,0.006280170907608129,0.005846827594931492,0.004663096446922976,0.004721117154389942,0.00581696832782197
2013-12-23,0.001988111381554969,0.0015575103301186388,0.0008110654454400734,-0.00045048119425550315,-0.00039147173249232115,0.00534225382531317
2013-12-24,0.0008390177921770992,0.0007869212917199775,3.493809087773414e-05,-0.0007329291336430899,-0.0006638069035043159,0.0021914795308857205
2013-12-26,0.0007669783415771292,0.0005513050596639424,0.00040702519231339274,0.00048509428281096056,0.0005495383849738467,0.005083978826020852
2013-12-27,0.002684121869949596,0.0027205490841801794,0.001593877597028115,-0.0002317902137904948,-0.00017112818046127742,-5.3881048877602034e-05
2013-12-30,0.0005263907990733507,0.00023627881373844417,0.0010514856019792074,0.0014855958405102232,0.0013305327509505194,-0.0001634957941321069
2013-12-31,0.0007067884691671633,0.0006247267107271082,-0.00023119280562722277,-0.0009397282460109624,-0.0008893980995038353,0.0047327272412447385
2014-01-02,-0.007323001745714763,-0.006227081751165708,-0.004559188844816098,-0.0015199289558353035,-0.0018039563521147217,-0.009583518375658961
2014-01-03,0.0009466022468807012,0.0011950659554413878,0.0005187949367169153,-0.0007012861573655327,-0.0007483129784813247,-0.0001640182135379531
2014-01-06,0.0002802212005885707,0.000526475604087473,0.0011258211755589276,0.0019506770786172911,0.001835753890673697,-0.002897718537088201
2014-01-07,0.002245658759320479,0.0017241406075536592,0.0014627984022230756,0.00034778028396287297,0.0004543396014478063,0.006141632973939659
2014-01-08,-0.003179696248082897,-0.003476898159080699,-0.00322438219575627,-0.003144486524722101,-0.003156261018222195,0.00021771551449378812
2014-01-09,9.515610082910797e-05,0.00022393597713521451,0.0007179024865111572,0.0011152159783058835,0.0009980088287282474,0.0006538253761829704
2014-01-10,0.009299029887410715,0.00971845532468918,0.008127251295191762,0.005246465564751723,0.005206702151119291,0.0027228171337387863
2014-01-13,-0.003915457815088952,-0.002941050858787264,-0.0022122514218400058,-0.0006845754241417978,-0.000945311207127375,-0.013304849121090201
2014-01-14,0.0027106451967040535,0.0017166624039588463,0.0008495921611597623,-0.001199208835922394,-0.0009305583749418256,0.010897448323209158
2014-01-15,0.0021759520925588305,0.0017800735182929017,0.0015045202040926409,0.0007414421364553281,0.0008667980987167034,0.00539039722186585
2014-01-16,0.00032935694946978344,0.0004940054083659717,0.0007653065702915018,0.0007196441996792924,0.0006550785355907696,-0.001299883474549235
2014-01-17,-0.000588859797880148,3.6181390491218934e-05,0.00018003636043228965,0.0008654203937210614,0.0007584896716037459,-0.004229685926646076
2014-01-21,0.001107025993464239,0.0005273928041995557,0.00045196690337934164,-0.0005354275283145915,-0.0004274061500091353,0.002940753267272944
2014-01-22,0.0014112284616076831,0.00125696451738877,0.0004629327972454078,-0.0006857121637851016,-0.0005978723979488398,0.0006516868340546988
2014-01-23,-0.0009521892781324537,0.0003770892803345305,0.0009197737591541966,0.0020039305917989303,0.0017538614588668011,-0.008193561770804325
2014-01-24,-0.009682843079449222,-0.007984774339637846,-0.005926635193462704,-0.0013008106990550772,-0.0017144266405174635,-0.02133558004791336
2014-01-27,-0.005531240611135524,-0.005744406691774229,-0.004916512982283905,-0.0036218782236753233,-0.003679547767728497,-0.004919270274026277
2014-01-28,0.005105251917799647,0.004742903795743381,0.004549275266985564,0.003799030421691496,0.0038635273013010174,0.005954736931758298
2014-01-29,-0.0025124978942397957,-0.001351770134703667,-0.0006629630346086657,0.001053601848283181,0.0008071396890836358,-0.00960546878985169
2014-01-30,0.002302682839300463,0.0009651803317136665,0.0012507872423614952,0.0004057460749704589,0.0005683156472511275,0.010600547608056399
2014-01-31,-0.0009568103294498309,-0.00014988733519150088,0.00014115021792027171,0.0010060272312875096,0.0008426120947655491,-0.005858616852363441
2014-02-03,-0.0071470169787924975,-0.005278121823428794,-0.0027537480466039987,0.0022013695818368095,0.0016713866113959863,-0.022505202334256458
2014-02-04,0.004288774739344747,0.0035211074688845656,0.001568876545428033,-0.0015018337414113292,-0.0012311210351647617,0.007004844317148429
2014-02-05,-0.0019013589153792365,-0.0019855412394104155,-0.0024197062966376803,-0.002662471658960719,-0.002578241807836945,-0.001254117842620972
2014-02-06,0.006957356418717309,0.006021336944068256,0.004513471067131736,0.001730111514710586,0.001983809736530562,0.013186869190244366
2014-02-07,0.007521886064906891,0.007099095831945013,0.006365347660314935,0.0052831189942836865,0.005499549882819421,0.012395723368789469
2014-02-10,0.00022599964484149027,0.00037966965364777394,0.0002873935032967623,-0.00016354107842686538,-0.00018424755604196097,0.001836524479358781
2014-02-11,0.0066327174287987845,0.006182758813233935,0.0037310480919283684,-3.9014732370334926e-05,0.0002493226425348549,0.010943704341071836
2014-02-12,-0.0004772328548214855,-0.0006029564063236847,-0.0010859674375328643,-0.001656688208541146,-0.0015722642685472854,0.0004949069705297848
2014-02-13,0.004372651764944724,0.004522655574508816,0.004340823846384678,0.004167552878827641,0.004205536270007526,0.005163023351943297
2014-02-14,0.004540182873808751,0.004706896884032252,0.003157325170185743,0.0009462278264376067,0.0010827085404125913,0.005518406901800832
2014-02-18,0.0032430341617308844,0.00315876552821992,0.0034230921106914725,0.0038369992520059792,0.0039023755366414115,0.0011957130366495594
2014-02-19,-0.0038366946368126875,-0.003789506194902148,-0.002976982905386394,-0.0014378466572357862,-0.0014963806312116024,-0.006621775261790974
2014-02-20,0.0018078069769791316,0.0018204236344085967,0.0007031369022256762,-0.0007143040972655834,-0.0005408456223783276,0.005901326916140759
2014-02-21,0.0016038521826082786,0.0016698481395904796,0.0014042710108994605,0.0005101425342077803,0.0004363325652101402,-0.0011410751026701416
2014-02-24,0.0034425140892477835,0.0033713890847029138,0.002538482131563713,0.0014364641594559746,0.0015560967930223768,0.005546794201214622
2014-02-25,0.00026977224803181876,0.00048282218610795624,0.0012937301912372412,0.0020520065345535077,0.0019240440938936842,-0.00037879420606812264
2014-02-26,1.3201579861288337e-05,-0.00011514389935618485,0.000735597629863527,0.0015915581564609482,0.0015127890725981086,5.43086362856382e-05
2014-02-27,0.0033797713370393723,0.003252861672204288,0.00258748522461949,0.0012139121821495014,0.0012500240194981416,0.0052473761590901
2014-02-28,0.0011457632381868255,0.0008490145395978477,0.001111610586060685,0.0011878402379865705,0.001236085566523215,0.002529617956537278
2014-03-03,-0.0008900623894581017,0.0007585809871042404,0.0012817111899541267,0.004150123636004421,0.004019315266698742,-0.007032362881611798
2014-03-04,0.003773215201355873,0.0020480174053920663,0.00037035014668851396,-0.003485316622826362,-0.003120197326563545,0.014056003073191548
2014-03-05,-0.00048247662891764964,-0.0004525397965794431,-0.0005018129948191064,-0.0008386183217048426,-0.000894230344306024,0.0009059450699890892
2014-03-06,0.002309917183549226,0.002269663493469798,0.0008900738594035396,-0.0002896200941806537,-0.00012756679355574452,0.0022904489492603375
2014-03-07,-0.005677099114718698,-0.005961428535570135,-0.00483468979829238,-0.002733910594475919,-0.0026920497692221046,0.000425056154551795
2014-03-10,-0.003042812524584382,-0.0028944203713887617,-0.002453531222688099,-0.0017337942727018163,-0.0017908820592013042,-0.0005312194998973174
2014-03-11,-0.0012397880499038783,-0.0007055084931929523,-0.0006652665096191779,-0.00047001730260198826,-0.000553962612636405,-0.004942566771545698
2014-03-12,0.002414803598297377,0.003074603251661312,0.0024452834656407685,0.001635309937852103,0.0015605409917431867,0.00026676916289303243
2014-03-13,-0.004443643858844437,-0.0032874344644183706,-0.00176627430996934,0.0008690285693035982,0.0005477560290567673,-0.011212881634854788
2014-03-14,0.001189425703742586,0.0016112822884528644,0.0008360988262374747,0.00010861033903486472,0.00010509469593245058,-0.002807777442828452
2014-03-17,0.0011147914196643072,-7.82420833912445e-05,-0.00046718670010914565,-0.002155072282965964,-0.0020207404863784584,0.009043496885430269
2014-03-18,0.004307050465778728,0.0037555488720457664,0.003787403786490673,0.003380486327468679,0.003482395959526041,0.007138197467926544
2014-03-19,-0.011051851686135317,-0.01136489853115119,-0.009686930685048556,-0.006739458004679677,-0.0066312064917937175,-0.005329177043591371
2014-03-20,2.2829111148814363e-05,-0.00023997592110291954,-0.0004445732286046944,-0.0008951629151912055,-0.0007815341719369373,0.00583931957846473
2014-03-21,0.0032431720620575977,0.0037647839335157585,0.003379854065252319,0.002356884884672672,0.0022044136598420305,-0.00387840527855543
2014-03-24,-0.0006411188051872463,-0.0009744640227521417,-5.427438621086189e-06,0.0006232512586816785,0.0005123375699322974,-0.004135496783776671
2014-03-25,0.004808570183124861,0.004410244882242509,0.0033582421246947103,0.0015579928902313966,0.0016847487114015625,0.004745952066824488
2014-03-26,-0.0014039457265191402,-0.0011983726896646063,6.930580148378773e-05,0.0017808954833713475,0.001562144891108952,-0.007192537997212534
2014-03-27,0.003358174023684768,0.003250718978094147,0.0027241380428801865,0.001401515246858942,0.0014126577908364357,-0.002108362620934612
2014-03-28,0.0023390061677714957,0.0018629183889218304,0.0009779129844733614,-0.0006655378734946593,-0.0005309606299297442,0.004930347026010251
2014-03-31,0.0026026045301357215,0.0018789694062248952,0.0016644019692277912,0.0008025607383090883,0.0009397109799884618,0.008194182483237888
2014-04-01,0.0006807487771012255,5.060309610405156e-05,-0.001180573444584443,-0.003116447327758176,-0.0031504678729286084,0.0066305897503950995
2014-04-02,0.00048679174625543276,0.0004477042714243762,-0.0003884806333004365,-0.0011842111639364106,-0.0011724686367998727,0.0033469961003840254
2014-04-03,8.530950605489807e-05,0.00021986237091153882,0.0009666901960416752,0.002066372035111508,0.0021363218005776563,-0.0013237298884191118
2014-04-04,0.00112169046873567,0.002078288114545135,0.0021356446556419773,0.002034151089610692,0.0020085799840443563,-0.011822398997665795
2014-04-07,-0.00104184690875464,-0.0006510826305548001,-0.0002970855619952584,-0.0005600119861366437,-0.0006104678915763717,-0.011051337177696574
2014-04-08,0.005021703935202071,0.005323963689617406,0.0043004170171900835,0.003330189064699729,0.0034568212597314574,0.004123313269783546
2014-04-09,0.00380048997688065,0.0032910584371150797,0.002785394262637464,0.0024551502136227477,0.002489009430763467,0.010750481311537774
2014-04-10,-0.0057285681277711165,-0.004328224520030455,-0.0030225076519544425,-0.00110666962278827,-0.001182484113421367,-0.021006179048483453
2014-04-11,-0.0021670966469949926,-0.0016178489504274918,-0.0010727524291134216,-0.0006900700403783544,-0.0007878168718834511,-0.00900839752510163
2014-04-14,0.0035187064545247893,0.0032891698389792,0.0025982068946628356,0.0018794297100663826,0.002018730311053041,0.007878819872266574
2014-04-15,-6.0984686601761595e-05,-0.0009083729353863701,0.0009010610782509421,0.002717736383570868,0.002704135063568369,0.006887468263998331
2014-04-16,0.005653301761301188,0.0051157995094592845,0.004012877402692405,0.0021169429837271103,0.0021417575038755743,0.010477768233737361
2014-04-17,-0.00106872969690619,-0.0013684970328552426,-0.0018371214744834496,-0.0017412090851718354,-0.0017276068277763956,0.0013967811473130087
2014-04-21,0.00011607138905822545,-0.00030158764995980025,0.00012390514726523527,0.000399234971847795,0.0003772849731993322,0.003486931276136751
2014-04-22,0.001255964212583116,0.0008910746240347045,0.0010325287567085617,0.00074057753313439,0.000745743418416378,0.004544798354272572
2014-04-23,-0.0008458105927913184,-0.0006526450998917133,0.00028962801570719954,0.001474531922639688,0.0014235010019649774,-0.002341856803230735
2014-04-24,0.0023103947029270433,0.0024654182109369316,0.0019839098805305433,0.0014904227746779242,0.0015443047325762738,0.0020273511852006987
2014-04-25,-0.003364808587360546,-0.0028720255985876797,-0.002331448634826705,-0.0016528040955536838,-0.0017139044886627097,-0.008199016577227547
2014-04-28,0.000675590055976949,0.00021945959949865035,-0.00042765671900302227,-0.0016329287360116185,-0.0016185029177929744,0.003167311278142515
2014-04-29,0.0026547868124575658,0.0024299118561437183,0.0017705700722325801,0.0008564396416286257,0.0009007667894078697,0.00465494433692748
2014-04-30,0.0013597994807532654,0.001007557234513845,0.0016702033648501313,0.0020472408913385642,0.0019477305773609732,0.0029825867628237024
2014-05-01,0.0019041647566655495,0.0017900175939145058,0.0021951008576397424,0.0016221691730307075,0.0015088421545692565,0.00010644601837617174
2014-05-02,0.0023439073642386177,0.0028769333218769955,0.002430394220376053,0.0019058959681539367,0.001897638108812938,-0.0014339311398428034
2014-05-05,-0.000710899812090493,-0.0006767328309760234,-0.001290346488420857,-0.0016978918593085757,-0.0016965262828624317,0.0019144874884786667
2014-05-06,-0.0009844784012518204,-0.0005752680831061507,-0.00045754837418854333,-0.0007328489317468545,-0.000721822632510638,-0.008704070461342694
2014-05-07,0.0018293372489655013,0.0010970404134214018,0.001319490893841202,0.0015190318907980505,0.0015441764764880794,0.0058892362193800896
2014-05-08,-0.0006669252953513949,-0.0007361079202754528,-0.0004904671556683615,4.170392616020813e-05,-1.2470208213710698e-05,-0.0010647007295715438
2014-05-09,-0.0011220677517702615,-0.001265088139094983,-0.0012608144709385094,-0.0011096427756284166,-0.0011526114840609836,0.0014926493016469422
2014-05-12,0.004205336208515931,0.003978212502381062,0.0020898095548287365,-0.00016995556371512954,-0.00010186080485952154,0.009735844682191797
2014-05-13,0.0016762284087399326,0.0018031070699608964,0.00238101067016383,0.0029804007202676175,0.0030048796537924805,0.0008955122722429376
2014-05-14,0.003320264935442241,0.0040645453537011544,0.00401626592975135,0.003830439874432434,0.0038005302942316632,-0.0047375068418644695
2014-05-15,-0.0026895088549628854,-0.0025281968723338544,-0.0010390287535436693,0.0002718775894381409,0.00013095397805629183,-0.008780329697021139
2014-05-16,0.0027136338144746475,0.0024658489614073353,0.0014004981471518185,-0.00013311584540864896,-0.0001059448123323925,0.0034685388071107326
2014-05-19,-0.0014367189719093343,-0.0015673455868999708,-0.0016587461519709246,-0.001075909039898293,-0.0010333953359166204,0.003669237366393352
2014-05-20,-0.002289382469626733,-0.001894496207542673,-0.0011140258415606175,0.00016581561525241817,0.0001433817630727141,-0.006304948992035708
2014-05-21,0.0013031636668001667,0.0008747118807097554,0.0005213337263643147,0.000638790863940919,0.0006691730303847176,0.00842411240334795
2014-05-22,0.0012732046689953869,0.0013125603735164582,0.0009944599352449401,0.0009817760305017575,0.0009641758682685797,0.002432289638870433
2014-05-23,0.0028539828911235965,0.0026068670085910295,0.002633903736822374,0.002184577985907099,0.002179078936286105,0.004008836392041415
2014-05-27,0.0002929827915350014,-0.0008205713769733336,0.000584459958633543,0.0009725014092443196,0.0009079588744658196,0.006146611414116654
2014-05-28,0.001232205202779113,0.0014954226725583109,0.002489946529706799,0.0036282474658255737,0.003565471791307173,-0.0007310665798302418
2014-05-29,0.001048244421104183,0.0006262535339374153,0.00016403530377329112,-0.00029027870766795694,-0.00028853246875826244,0.005172746411385765
2014-05-30,-0.0019610229842165205,-0.002401931161530202,-0.0018621699055764163,-0.0017720012519537587,-0.0018042957559193384,0.0016114360886043677
2014-06-02,-0.0012404482785344229,-0.0016308837362594142,-0.0023535091265892705,-0.003352023502246837,-0.0033248573467770104,0.0011418195775199091
2014-06-03,-0.0021129819321202836,-0.0021192269206810055,-0.003186901867852421,-0.003948165172652063,-0.003883271802120225,-0.0005181076686059383
2014-06-04,-0.0008529446068146207,-0.0011007214717071445,-0.0010606944731740287,-0.0013183728715334686,-0.0013002286273645636,0.0020227371685588302
2014-06-05,0.006549155708294396,0.006311398961406978,0.00497624925618978,0.0027889315339244547,0.002778437554235458,0.006521655785431291
2014-06-06,0.0025477826560365013,0.0024357006835766803,0.002152269965924436,0.001961536574233369,0.0020219295200838427,0.00478288679459804
2014-06-09,-0.001066532069824322,-0.0008838500123691251,-0.0007964386415433289,0.00010378908214869753,0.00013673806154224089,0.001023830253780833
2014-06-10,-0.0011767109834762701,-0.0009205477303412257,-0.0014710403248632264,-0.0016186223116292364,-0.0016270553206417793,0.00010229748453638443
2014-06-11,-0.0017720826790913469,-0.0015373081027969526,-0.0010357337809390188,-0.0002753575049061485,-0.0003188133964781015,-0.0034763207464056922
2014-06-12,0.0019142042217601407,0.0026711022435732534,0.002944414611892876,0.0032369130087910314,0.0033339809258365882,-0.007080116454106333
2014-06-13,0.0008767071394433223,0.0007800142681091415,0.000350766172952488,-0.0002816928555575693,-0.0002501416392604039,0.0030483737501536545
2014-06-16,-0.0006690745337935011,-0.0007460402410962574,-6.205394067826386e-05,0.0009263677380186852,0.0009407511394308177,0.0008242029171547927
2014-06-17,-0.0006345983165755298,-0.0008644099653229986,-0.00118073440463895,-0.0010334144829975411,-0.0010133811068281373,0.0027797921665508873
2014-06-18,0.006831505901375934,0.006676563673106983,0.006316252656250132,0.0054142414962106145,0.005414659868145932,0.007339585341001875
2014-06-19,0.0032304750543783456,0.003822775493970587,0.0016696029229019693,-3.8474485851591744e-05,6.411544264439684e-05,0.0011208956464496822
2014-06-20,0.0015230807522237377,0.001464132481955538,0.0020672211799632745,0.002636598121904088,0.002606525533608517,0.002030183725280743
2014-06-23,-0.0016930538020767383,-0.0015944746264502374,-0.0014898630165317561,-0.000973748579979894,-0.0009970462179073047,-0.0003063916031367242
2014-06-24,0.0004816506392908426,0.0010062216687483083,0.0017338408838534214,0.0024552367893146965,0.0024081431058831093,-0.006024150333951983
2014-06-25,0.0011543105973783607,0.0010918375107726863,0.001138067083173988,0.001355036404617982,0.0013744763501419843,0.004519904082990633
2014-06-26,0.0002911983029063592,0.0002971878409185891,0.0006065490838549348,0.0006195505359336551,0.0005556003216002914,-0.0007157208499759538
2014-06-27,0.0011914450054215653,0.0010009125865260149,0.0006707925607432053,9.148823818128093e-05,6.884835227216612e-05,0.0019442668952707187
2014-06-30,-0.0001039103493941651,0.00017270449113815367,-0.0003496362868549152,-0.0012057084274169627,-0.001272472471834818,-0.0005105209047684411
2014-07-01,0.001615062348875096,0.0009241260617895986,-0.000414924186625365,-0.0018560617560259285,-0.0018178727987343546,0.006692794050103812
2014-07-02,-0.0014259541784462648,-0.0016058050498710674,-0.002417069260986171,-0.002874070514555682,-0.0028180651676462665,0.001015339968403195
2014-07-03,-1.5554958192387502e-05,-0.0002875200022980362,-0.00026943896920295085,0.0006918002542772861,0.0006625620711482316,0.0049182685575224205
2014-07-07,-0.0010285261641354015,-0.0008160452415058028,-0.0005014801611171738,-0.0005315981041341677,-0.0006977824436144031,-0.003481584145737515
2014-07-08,-0.000842657576720196,-0.00033337116850351567,0.0004466476001514508,0.0006918831702551476,0.0005765578265679583,-0.006429943678821992
2014-07-09,0.0022119470840091804,0.0021346241299851076,0.0016619125199759388,0.0013163934375801656,0.001178812918486427,0.004484338194948423
2014-07-10,-0.0013750298899510849,-0.0009186475321502074,-0.0007180936127334503,-0.00032012315265461666,-0.0003253713305225725,-0.003956785970777199
2014-07-11,0.0006004382759867699,0.0005683802723948084,0.0007181433477290167,0.000538235664190978,0.00037762527007290103,0.0013750501256002412
2014-07-14,0.0006910301650144834,-0.0003763255008615296,-0.00021897600491571634,0.00012034371650759823,0.00022736422248259558,0.005035338489595809
2014-07-15,-0.0027970584276271193,-0.003115931593931087,-0.0028999796473676565,-0.0027564822353111085,-0.002865502835254996,-0.0018725820666551929
2014-07-16,0.0032303272652329795,0.0031183021937184474,0.0026520220852228604,0.0015225048956699627,0.0015568066031681482,0.0037013802943770546
2014-07-17,-0.0021160456084166057,-0.0007943317055881804,0.0005789700877731896,0.001582441044490901,0.0014817159290605453,-0.011366174142823482
2014-07-18,0.003503419390899598,0.002593094396551532,0.0013047058800743638,-4.127762954908576e-05,-8.315844779849257e-05,0.010219305087635355
2014-07-21,0.0004117449558245223,0.0007987379130456329,0.000847958935896953,0.000951658183373727,0.000987938416506129,-0.001871540474705613
2014-07-22,0.0020233345750595433,0.0016252672447176764,0.0010478652215293316,0.00016441698666080917,0.00012378269721535773,0.0043582517554003886
2014-07-23,0.0010946886455278637,0.0009471687835616027,0.0009673085302335238,0.0011084805301302403,0.0011553949481422077,0.002220184280944615
2014-07-24,-0.0016675192204249623,-0.0020729090882540824,-0.002213779150837869,-0.001992498119507524,-0.0019753622063775067,4.9885760668555434e-05
2014-07-25,0.0008008052850563274,0.0016686478825327367,0.0022016316776398703,0.002385616106090449,0.002356830107334229,-0.004681512216563655
2014-07-28,0.0010034911590197648,0.0008373066141991181,0.00012906967895220944,-0.0009520955186911317,-0.0009606293785747733,0.0004044354058139188
2014-07-29,-0.0020843930666332167,-0.0019288717450696158,-0.001122039737223135,-0.0004207461500915777,-0.0005040295734706213,-0.004296886719521664
2014-07-30,-0.004210157109932777,-0.0045441141875893765,-0.0047761808325993416,-0.004391614436825786,-0.0043428103112325145,0.00015217328273009478
2014-07-31,-0.010926926122622471,-0.010216998763558083,-0.008014380764204132,-0.005457601329370787,-0.005575541568695108,-0.01974815837710575
2014-08-01,0.0005702261756777016,0.001162731960653085,0.001300356005916603,0.001334092474893911,0.0011384320210079402,-0.003055596764832802
2014-08-04,0.003609046705821628,0.0031765514285095886,0.0024556114643379257,0.0018823621270187552,0.0020381035683387783,0.0072206341280074415
2014-08-05,-0.005992971730508945,-0.0053833493460737625,-0.0037506344420878968,-0.0017542426035506153,-0.0018699064724408965,-0.009696161093659117
2014-08-06,0.0006038925523248473,0.0010850772754633642,0.0007168587452131003,0.0004086569814962804,0.0005055005522531797,0.00031256557340952895
2014-08-07,5.1968186563833285e-05,0.00065777368526998,0.0013054210057992233,0.001665698165864704,0.001607312790835147,-0.0054144586556670316
2014-08-08,0.0033293525530699863,0.0026938048938995873,0.0017276969359121264,0.0011447552813832473,0.001116884233237636,0.011568568645820454
2014-08-11,0.003116859425441154,0.0029002852888777575,0.002058499558757587,0.0009185707489702821,0.0009477899420387015,0.002898226858028874
2014-08-12,-0.0020071249806994373,-0.0020718858776750393,-0.0023005598760980073,-0.0024071116356317868,-0.0024552807587215897,-0.0013934570590189432
2014-08-13,0.00538615489858163,0.004999566504181097,0.004294993859065066,0.0028776109184831533,0.002833613673138169,0.006769013466285001
2014-08-14,0.0014633995689041779,0.001194373333744947,0.0008815360371805525,5.577046310412115e-05,-0.00012861360939597777,0.004721431246402341
2014-08-15,0.0010250063337036153,0.001050179528965689,0.0019092536503642066,0.0024506540679691824,0.0024662682220668586,-0.0002038134468257402
2014-08-18,0.0015419636028075612,0.0006796223502356646,-0.0005588740172840501,-0.0016360052939746739,-0.0016729381452342817,0.008379412857567381
2014-08-19,0.001281553199290908,0.0009550324493359241,0.0005137490441504688,0.00038207392046074595,0.00045594163976026003,0.0052186473386373056
2014-08-20,-0.0003853346915937417,-0.0006272097262435272,-0.0008344779959769122,-0.0009043696473163276,-0.0008052186504733383,0.0026714527058806503
2014-08-21,0.0008297502090812703,0.0004422596958073566,0.0014979740843725775,0.002627432594811019,0.0026356972776040433,0.00291594585770949
2014-08-22,-0.0014454072677813068,-0.0010902370226827385,-0.0007364798187988741,-0.0003051031470572285,-0.0003272265621933057,-0.0015540107846271356
2014-08-25,0.002648144220331883,0.002391447961707538,0.0022413231999740546,0.0021306164217194112,0.002146074703267553,0.005070645484935188
2014-08-26,0.0010957532021464989,0.00118895485836501,0.0006166849647148975,8.132638063251818e-05,0.00010090602141499261,0.0006494274002246669
2014-08-27,0.002213872964723196,0.0023391400691166186,0.002164079120090978,0.0013141036484793922,0.0013051575143649963,-0.0003995387372321968
2014-08-28,-0.00029853434532445267,-1.969284737379784e-05,0.0006007173841837687,0.0012284291633892774,0.0012109995835649645,-0.0005492708229463128
2014-08-29,0.0010344881870720801,0.0008427571302518366,0.0007886885350318895,0.0006773734484508687,0.0007289883450096735,0.002848099377362301
2014-09-02,-0.005605407462533019,-0.006545606937211623,-0.006323999739609731,-0.005397236472182598,-0.005518371975467007,-0.0004979897707545478
2014-09-03,0.004182521135912554,0.004361559768161882,0.003420440721944029,0.001503381175122609,0.0015300605644819054,-0.0005488430806469546
2014-09-04,-0.004823228290253723,-0.0050270252347227595,-0.005136208580058921,-0.004328786205695323,-0.004323175246566224,-0.001446018400062865
2014-09-05,0.0029397332418472644,0.00277006124762047,0.0016517603749275356,0.0003294432550442483,0.00033441999227856734,0.004495057952925041
2014-09-08,-0.004858087197699423,-0.005011173684762338,-0.003979191900016832,-0.002562127508414669,-0.002598740427593782,-0.002585677176464629
2014-09-09,-0.004796660047614809,-0.004619162320635195,-0.004219236103851665,-0.0041924404447784,-0.004278694713631959,-0.006331027000293754
2014-09-10,-0.003457241672643163,-0.0038409097775022882,-0.003412759980772062,-0.002059391331781124,-0.0020881714162318543,0.0037622797932506113
2014-09-11,-0.00252116198813479,-0.0027820440992042395,-0.0020256761185118988,-0.0004638159678426179,-0.0005391042279845326,0.0011498056793890488
2014-09-12,-0.00961215880364108,-0.00952203370532001,-0.008088772607162564,-0.005097726180267603,-0.005158697185863703,-0.0058411840791467995
2014-09-15,-0.0009614364576114864,-0.0007572851607051678,-0.00027585569504040564,0.0005214490886822354,0.0005186642580676804,-0.0007536614243994766
2014-09-16,0.004835119219106954,0.004533228155938929,0.003400078170108012,0.0025104289285693415,0.0026684615984349236,0.00753910984745465
2014-09-17,-0.004218636313648272,-0.004647755716043145,-0.00427801157341956,-0.0036070918510024974,-0.003551971985153002,0.0013462822670711194
2014-09-18,0.00040754974419843215,0.00014680327151461725,-0.00014911347582402534,-0.0005938334120674238,-0.0006785052831667082,0.005330107765077807
2014-09-19,7.922974342755573e-05,9.1726079804344e-05,0.0011475698190046568,0.0017184465388324632,0.0016220700369047325,-0.0009010867503815856
2014-09-22,-0.005141667790159676,-0.0049115507544690296,-0.003657541934113717,-0.0026030938579840734,-0.0027347834820615757,-0.007722646995726223
2014-09-23,-0.0017670996231780034,-0.0010405615078212804,-0.0002363266920251128,0.000747416587570493,0.00066986571857508,-0.005724742110058689
2014-09-24,0.0021120635344025196,0.0017007650073910252,0.0009188511461031279,0.0010425052063478546,0.0011414474423576682,0.00782840546472463
2014-09-25,-0.005284224321458031,-0.004258265815645257,-0.002303809608607099,-0.0012339893534472068,-0.0013704800699083641,-0.016135645344369953
2014-09-26,0.0025933025489652817,0.0018877846941651732,0.0005882163758217374,-0.001252396096516839,-0.001169969712425778,0.007945223622903841
2014-09-29,-0.002370482760776449,-0.0020976572543547345,-0.0008328086623649034,0.0005248926283205613,0.0005938654846295854,-0.0018190891826750377
2014-09-30,-0.0038152411383395313,-0.004083350576889466,-0.0035377872994266646,-0.0026736007708610954,-0.0029137814530403316,-0.002632664751705094
2014-10-01,-0.002049002315159698,-0.0012680971919387662,0.001077077521681069,0.0022414208687211445,0.0021176430243243782,-0.013551143439892721
2014-10-02,-0.002593221985010663,-0.0024950498149836076,-0.002462228093157437,-0.0012660233957371148,-0.0013676329208668347,0.00015396938522815873
2014-10-03,0.0017005556008917733,0.00037177873339167,0.00044439938237239573,0.0016236404208540556,0.0014255485037220073,0.011009553041502196
2014-10-06,0.00458985530769751,0.005286670305369112,0.003874229474949642,0.0012059860612081419,0.0014017701951212214,-0.0011704222953207166
2014-10-07,-0.0042204414515011335,-0.003148143181712637,-0.0012773078802627014,1.1962603525761395e-05,-7.96743143817169e-05,-0.015436582847562108
2014-10-08,0.010452007096923177,0.009535082989177601,0.007911946530068548,0.00674791367391947,0.006615268426159782,0.017489277646295376
2014-10-09,-0.009986403275904943,-0.009035469084928915,-0.007556593173782877,-0.006151192503665803,-0.006299117051276393,-0.019833091482107545
2014-10-10,-0.004550981853886915,-0.004034707275594518,-0.002114455619054656,-0.0007863995746796304,-0.0008660654129764023,-0.01141412991762003
2014-10-13,0.0006219323671603494,0.001714988082030855,0.0017327715871959803,4.3714556657192816e-05,0.00010732353044251575,-0.016427375358488483
2014-10-14,0.002699992322824585,0.002095668613335544,0.0010381676351001179,-0.0009061819783114933,-0.0010748030056995095,0.0015478487657498707
2014-10-15,-0.0032433298545657685,-0.003005862083848454,-0.0020323923980044567,-0.0012354479499824267,-0.001386286862730568,-0.0067662836523008085
2014-10-16,-0.0020783403934379052,-0.0017393284971812806,-0.0013864273069100763,-0.0007907120138463952,-0.0007081082170691255,-0.0008584469244464765
2014-10-17,0.0046909737965412646,0.003954102299918993,0.002740877125244401,0.0018980028074637723,0.0019798036314937484,0.011811194009162751
2014-10-20,0.005073315116982613,0.004460045458867468,0.0032880721164063598,0.0019430301417235896,0.0018198359354286708,0.009709400961390058
2014-10-21,0.00568428776530161,0.004748629336817967,0.0033342440766499504,0.0028458544934080177,0.002895580235089179,0.019811079957930966
2014-10-22,-0.004119199476374735,-0.0041782807544591405,-0.0034540186924250094,-0.0027428769866976177,-0.0028614564302716916,-0.007110998128740165
2014-10-23,0.0027953478845990087,0.001976945494285731,0.0011822312952678438,0.0006180255106313925,0.0007683921478083278,0.01162492426794759
2014-10-24,0.0019091565515674258,0.0013807342694738267,0.0007934794531005984,0.0008412746914840952,0.0007491328354634064,0.0076951964292366615
2014-10-27,-0.0008376864184181931,-0.0009980703509017141,-0.0004965819096998114,-0.00017773836927181819,-0.00023769136583651207,-0.0013745502995481385
2014-10-28,0.005833843133936645,0.005340792945980333,0.003214005644800677,0.0011421149894901284,0.0012700456372205515,0.011470415533874734
2014-10-29,-0.0019929710378863152,-0.0019685293847055974,-0.0013524394698068987,-0.0006739916205479313,-0.0005582824317806878,-0.0015123070846541076
2014-10-30,0.002283672039245843,0.0013403153222117936,0.0008353222121848525,0.0006482964162339844,0.0005473056653988451,0.006410740235444301
2014-10-31,0.004180521010727745,0.002478128196393481,0.002218347909154428,0.0021741205256975427,0.0021903783119106013,0.011435158827912906
2014-11-03,-0.0019819670779008813,-0.0023959916869685793,-0.002013595158719128,-0.0012105710581632456,-0.0013690899673185486,0.0005455638876681324
2014-11-04,-0.001633387008290077,-0.0016811695439903351,-0.0015059186872281582,-0.001203372526031421,-0.0013882353400428427,-0.003469341537645776
2014-11-05,-0.0016175032925123123,-0.0026038743676433107,-0.0013555721833130585,0.0010221104929721836,0.0010211804102171484,0.006316274321023441
2014-11-06,-0.003444700164164649,-0.0035045429524542815,-0.0029043038748556294,-0.0009821617376383207,-0.001012700171376113,0.004003298551297885
2014-11-07,0.005662805387440795,0.00678528655826427,0.006207523654252256,0.005057845979382858,0.005042290805735705,0.0009351847821992276
2014-11-10,-0.0019481093933529925,-0.0032493454469388894,-0.003512967760371355,-0.003271642124757612,-0.0033328256287782354,0.0031474077527717803
2014-11-11,0.0017730237831752316,0.0022559143201013043,0.001575014373276229,0.0004050393188186341,0.0004971123505619346,0.0009806440050998955
2014-11-12,-0.0033294574719449077,-0.003289736896682549,-0.0025783579114772026,-0.000995637375606484,-0.001070912872034091,-0.0010776607102699343
2014-11-13,-0.0001588641381556899,-0.0007105517559182761,-0.0012134577057816287,-0.0018471007621370106,-0.0020245059742773908,0.001127819343449632
2014-11-14,0.0035947069895858608,0.004831713413172345,0.0037760426062818375,0.0022108443200785644,0.00231880481103941,0.0002447951244015645
2014-11-17,-0.002381008866793821,-0.0027417511659906246,-0.002596895781044384,-0.0023715540049921158,-0.0024175598889546457,0.0006366207732815266
2014-11-18,0.004127632099175216,0.0038908326040456576,0.0027785091749581436,0.001364129804229286,0.0013253423906773865,0.005773930550871054
2014-11-19,-0.004932998124948518,-0.00525045325649709,-0.005092316269445396,-0.004211724383607618,-0.004228741734273567,-0.001605355462207303
2014-11-20,0.002528663706330425,0.0030423378167023785,0.003202974322277674,0.003249994390392974,0.003261191973127575,0.001753841307999826
2014-11-21,0.008681938451237547,0.00888026965275257,0.007049458193705949,0.004399071098489138,0.004501813307132618,0.0053508873616616714
2014-11-24,0.00023532360453715206,-0.0003406692933878297,0.00012073787205291175,0.0008281031516637061,0.0007331558463710142,0.0028062575093787956
2014-11-25,0.0009561620527434034,0.0009068756010774948,0.0014177643854202948,0.0014529992271716807,0.0013939990641544941,-0.0007238659045805118
2014-11-26,0.0039054465727532683,0.0035910940061845142,0.0028872718987096313,0.001754782041659686,0.0017180750719609783,0.0025591774470952178
2014-11-28,-0.007607952670457108,-0.009345318726851182,-0.0067549134119219145,-0.0025194606945779796,-0.0030825265499822008,-0.0021192274311224724
2014-12-01,-8.437536594629869e-05,0.0017918417543227871,0.0006615364491870945,-0.0022035341316434254,-0.001907277153435638,-0.006949404889971311
2014-12-02,-0.002811791128410124,-0.004147019724692225,-0.004995934657324286,-0.004812630162057685,-0.00501279595126658,0.006463615262509492
2014-12-03,0.0015831070754654952,0.0017353727567741561,0.0012727827425216276,0.001202925270173738,0.0010899791022656036,0.003862681038788063
2014-12-04,0.0007297241878689853,0.0006641656432397891,0.0009587613011030616,0.0009684616488929709,0.000904297735648818,-0.0011059629163789886
2014-12-05,-0.003193115001305591,-0.003787594215091228,-0.0039001480214336803,-0.0036233188997704113,-0.003595667982455142,0.0016375246552249312
2014-12-08,-0.0012441696638026967,-0.0009022766508151037,-0.00017078680757331988,-0.000263270688328765,-0.00048247823978786464,-0.006683166062182999
2014-12-09,0.0021450751903440146,0.0030188480721640154,0.0029232180575693434,0.002299657854918591,0.002314446948458171,-0.0006774161415455948
2014-12-10,-0.006031734233209907,-0.00554569524052273,-0.003975383160197965,-0.00315976158631992,-0.003303409151128478,-0.016031414551766043
2014-12-11,-0.0005593170265749681,-0.001094541815585548,-0.0010128633668426978,-0.000527939688044321,-0.0006576803655512498,0.005069937007047498
2014-12-12,-0.006663627506667158,-0.005828158737370748,-0.0037513067470037464,-0.002364466620720318,-0.002472376275256094,-0.01616166339151226
2014-12-15,-0.009854407947347932,-0.010441921669196108,-0.007518636037811888,-0.0028693933293345575,-0.0030783464431226593,-0.0068690342659309955
2014-12-16,0.0012852301890489137,0.0017014130548571593,0.001862824569642374,0.0006127989551636404,0.0006180598810361371,-0.008019988617354978
2014-12-17,0.008322240667486769,0.006938705806345924,0.0043140391356475405,0.001988765876031362,0.0020153258462969337,0.01960502013604981
2014-12-18,0.006075922308946602,0.0048150586116992855,0.0024635148393123973,0.0020908794126834884,0.002032020137004098,0.02472831895113048
2014-12-19,0.004290117012837991,0.004395401794727416,0.0041685489533940245,0.0033903881636245803,0.0034924723095441923,0.004255096297278493
2014-12-22,0.0028711229025177865,0.0014774972029385491,0.0012836694480145017,0.0013312326230929816,0.0011239513175702598,0.0046002264647060365
2014-12-23,-0.004521960557892446,-0.004481619306917262,-0.0050106170701303965,-0.0047945194243016465,-0.0046539921828595565,0.001349645662364507
2014-12-24,0.00014338433826588393,-6.390556526314484e-05,-2.2034057191810952e-05,3.656190107559354e-06,-0.00010721012454195655,9.594305801741143e-05
2014-12-26,0.003947822199590556,0.004390929508728547,0.0029380433093766367,0.0009529560382195434,0.0009307125776707448,0.0032248533941334756
2014-12-29,-0.0007032375945965619,-0.0012528300342768972,-0.00031109419917929593,0.0010091890404533288,0.0008388621336441471,0.0013435423646557254
2014-12-30,-0.0005956503693087534,0.00024966887788768766,-6.8687006818835e-05,-0.0008567401635871663,-0.0008897792289533912,-0.005366073669650917
2014-12-31,-0.005729690822690814,-0.0055166982336584125,-0.003628869696608583,-0.0009485447936616875,-0.0010103877996318067,-0.009923177637853442
2015-01-02,0.002070585526881441,0.0011044927979919628,0.0025896917033305655,0.0033084195473114253,0.0032000145625858956,-0.0005352031561078885
2015-01-05,-0.004133569049108665,-0.0035201587740699702,-0.001615826543233334,-0.0017250695577982755,-0.0019237998125695155,-0.018059358162253125
2015-01-06,0.0010878001608811694,0.0012138474744864958,0.0016097193794177844,-0.0003170032712492832,-0.00044923204439828446,-0.009418828811330271
2015-01-07,0.0066668120679553855,0.005285214276689931,0.003919711303602691,0.0026615238378993045,0.0026616900184828207,0.012460782712212515
2015-01-08,0.004379406592939672,0.0035578683386989773,0.001576383977226481,0.0012127601743037175,0.0013324267888905617,0.01774508492466742
2015-01-09,0.0005632338856846886,0.001254593310198615,0.0016813574729899194,0.0008178859570524555,0.0007538405862002051,-0.008013741123020113
2015-01-12,-0.0009288958544024783,-0.0013526854924545972,-0.0007497943976808585,-0.001533565279010718,-0.0017010424741606966,-0.007833562438550157
2015-01-13,0.00018916380318545478,0.0001328329617953372,-0.00015675771716971987,-0.000907239435053997,-0.0009425568895675696,-0.0028123541214361003
2015-01-14,0.0017813202851317822,0.002107474567409451,0.0028938014269135337,0.0024747335515540314,0.0024981772833490012,-0.006037397033105463
2015-01-15,0.0042478862055452815,0.00496251864697328,0.005073280158074178,0.0031932050884788676,0.003046944253693562,-0.00916062800599493
2015-01-16,0.0051342534898106695,0.0054639439021151315,0.0020310471573290467,-0.0015954022292210546,-0.0013877073229596748,0.01311447746755845
2015-01-20,0.0017016981938484665,0.0017521987748703172,0.0017790852789740796,0.0016914366596674224,0.001603772348652166,0.002132578259355533
2015-01-21,0.0022952739754233953,0.0025519149241759465,0.0006937625117471313,-0.0007464333061574235,-0.0006861032723621818,0.005047981237190635
2015-01-22,0.007368921959951535,0.0065873508399563185,0.004406656058842273,0.002351652087360989,0.0023993806388127314,0.014871036844666508
2015-01-23,-0.0008279262531597498,-0.001098301762150533,0.0012483896522266225,0.003558425991983416,0.003446224932994957,-0.005483047582785727
2015-01-26,0.001717056294509911,0.0006915925764932052,0.00040449359184169253,-0.0005028997264571178,-0.0004997102960798694,0.0023418855490746626
2015-01-27,-0.0005334237148424403,0.0006458329444996025,0.0008867809861703435,-0.0004637730105148119,-0.00048152671104295663,-0.01319028623655727
2015-01-28,-0.004250364207826651,-0.004333871173874071,-0.0012495149600938449,0.0015480130811844628,0.0013516847003898214,-0.012824638730443594
2015-01-29,0.00036199083287224987,-0.0012824508845025173,-0.0011224120120320036,-5.033484406602451e-05,-1.2074127375916177e-05,0.009243702520560948
2015-01-30,-0.0025221039390841415,0.00021471198771649824,0.00264284143213267,0.004975520810688083,0.004973262460203687,-0.012574850627978917
2015-02-02,0.004431914929636793,0.00424428212165795,0.002936356792261341,0.0026133509289547607,0.0027274202677571857,0.012383873401226042
2015-02-03,0.004152550436280267,0.003993025141187712,0.0008515287421375639,-0.0016224946386006467,-0.0013345339851987825,0.014461075655772815
2015-02-04,-0.0032589395754377692,-0.003596273681840456,-0.0022063364293913867,-0.00011235673357112841,-0.00026893808265082697,-0.003807742677650272
2015-02-05,0.004461800367773883,0.004143429385592867,0.001855222748572416,-0.000806036453506298,-0.0006579340179505566,0.010094963119084088
2015-02-06,-0.013844901447163549,-0.013671976340340897,-0.012192536369405205,-0.007603632125363413,-0.007507875686400434,-0.0027652772944429804
2015-02-09,-0.0017426242724442043,-0.0007294568941472734,-0.0007570414229380873,-0.000809358568462426,-0.0007779725784802238,-0.004475895821736353
2015-02-10,8.409158639666181e-05,-0.001340055071372248,-0.0017559989870257198,-0.0011208100434968449,-0.0011254388784209812,0.010653356388177215
2015-02-11,-0.0030388438902073656,-0.0037814378920038028,-0.0025834677453390187,-0.000689956547819004,-0.0007438008454322409,0.000580329448838901
2015-02-12,0.008172993185463717,0.00810600216166657,0.0057300274307940935,0.002588540196640343,0.00269242429604577,0.009616615523383443
2015-02-13,0.0009209446222013806,0.0016900851940884198,-5.72655138603162e-05,-0.0012206312601086289,-0.001100523759376304,0.004116596310421938
2015-02-17,-0.00404108726599417,-0.004635311066551351,-0.00460516144811407,-0.0035295366863721256,-0.003474007784562305,0.001572893190936453
2015-02-18,0.002976784999025872,0.0022432034025401393,0.0027569355570975507,0.0025956969615394954,0.002497809779619331,9.58325585402875e-05
2015-02-19,-0.004871119269844737,-0.004442469249954839,-0.003488438312650999,-0.0006367393075678018,-0.0006549204652390728,-0.0007141039261649995
2015-02-20,0.0040208167434721,0.003034392198966618,0.0024995879676517063,0.0014998829197814256,0.0014911407047490943,0.006000630598896439
2015-02-23,0.001224745470548294,0.0006208813902881527,0.0015577855736335078,0.0017801503652339346,0.0017056377498199105,-0.0001422802140167434
2015-02-24,0.002568770948125243,0.003113505574983133,0.003761600087425654,0.0054577732264895484,0.005412748109960619,0.0028410238846119373
2015-02-25,0.0018663294236989092,0.002573523062727956,0.0023144809450867943,0.0014557650513535858,0.001529113124433934,-0.0008499885357077241
2015-02-26,-0.0046810931716771975,-0.004373226314959844,-0.0044014182323880435,-0.0029204618228885204,-0.002920542686187466,-0.0011812723681686732
2015-02-27,0.0031917893237394246,0.0035624509894451872,0.003903053161192549,0.003094976512231673,0.0031241661824226163,-0.003406259225267161
2015-03-02,-0.0033876492934847846,-0.004563611434867165,-0.005789049844668215,-0.006116340188220271,-0.006091808278175348,0.006313432360723237
2015-03-03,-0.002541063775377883,-0.002107541762063958,-0.0012866250602693308,-0.00013528344069935194,-0.00011412194375359785,-0.004103774053489051
2015-03-04,-0.004412987001759627,-0.004454928123855506,-0.003059526754590758,-0.0009465744262018294,-0.001006940121106803,-0.00421597097268589
2015-03-05,0.00022603197353276983,-0.000159265325035296,-0.00011631845390902562,-0.0001514601120929937,-0.00018071405564512588,0.0010941521818768063
2015-03-06,-0.01803593803048642,-0.017811992474534133,-0.015937444945156254,-0.011661798397888723,-0.011685150125109067,-0.01406448354522305
2015-03-09,0.002868847717818701,0.002204358105140969,0.0022268498404038883,0.0015667562020367232,0.0015260228462121717,0.00414458941679019
2015-03-10,-0.00708729716059564,-0.00707645923171385,-0.004177293035103391,-0.002217087705139953,-0.0023770486177555616,-0.016221968935583808
2015-03-11,0.002326254156707064,0.002428456279468527,0.002781868526055886,0.0024763391256683587,0.00245082683426201,-0.0023413209808674784
2015-03-12,0.005920971115757956,0.004515530630316622,0.0028448521937016746,0.0006917516501501186,0.0007271284328642658,0.012713905289097438
2015-03-13,-0.005227390271522747,-0.005736417481427836,-0.004931612248147199,-0.0042080292235539,-0.004316429237293473,-0.006132333345256091
2015-03-16,0.007496055971192517,0.006455163381150264,0.005020534222968331,0.003202986826079224,0.0032401681188365394,0.01336086560811367
2015-03-17,0.0006991350206786429,0.0005296613701861741,0.000665197011025187,0.0002692541983113639,0.00020347420540489658,-0.002972937834353706
2015-03-18,0.018473976307494366,0.01909923471815178,0.017453751137404883,0.014003013547411847,0.014091713872942169,0.012021457466143026
2015-03-19,-0.006328991640947579,-0.00681940961843619,-0.005563048805028226,-0.0036539453762794993,-0.003720896759442427,-0.004561328393086539
2015-03-20,0.012266108532303921,0.01193725842015625,0.009310807707732627,0.00431174268830925,0.0044066773628608225,0.008827098455107762
2015-03-23,0.001705554538415921,0.0024866567373535986,0.0019319770300798567,0.0008229084848607737,0.00086163293700392,-0.0019484150728942273
2015-03-24,-0.0005756280805500058,-0.00018411612021684842,0.000594908710023212,0.0012404314340683786,0.0011635546795134566,-0.00561932854252134
2015-03-25,-0.008126037817687504,-0.0068313133342569055,-0.005477140805241976,-0.003782828359641943,-0.0037861116965175468,-0.014653662169355264
2015-03-26,-0.004993198762946571,-0.004005029241027858,-0.0046202825043087925,-0.00451024996023397,-0.004401987023620824,-0.0023814271562958567
2015-03-27,0.0015397584225185224,0.0004280878629712159,0.0010388101831975138,0.001356573879625289,0.0012180718679117852,0.002289724461670195
2015-03-30,0.004741122563570288,0.003724079696227678,0.002490418402465444,0.0017409244973389804,0.0017902767713844359,0.012199876966115353
2015-03-31,-0.004983583510081768,-0.004610216668228362,-0.0028211839509520997,-0.00030299975247871647,-0.0004253492097995304,-0.008739677792767075
2015-04-01,0.006461891598050995,0.008158992048592717,0.007028055504888275,0.004056345405925477,0.004225855298913839,-0.003536225846636709
2015-04-02,0.001868405803304718,0.0012051102920485057,8.943383136994498e-05,-0.0016141728418326284,-0.001635003969092108,0.00359714352794005
2015-04-06,0.006740647265753852,0.007225291179256299,0.005794663947178869,0.003655889467847784,0.003828842430634971,0.00673323106362278
2015-04-07,-0.0020961948475209935,-0.0014049848315131896,-0.00020421536974624122,0.0019523263517413625,0.001919251236726316,-0.0026462723619085082
2015-04-08,0.001492429530536965,0.0003216484905452788,-0.00018355654732571391,-0.0010312781350289013,-0.001234863403235753,0.003377104768147454
2015-04-09,-0.004077777494498225,-0.00363483810434595,-0.003959254429572123,-0.002625606302369299,-0.0025423029932706287,0.004423129978353479
2015-04-10,0.002820851753809972,0.003454139905743059,0.002516481965898043,0.001437300374947048,0.001577481537026415,0.005457707870098583
2015-04-13,-0.003185319769189232,-0.003355140288649694,-0.0023970489315301435,-0.0009752234761742917,-0.0010568881419293907,-0.004523344110288319
2015-04-14,0.0034240789388975124,0.0031047256622633856,0.0030281311359805496,0.002425984414976101,0.002423534481612144,0.0019133080500723931
2015-04-15,0.0031679426468305127,0.004538205493635594,0.0036168781465490962,0.0028449311693281576,0.003087819643461165,0.004487288153076419
2015-04-16,0.001391602019191529,0.0018168960940423418,0.001285014038840071,0.00047448751102074915,0.0005871976763203168,-0.0002851728804873499
2015-04-17,-0.003422694592965514,-0.0027210881671499987,-0.0007585298669569029,0.001442518482115629,0.001341762045817596,-0.011503447135170708
2015-04-20,-0.0007677406427273326,-0.0017144816140850505,-0.0017720509023185782,-0.0004880758415153341,-0.00048374094549341606,0.009136549629921609
2015-04-21,0.0008122364744072019,0.0006209296497297068,-0.00012898918217474353,-0.001942033757161954,-0.002002446340094499,-0.0011913440102668815
2015-04-22,-0.0013139011251896981,-0.001745049728156256,-0.0028050048944132655,-0.0033927599044070167,-0.0032658871996434913,0.004914079505500046
2015-04-23,0.004420246924896176,0.00509236206217456,0.00428606299240708,0.002816709747809565,0.002936214054640063,0.0025160974531335256
2015-04-24,0.002098442703110104,0.0013109602633691875,0.001963085300780598,0.0028564864348250563,0.0027831113056069334,0.0023206148196579512
2015-04-27,0.0015716055634458215,0.0025326651825559043,0.0015240580312547714,-0.0009788577039382407,-0.0009226238896367089,-0.0041575299543399336
2015-04-28,-0.001539147100753091,-0.0011377256688669402,-0.0025370008263876365,-0.003975520219150597,-0.003815825069594103,0.003178435744021657
2015-04-29,-0.00851298135819456,-0.007492045483556975,-0.006888991671233469,-0.004513301491009369,-0.004334082199033418,-0.004114430287439519
2015-04-30,-0.007143216203390201,-0.0064330713815612395,-0.004278697654814145,-0.0006309112776267112,-0.0006513649708039804,-0.010020182026014068
2015-05-01,0.0019288875460030663,0.0009774665622204193,-0.00048517433022765566,-0.0018469850022326817,-0.0017326727738565806,0.010841316012094593
2015-05-04,-0.00012664203667778207,0.00015183429339216126,-0.0010019972778854136,-0.002272651395395453,-0.0021845008303287283,0.0028472807090274
2015-05-05,-0.0075542395042540456,-0.005656161660481218,-0.0046467862101210455,-0.0027114404935066894,-0.0026243737137346956,-0.011452256432098129
2015-05-06,-0.005158503378285828,-0.005017827452491352,-0.005293960500350914,-0.0056385655779376265,-0.005575842427733013,-0.004116478405941537
2015-05-07,0.0026480873192060717,0.0007727175584801849,0.0017477267333521063,0.0028438550110165828,0.0025846009928498503,0.003989490305264409
2015-05-08,0.010484760621241929,0.009633824121927148,0.008498929020801738,0.0064740135609258065,0.0064968412719577096,0.01316627326510611
2015-05-11,-0.010337601179864264,-0.009796685738915456,-0.009851320579734812,-0.008540181343640985,-0.008439316158355359,-0.004772620498717073
2015-05-12,0.0010779351530945114,0.0019204661489793384,0.001244688846987474,-0.000419196171950742,-0.00026353366084475027,-0.002991276259242115
2015-05-13,0.00014904189069842033,0.0011518720857641718,0.00030159726258571773,-0.0008978445111322841,-0.0008134523523276593,0.00019031834048721663
2015-05-14,0.008629990358170803,0.007896417118434362,0.006565692336105267,0.004172467050121531,0.004234407005906382,0.010427775761314484
2015-05-15,0.006380025803302436,0.00602024675597046,0.00630130150027286,0.005631240523746639,0.005512978420071812,0.0010836323418497162
2015-05-18,-0.004793338931136204,-0.00494977660832141,-0.005305743725415479,-0.004572488358547622,-0.004455674371316443,0.0031068764996464715
2015-05-19,-0.005399701074688346,-0.0067218967331991175,-0.00617188494854104,-0.004649744721831439,-0.004836317548881475,-0.0003285476021203104
2015-05-20,0.0004965962767653487,0.0004843517085115767,0.000877751220042633,0.0013306528756276137,0.001286299294261939,-0.0007041879630217407
2015-05-21,0.003157773520981566,0.0034220925071408725,0.0038049773133763676,0.004259640599212577,0.004310665425001581,0.0029124700507057177
2015-05-22,-0.0017417534765069576,-0.0019958350720441498,-0.0013906096197225937,-0.00035377857094287535,-0.0004764476093138681,-0.002388899546227119
2015-05-26,-0.0067860575311282645,-0.007579685376450818,-0.004615179386237456,-0.0005553931161362824,-0.0009300903069978661,-0.010751483977122556
2015-05-27,0.0035574636050899056,0.0019271642822495938,0.0016893831395041747,0.0014164025031022653,0.0012874402570035581,0.009492128777681685
2015-05-28,-0.002199856664464983,-0.0019080916472373755,-0.0016806580470343224,-0.0011306657872360848,-0.001040179381011641,-0.001128085667069345
2015-05-29,-0.003373572117953083,-0.0020169990106974067,-0.0010883213260723945,0.0006264920606815494,0.0007312967381243318,-0.00621290650283346
2015-06-01,-0.0014167807414274813,-0.0020259705665086614,-0.0030128251101723125,-0.0043240936090851445,-0.004244826875116736,0.002036271200524631
2015-06-02,-0.001900772500343817,-0.0007430043404873521,-0.0019954389273294515,-0.003456214025953419,-0.0032291529119203854,-0.0009927707064752989
2015-06-03,-0.0058709812439565745,-0.006478860357391314,-0.0063133800479503455,-0.004803872844631796,-0.004843416327330208,0.0026497583780238365
2015-06-04,-0.00348145146909018,-0.0038261570899574826,-0.0015528756051573778,0.0012466581064605187,0.0010043311619789552,-0.008446265659388552
2015-06-05,-0.0061346136097836235,-0.005440494506022353,-0.005134561146463157,-0.0032521728042719245,-0.003137123561076871,-0.0017140049979559313
2015-06-08,-0.0012744554908272754,-0.0007276279268498831,-0.0005645301684656934,-0.0008614608489917464,-0.000858255072241132,-0.006149240326847827
2015-06-09,-0.0027107754967300446,-0.0015259401527721872,-0.002133609776456713,-0.0022005790899961575,-0.0019424902977797087,-0.00014387604536181264
2015-06-10,0.006431048153352048,0.006015467285388709,0.0035221086436660887,-0.00012252646621158103,3.925908431567926e-05,0.011993189651856362
2015-06-11,0.0040356838443651455,0.002796062748623207,0.0042180927552391,0.005726564440415638,0.005469092194378078,0.0032236739037245776
2015-06-12,-0.00328846503177338,-0.003253493782819472,-0.0026381330468391306,-0.002177573349875561,-0.00228893272131081,-0.007654793468220067
2015-06-15,-0.0028701107597540743,-0.0025558863259971254,-0.001448420291753183,0.00029496634250358866,0.00024403173820752855,-0.004285973369921536
2015-06-16,0.0036580340218925755,0.003117721873786339,0.0035488954525544347,0.004427391467457964,0.004421930597023005,0.005452050939281028
2015-06-17,0.0015157137886112615,0.0016595205137328595,0.0012193994822611298,0.0008136223790475849,0.0008655192764466246,0.0016168969713423742
2015-06-18,0.005693521649719369,0.005209003141804169,0.0031992285287780753,0.0002853498457127124,0.0003953272771932692,0.010399465473255987
2015-06-19,-0.0014958400625956214,-0.0016951379352074802,-7.981185047656325e-05,0.001878469683270767,0.001665213655328568,-0.00443925475973983
2015-06-22,-0.0009930394449735314,-0.0011977800226428137,-0.0025691912619224544,-0.0037522077286995525,-0.003598370831222608,0.0051232797602625
2015-06-23,-0.0004865852228981282,0.00019706306420319564,-0.0005893557937207694,-0.001282331888240451,-0.0011304063969856948,0.0007078316934296947
2015-06-24,-0.0030526118738571917,-0.0029591894544669373,-0.0015273881968410619,0.0002051132796472288,4.730365327509922e-05,-0.0072625935562877775
2015-06-25,-0.002986865964109242,-0.002510896534869911,-0.0022381551157252266,-0.0015976154000220122,-0.0015719847479367388,-0.003040603780514184
2015-06-26,-0.0018997381314396211,-0.0019064760125367952,-0.002568800409016858,-0.0034554387926456487,-0.0033225193167994993,-0.00019046471209527294
2015-06-29,-0.007338277068443699,-0.0057942015758788434,-0.0021799665085526776,0.0021931646075292743,0.0019258041215586275,-0.0209704612679813
2015-06-30,0.001121433521368731,0.0021394113042365603,0.0008150378639815159,-0.0004868896401244438,-0.0002287987987031892,0.002093532563126832
2015-07-01,0.0009344786778429093,-0.0006915883881342122,-0.0011385989750337666,-0.0015596505739325917,-0.0014924066271562175,0.008015228863714752
2015-07-02,0.00181401989640384,0.0017211478345697806,0.0022931697278465446,0.00289870454896346,0.002827176344349036,-0.0009157026959779602
2015-07-06,-0.0042219152652344105,-0.005335313567509381,-0.0025879414272705903,0.0012321410827429435,0.0010784376667059004,-0.0028459414061123844
2015-07-07,0.002367849040101122,0.0008776989034815497,0.001960615367543994,0.0038623445212424556,0.0038166180549121798,0.006288732428034072
2015-07-08,-0.008469359215675154,-0.007482469064316377,-0.0052085696109600566,-0.0024923069215432303,-0.002630975995487561,-0.016777091001934363
2015-07-09,0.0007970202791565129,0.001210582150696915,-0.0009913694527025063,-0.0042453627453166165,-0.00411403101390595,0.0018087841192799825
2015-07-10,0.0072700368041498376,0.0062507166172480755,0.0032272577839518313,-0.001589369078241365,-0.0014245004651910476,0.012591377904167755
2015-07-13,0.0019360878447600705,0.0011514134766033024,0.0002762692689946,3.366072015920096e-05,0.00014339339462621226,0.01103712685392133
2015-07-14,0.002515952682533573,0.0018923658162046664,0.0018375897019888843,0.0017071868993281392,0.0017028691079050695,0.004338335178598163
2015-07-15,-0.0008460573131835458,-0.0015445704353186374,-0.0002730492897289327,0.0015653384665677006,0.0014821401837163961,-0.0003321028241770607
2015-07-16,0.005329996716598284,0.004374811801573619,0.0036948621145826976,0.0025159643301428947,0.002534779158565925,0.008024298919885764
2015-07-17,-0.0011668106285249724,-0.0016855223739384861,-0.0011183230473179595,9.21580389234844e-05,6.001122280241411e-05,0.0008477576706165113
2015-07-20,-0.00402799835597234,-0.005821365033485182,-0.004675868809078221,-0.002379507645809631,-0.0024579322874628273,0.0005177501477839908
2015-07-21,-0.0002926138280363588,0.0001169807405576595,0.000558974366211773,0.001027630467341778,0.0009731422703982417,-0.003951150229281386
2015-07-22,-0.002521411666781881,-0.003282733546284944,-0.0020163138322067953,-0.00021789936890181938,-0.0002893126249814415,-0.0017945607772955618
2015-07-23,-0.0029297100423684164,-0.0028595681600717127,-0.0014770588641941362,0.00031570092807386985,0.00021898199894354597,-0.005630000833824034
2015-07-24,-0.003675298896520851,-0.003154463692373044,-0.0025937115733752902,-0.002942311662739505,-0.0029997280802357418,-0.010372184267100737
2015-07-27,-0.004170344479310528,-0.004843499034994259,-0.003114352918889618,-0.0009620729730972499,-0.00108855505875749,-0.005817214707426577
2015-07-28,0.0041583152848250204,0.003716223153577447,0.0024281683153302147,0.001462365361854845,0.001602849578060006,0.012283001921948866
2015-07-29,0.0032284042370771537,0.0029169744716031065,0.0020506897143592884,0.0011339245657386865,0.0011969204085442442,0.0068793352668750085
2015-07-30,-0.001453125729062421,-0.0018637945086622532,-0.0009775222187847765,0.0006808031132607972,0.0006339520368079388,0.00023705289587905298
2015-07-31,0.004108597596180097,0.003751998878580576,0.0038912264695931675,0.0026897819738511686,0.0026106667030325603,-0.001517820720579377
2015-08-03,-0.0017688545428375946,-0.002761095526524482,-0.0016393290147119766,-0.0007272132079547688,-0.0008053087196768782,-0.003373077441062189
2015-08-04,-0.002537413719373549,-0.0020215735535574764,-0.0029888071300044894,-0.004304695254154778,-0.004231305879280445,-0.0019543976214676517
2015-08-05,-0.0017961687321652597,-0.0022137152694794437,-0.002441856265837483,-0.002140784214567537,-0.0020968890790487027,0.00329549570716714
2015-08-06,-0.0008463339421719285,-0.0003101392360996824,0.00016184420544274047,-0.00025921908626291845,-0.0003308348218140633,-0.008187719187891185
2015-08-07,0.0020741886346653526,0.002096877153042742,0.0023322811469395077,0.0018693458942637964,0.001817746047349189,-0.0019195048288915828
2015-08-10,0.004750968580266024,0.005247270770641244,0.003113424588492064,0.001179571189959372,0.0013690419686023247,0.012598819925554006
2015-08-11,-0.0023931681262798765,-0.002287872196730989,-0.0005657195094357359,0.0008984959566324946,0.0007625277934153463,-0.009022913069469674
2015-08-12,-0.001996247215227509,-0.0018048948320728009,-0.0017276497416001124,-0.0013627544665810731,-0.0012974773158196395,0.0011977189663305854
2015-08-13,-0.002197146690888996,-0.0026597117385108726,-0.0027068334525954807,-0.0027360374572928947,-0.0027444604487029123,-0.0012443793779399748
2015-08-14,0.001601943703778197,0.0010183532763330394,0.0008268752849072136,0.00043874728097614835,0.0004600711693862891,0.0036422724636624437
2015-08-17,0.0017598523934307941,0.0011438993879571147,0.0014541045475364722,0.002136599294652486,0.0021722677035760363,0.005586642954210852
2015-08-18,-0.003990463725101812,-0.004107321140323417,-0.00377846795736414,-0.003112823891220029,-0.003115858528880855,-0.002896256888235027
2015-08-19,-0.0020864598845059534,-0.0013710673721015754,2.950901387688276e-06,0.0011854340680219622,0.001093491358223675,-0.007905519360250968
2015-08-20,-0.00609960232267448,-0.0037903785549908697,-0.00274066298383846,-0.002762561586917456,-0.0028914052404275248,-0.020881528459181564
2015-08-21,-0.013349288022289518,-0.011594956844321658,-0.008714745774500932,-0.006205397824960768,-0.006445874376929894,-0.030102299148944245
2015-08-24,-0.024327240975564157,-0.02196622689687533,-0.017247931616198642,-0.011296871271396558,-0.011623390727273919,-0.042107144565315835
2015-08-25,-0.007123445764922964,-0.006275676744989855,-0.005840666954663232,-0.004954761891113657,-0.0050289907780636245,-0.011767370324674231
2015-08-26,0.011086114150572701,0.007590964801519329,0.005170587499144341,0.00420114196824084,0.004476802308130523,0.03839350032147926
2015-08-27,0.015060890544936534,0.014887061822403957,0.011558167303691302,0.00817332459264053,0.008376459492670518,0.024734970692426694
2015-08-28,0.0015495107155203414,0.0027949498625765568,0.0026095521060094384,0.0026815038098799704,0.0027354730198578814,5.0422228763613575e-05
2015-08-31,-0.005087451468328563,-0.0030498737773194673,-0.0030085685651098926,-0.0020631159662225507,-0.002044527204999036,-0.00807936444377999
2015-09-01,-0.01570733173993355,-0.014614559919850945,-0.010272510155189152,-0.005344499057415186,-0.0056113056103965775,-0.0298477931520853
2015-09-02,0.006152292920897473,0.004892970950330255,0.0031722243182237264,0.002009831687033392,0.002182909479552242,0.018981307576375395
2015-09-03,0.0021735396969573273,0.0020372643587602823,0.002119140652368401,0.0021678536572062868,0.002164380625137463,0.0007164835325392804
2015-09-04,-0.010048058221139966,-0.009261693870360133,-0.006253444936963004,-0.0017958154590674846,-0.0019602694816341915,-0.015136740548276184
2015-09-08,0.010151692734539974,0.008511112214168337,0.005180186774288664,0.0013896104607091786,0.0016347764814044208,0.025131273553026023
2015-09-09,-0.005447194484151208,-0.005407870203433585,-0.003446364002047897,-0.0012841755522262632,-0.0014721871259869568,-0.013372023714065207
2015-09-10,0.0026141427486539026,0.002669313434476406,0.0016879484922993626,0.0006787267581085388,0.0007423671146769006,0.005441936036393313
2015-09-11,0.004606084366403307,0.003867084237024976,0.003363301223595183,0.0022111434037093147,0.002201693882568634,0.00454398019809199
2015-09-14,-0.002374985982040778,-0.0025374865802461066,-0.0021276275112012133,-0.0019117596614279808,-0.0019454681658990225,-0.003710295719452694
2015-09-15,0.0011613776711671964,0.00020142921519239465,-0.0016069085255652205,-0.003045936110507741,-0.0028767240059189847,0.012499332395387697
2015-09-16,0.008806938933124675,0.009161927146121629,0.006757603941200951,0.0027904391470729983,0.0029291554890613636,0.008666704353335941
2015-09-17,0.004662994980920043,0.004690146916360938,0.005546582526738009,0.005547539776904253,0.005447288864165012,-0.0022481712237922835
2015-09-18,-0.005655498284671934,-0.004753342378097658,-0.0028099531694724122,-0.0012628287743633448,-0.0014325740676661702,-0.016341511175147816
2015-09-21,-0.0011989366961844272,-0.0015573146509896274,-0.0025715349340030835,-0.0030871622867411075,-0.0029657411339336637,0.00516784070873455
2015-09-22,-0.007030952919369504,-0.006263849633275975,-0.0037666827808937597,-9.240631711315839e-05,-0.00024730334828537703,-0.012979680782612024
2015-09-23,-0.001702694004676597,-0.0019898669195334007,-0.0015014336641659964,-0.0010778910726149116,-0.0010889771841797735,-0.0015991140883537813
2015-09-24,0.00015242111352908871,0.001582808732993879,0.001028658299731422,-0.00039112640449401326,-0.00034531068650534014,-0.0036154545918783976
2015-09-25,-0.0006797163339197221,-0.0009998961221688862,-0.0018050275913562563,-0.003135873253294119,-0.00307755113901631,-0.00025937259581287897
2015-09-28,-0.010058946818140124,-0.00923780999284518,-0.006671419101058618,-0.004452431862332129,-0.004698983117299993,-0.02509722151021021
2015-09-29,0.0027603551650159375,0.0026560748451971428,0.0024452583377521098,0.0019511997544292559,0.00192781261257724,0.0005854030972423097
2015-09-30,0.008392100374981393,0.00707276617752961,0.005531387016042499,0.004437526244317258,0.004531332165141677,0.018658448783194892
2015-10-01,0.0023833834437643198,0.001709849842371547,0.0017238897689375587,0.0013720869061784047,0.0013505266240241287,0.0026091094890121624
2015-10-02,0.011752675819792335,0.01222543096046147,0.00997281154257701,0.006766077622345712,0.006907020752659365,0.014937775929665165
2015-10-05,0.008006850607265248,0.007601670819032513,0.004216503277765238,0.0009130504476408952,0.0009425341599218484,0.017794446925478713
2015-10-06,0.0020848586270107994,0.003549497724118167,0.0031876355392688183,0.002340728554933502,0.002427316315075867,-0.0034261039637748514
2015-10-07,0.006717919285029295,0.006278992386124171,0.004598188060744635,0.00246977058048814,0.0024230382254348815,0.00819073413018212
2015-10-08,0.0030625887300719246,0.0026692481671501955,0.001107544075004796,-0.00019456660518557545,-0.00019093450288776292,0.009026736905461075
2015-10-09,0.0019353282239431557,0.00277358684910034,0.0016434796854929434,-0.0004981705988886809,-0.0003667705364073237,0.0005963144689236088
2015-10-12,0.0011072149554296473,-9.604007407548742e-05,0.0010635078789194008,0.001810541910352459,0.0017841696753728709,0.0009435868200255992
2015-10-13,-0.00521656740878762,-0.0050379484026137344,-0.003511277839020277,-0.00171398895356345,-0.0016746953080065685,-0.006301995619899858
2015-10-14,0.002419391072635557,0.003721497134332008,0.0036673010309711263,0.0024747314780073637,0.0025843873531092854,-0.004793658910206555
2015-10-15,0.0074635870438077845,0.0063875216641484656,0.003934967268481859,0.001254532189422175,0.001219593342720371,0.015354431599801321
2015-10-16,0.0011161079073214175,0.0004174968249748279,-4.76150124114616e-05,-0.0002743576497603595,-0.00033526607817158105,0.004546227129061053
2015-10-19,-0.0011704515935440085,-0.002880934489819298,-0.0020537846859557396,-0.0014443412723758042,-0.0015008334217287977,0.0004920122135112504
2015-10-20,-0.001283311754723071,-0.0007517497124823747,-0.0009856065143710735,-0.0012642892034648856,-0.0011907396493148203,-0.0012782624654762431
2015-10-21,-0.0023203039963238803,-0.0031362977064801623,-0.0012280525155510258,0.0008191782070565701,0.0006844709089133261,-0.006203357389473196
2015-10-22,0.008306195109670567,0.007674051268643067,0.006087312685956636,0.0049350904039551224,0.00491866915654926,0.01689317603507723
2015-10-23,8.373719461207685e-05,-0.00033462153784824533,-0.0010286471403138098,-0.0005821451816835355,-0.0005658387493996386,0.010962106873246169
2015-10-26,-0.0009941236071950854,-0.001289209931897184,-0.0005342633841348698,0.00010302785430615913,7.68360367580101e-05,-0.0024581396350712437
2015-10-27,-0.0020809077581008806,-0.002309197350328085,-0.0010608129285999413,0.0005149267324024986,0.0005248110162150432,-0.0019319705369436058
2015-10-28,0.000704151702334066,0.0002830093593877425,-0.0009907129948698579,-0.0011564071551249944,-0.0011625593580016913,0.011374556104136513
2015-10-29,-0.006102969344072284,-0.00658447251536598,-0.0060463446475506055,-0.00427687631716922,-0.004295642964265656,-0.0005744869917427842
2015-10-30,-0.00039011705739566693,0.0004482133847059089,0.0010185544314604833,0.0019241917545087528,0.0018790700055395515,-0.004309516184901607
2015-11-02,0.006205998474233532,0.004862028740198587,0.0026051232287813697,-0.0002912624675149855,-0.0003069927227524749,0.011830858442997583
2015-11-03,-0.000998367930065469,-7.348206208757091e-05,-0.0007203520439883482,0.00042315609088161565,0.0003248150726578025,0.0028993330919457883
2015-11-04,-0.004430903816577181,-0.005438714177725679,-0.004093140403550466,-0.002266783896260116,-0.0023534903430637577,-0.0030329834905222786
2015-11-05,-0.0009484324861518401,-0.0014481155215492203,-0.0014698695604000722,-0.0016650693122507443,-0.0017023890137174424,-0.0009987216293901868
2015-11-06,-0.010844106503417494,-0.010700145828164476,-0.00914913807588369,-0.0046776396360066475,-0.004739395053090845,-0.0005230357978452949
2015-11-09,-0.008895754076154838,-0.008605230019022247,-0.006112003879205852,-0.0026338662812949165,-0.0026090505246383344,-0.009331673860547118
2015-11-10,0.001896931501693011,0.001080495183693131,0.0012021050546595635,0.0011220543204757405,0.0010796729162256824,0.0023068559401540067
2015-11-11,-0.0007703531183741452,-0.0011989987360760956,-0.0009164608605430891,-0.001147601852850677,-0.001186750755096555,-0.003931765131900744
2015-11-12,-0.006204791495290074,-0.006083668873850923,-0.004233865043361651,-0.002949934311802127,-0.002966576902442508,-0.01395984598594835
2015-11-13,-0.0053362505833858265,-0.005178519151438632,-0.0028909981331414203,-0.00038976962395853576,-0.00045196076150877396,-0.01122839090721306
2015-11-16,0.007791440727020538,0.007264908992109742,0.004908668427014096,0.002437765576251749,0.0024577007885009383,0.015207031261939008
2015-11-17,-0.0013597805767627813,-0.0026371276147012512,-0.0013918280541519445,0.0002842370707267783,0.00015240154505358205,-0.0007292736333668337
2015-11-18,0.00684512713303187,0.006130270394820725,0.004567356297366487,0.003362580487917377,0.003377135171820589,0.01586574549500397
2015-11-19,0.0040388397114412555,0.004467803804821147,0.004068980559048585,0.0025300441358913073,0.0025878562758041568,-0.0008624208091927432
2015-11-20,0.002366527562787102,0.0018696515254938983,0.0013026394330926117,0.0007378515993574641,0.0007036894468659405,0.003644203767405818
2015-11-23,-0.0011381190430913568,-0.0012750896853249705,-0.0006006303434976656,0.0006489908979625536,0.0005923559258431688,-0.0011465631463063453
2015-11-24,0.0014529344194864624,0.0026749233593863497,0.0019739755863095176,0.0014751626513824778,0.0015427415212154738,0.0013392069870761247
2015-11-25,8.340961392350188e-05,-0.000527734927937451,-0.0002009149394940346,4.201800226244501e-05,-4.650565073816004e-06,-0.00014323865290266635
2015-11-27,-0.0021961824760297066,-0.004207157079173407,-0.0024807191282560925,-0.00018007311180623375,-0.0002918503357230984,0.0011465082946799932
2015-11-30,-0.0012065261458877874,-0.0008200746539552828,-0.0005698903691354618,-0.000859842170619296,-0.000822588678580316,-0.004151495934734739
2015-12-01,0.00945296057146483,0.00905471535119129,0.008058702774621063,0.0064399227721998464,0.0064138196537828485,0.009535559277210837
2015-12-02,-0.01002130689361902,-0.01054244658495962,-0.008234764259068217,-0.004896901564143796,-0.005021940744032283,-0.010205040193699277
2015-12-03,-0.009941272040018934,-0.007552631415044919,-0.008401576682147027,-0.009429432310398833,-0.00921869458029756,-0.01400248226377565
2015-12-04,0.011160814634965988,0.010224832938837025,0.008657584982082911,0.006384710267601568,0.00650986675371068,0.01950281774863294
2015-12-07,-0.004952294479825037,-0.006816315197709866,-0.00430332560932889,-0.0016798349429465453,-0.0018334724638797706,-0.006058564122127019
2015-12-08,-0.004354397169275881,-0.004260103860830755,-0.0029980074412632174,-0.0016603069384230063,-0.0016432830028589862,-0.006719698242764305
2015-12-09,-0.003892860892088623,-0.0035010926382654795,-0.0027698420448055705,-0.0020823531905341808,-0.0020969319859928115,-0.007779544669741512
2015-12-10,-0.0017860206109814314,-0.0020610137007308627,-0.001995824054508266,-0.001536348703824686,-0.0015248914366088329,0.002581031524158117
2015-12-11,-0.006097933364257568,-0.005961799599538575,-0.0030339717070709815,-0.0014228213343747687,-0.0014141040439467067,-0.019380908978188893
2015-12-14,-0.0014346103183685566,-0.0020885108127901564,-0.003894936317998754,-0.005379251696604914,-0.005416938643692637,0.005052301967484629
2015-12-15,0.004245847924872592,0.003542903894240057,0.002281796922484425,0.001360203725025766,0.0013395064069137153,0.010497992872420037
2015-12-16,0.00966103210678293,0.008786625934708692,0.005676418614932954,0.0010359974365763414,0.001130395990238231,0.014631705373178816
2015-12-17,-0.006350826179995828,-0.006964913178333365,-0.004181187694304533,-0.0012174422551481934,-0.001415246059093822,-0.015238067064579197
2015-12-18,-0.004123109457823015,-0.0021120180931760713,-0.001107656135771684,-0.0014332138859231014,-0.0013162889260026622,-0.017815285638081213
2015-12-21,0.0036148559379785006,0.0033951746360307844,0.002258156282153534,0.0007715431218855429,0.0008468072763856416,0.008249305009739194
2015-12-22,0.001974959377671448,0.00119576277498612,0.00036330775985193853,0.00014342952250734342,0.00011216198311014836,0.009074347454260057
2015-12-23,0.007017876089770558,0.007007655006208369,0.004963849591440361,0.0033205890666734295,0.003313841170223375,0.012383322679779152
2015-12-24,0.0009402768790185423,0.0011382262671542076,0.0016400753338852159,0.0017835293015462383,0.0018089132625804805,-0.0016503054932023309
2015-12-28,-0.0015118699354274012,-0.0026529404603155005,-0.0018601127877146961,-0.0013420204371896727,-0.0014062703107108332,-0.0022851197241523513
2015-12-29,0.0025759387546719914,0.002502136966360702,0.0003675011891133284,-0.0012618011400558071,-0.0011974372781221598,0.010672087499122407
2015-12-30,-0.00492634148515303,-0.00545974235921598,-0.0035369124966260213,-0.0011420936827101213,-0.0012143776883631885,-0.007087885945949113
2015-12-31,-0.0038075306432904243,-0.002745813503055583,-0.001502356213717193,-8.94955412481524e-05,-9.911015246399923e-05,-0.010003543753045463
2016-01-04,-0.006704485556784268,-0.005759172625602549,-0.002873089140774554,-0.000662494112583123,-0.0006015531549634634,-0.013979376684022937
2016-01-05,0.0023836287502299047,0.0011539954539117048,0.000794923195774011,-0.00022417509742322927,-0.0002198416770836653,0.001691443928219627
2016-01-06,-0.0035919261858871065,-0.00339480261790015,-0.0007342666711165347,0.0007147689070421404,0.000738741972852841,-0.012614342137941215
2016-01-07,-0.011122168271405664,-0.009036409874337958,-0.005721387707752101,-0.003098340139841671,-0.0030307375332067066,-0.023991311737393106
2016-01-08,-0.006029092490790866,-0.005416185713100652,-0.003437915549884596,-0.0010636480967256556,-0.001137600941046979,-0.01097655976015055
2016-01-11,-0.0029434512284574055,-0.005129040693681697,-0.004925067978823416,-0.00469982647797651,-0.0047003314987164035,0.000989842421160514
2016-01-12,0.0027180783709364054,0.0018017385786432971,0.002068104106678792,0.002674301960664316,0.0026133439061237773,0.008068622008772453
2016-01-13,-0.007129637212062612,-0.005338113557771806,-0.0027637764266329468,-0.0012741365354869139,-0.0012615182950679316,-0.024940826251144133
2016-01-14,0.0019173986572982304,0.000750781587220084,-0.000738881129413671,-0.0005314565501142177,-0.0005951232896788117,0.016416781279141368
2016-01-15,-0.010738212701070449,-0.01049652615913399,-0.00665868905048983,-0.0040780838484971715,-0.0041225321624003275,-0.021466374972546443
2016-01-19,0.0017359826776046638,0.0012101946660232343,-0.0001739451357495314,-0.002415223925746779,-0.0023220473005489684,0.0013312614969955838
2016-01-20,-0.008395739351171883,-0.006683559429842001,-0.003730495836452352,-0.0008568930039621891,-0.0008564309195674413,-0.012815147927353943
2016-01-21,0.0020230043484052995,0.0023032000196414604,0.0004802271469108721,-0.001368211987249679,-0.001313505062339626,0.005602165797706782
2016-01-22,0.014612194152991087,0.014128224366990239,0.00943361989225866,0.004611142627130915,0.004656462519653237,0.020515580315792592
2016-01-25,-0.005995288652488884,-0.005860195249155931,-0.003447568683104696,-0.0023287563971458036,-0.002250403443020743,-0.015116812945482838
2016-01-26,0.01122669738716775,0.011247206367248852,0.0085235582024763,0.0049714626153909425,0.005084012795549375,0.013642983268246756
2016-01-27,-0.004944963055161233,-0.0026516647057690523,-0.001803648688465942,-0.000840799226957456,-0.0007879298780485433,-0.01088348539501749
2016-01-28,0.0016397260895313348,0.002103986817274528,0.0015440141038602917,0.0022412047290141235,0.0021347448419368753,0.005209295899879063
2016-01-29,0.014744561412598944,0.01360785146556176,0.010515374396056876,0.007305141265788961,0.007294406999545089,0.02437758710622151
2016-02-01,-0.0019073741667399169,-0.0027114389419899965,-0.0022435519113666036,-0.002692035073048382,-0.002573953501894377,-0.00036138866678414594
2016-02-02,-0.007735287209939878,-0.007882052859738753,-0.004144643068807685,-0.0010962981229073465,-0.0011796341266744337,-0.018022223904576862
2016-02-03,0.006087026095293435,0.007954310950439414,0.004983721697402244,0.001583640622964122,0.001709532336103825,0.005994975474624464
2016-02-04,0.0026670053045154685,0.0031114707195358804,0.0023759891706152114,0.0006215141100305299,0.0007184740286243496,0.0015683879891206232
2016-02-05,-0.00798020003437716,-0.0058321663882712205,-0.004144618592082483,-0.0035756644217092015,-0.003459710165137353,-0.01905029913013645
2016-02-08,-0.0053484266307998185,-0.0033848740273572098,-0.0009707017387661221,0.0007648662232833114,0.0007654578992823957,-0.013461300122366682
2016-02-09,-0.007148644452395381,-0.008050887454814859,-0.006093691787863564,-0.003469987724235901,-0.0035121708048263534,5.437024516585787e-05
2016-02-10,0.003528967083668677,0.003770529061842831,0.0034741463634846426,0.0021326986428451544,0.00218110251707615,-0.0008628488986621718
2016-02-11,-0.0015068354553434693,0.0020834282837598472,0.0033314692334900364,0.002552798540503609,0.002818760393368702,-0.01300803191312161
2016-02-12,0.005109966456084303,0.004354914777966901,0.001204459037026151,-0.0007998104831972164,-0.0007786436434993327,0.020616665892979613
2016-02-16,0.0038773322429879187,0.0004551489916426732,-0.0018016942133712854,-0.0026560441939943447,-0.0028121321437568625,0.016878454297803547
2016-02-17,0.008068878481389374,0.008476832690960778,0.0053411114775969715,0.002305736340098674,0.002391717117248726,0.016334507052663705
2016-02-18,0.004258575597454239,0.004685323862947843,0.005391943906337682,0.004139793407260894,0.004255350664995605,-0.004095809358691693
2016-02-19,-0.0005831375037809172,-0.0016327145381407338,-0.0011059737990457563,-0.0005288839714805427,-0.0005750349988777881,-0.000468383501217029
2016-02-22,0.006857803638851134,0.00602681749479439,0.004176751166840242,0.003913486654667064,0.0037394073078165224,0.014479276124805152
2016-02-23,-0.004546489998500047,-0.004045087532661529,-0.001467912039559982,0.0001453701240294869,0.00020910787398831232,-0.012629480868541099
2016-02-24,0.000976067250024748,0.0016392566715919266,0.0016811467901880484,0.002497012903118323,0.0024670174382606103,0.00457565117388703
2016-02-25,0.008382434307085962,0.006794381074967326,0.00621301502492444,0.005471005086063352,0.005462125774779114,0.012111747418831698
2016-02-26,-0.004487806992767074,-0.004644751779715128,-0.003713674082276519,-0.0016972094158785866,-0.0017583358361243917,-0.0023012452382125126
2016-02-29,0.0008844659315392356,0.00303842194146009,0.0027622492191679004,0.0014854676684608048,0.0015787249139407322,-0.007842948795855342
2016-03-01,0.010072670480872015,0.007925014548476383,0.0036494531574362554,-0.00044908194967807624,-0.0003930836666033999,0.023507160252231207
2016-03-02,0.005659313864205817,0.005926415244452032,0.004689628575530458,0.0026629868734624473,0.0027312725344057487,0.004492262675720671
2016-03-03,0.006457664953276376,0.007184205368531371,0.006116725522019584,0.0038394086314454956,0.003985112360854304,0.003919733548706228
2016-03-04,0.0028020784084519246,0.003989403261203117,0.0018360901467360247,-7.473038245475738e-05,-6.342726329777726e-05,0.003253494730057982
2016-03-07,0.0012710760725176407,0.0022996648637609862,0.0011743032897397754,-0.00012785477219701136,-0.00011607346216535586,0.0007985451181604653
2016-03-08,-0.004626653838565087,-0.004926834722836171,-0.001876472810854346,0.0015192928773315462,0.001415233989892739,-0.010917975820402437
2016-03-09,0.001737768889775504,0.001829026671051892,0.0007063648237395359,0.0004389623576956936,0.0003716782111748973,0.0049395483249863315
2016-03-10,0.00034821859574463154,0.0011756238991602608,0.0010954620484102673,0.0006464095320697361,0.0007335175200071653,0.0008022057617382838
2016-03-11,0.008646357408930161,0.006376003590297552,0.004160700190370736,0.002891494340001355,0.00280811334245068,0.016137289366418006
2016-03-14,-0.0018564292316946007,-0.0030531931898339915,-0.0019917698226545877,-0.00014554408313016687,-0.0002892855408423989,-0.0012822889782151403
2016-03-15,-0.003054436529908,-0.0036228135602510703,-0.002614138616120476,-0.0015043720781864334,-0.001544135170300942,-0.0016295655677586174
2016-03-16,0.010272004983304273,0.011769522500672647,0.010566266171385008,0.0082147607627161,0.008378130788655014,0.005787363431383197
2016-03-17,0.007390893553674616,0.0072265966373694646,0.005407011345722301,0.003378958671977239,0.003330578203460277,0.006343754970661752
2016-03-18,0.0008591516883469374,0.0007865376048188377,0.0012972950316663123,0.002683649369634944,0.0026078903126118824,0.003929880759151239
2016-03-21,-0.0026192863807674716,-0.00231318597850827,-0.0019359494320079218,-0.00020291587620757667,-0.00026965197270922836,0.0014188081236456984
2016-03-22,-0.0003956554993835848,0.00014560816828579348,-0.0004979066537592614,-0.0014448816187931923,-0.0014138863861555828,-0.0005373697177559755
2016-03-23,-0.005425846111829613,-0.007447399537484634,-0.0043508462113832636,0.00010719116687285535,-0.00016232613585054345,-0.006599434102838919
2016-03-24,-0.0017534422041187714,-0.002158694685876039,-0.0018987996835260201,-0.0014722411312078076,-0.0015258223020703232,-0.0004429618597344698
2016-03-28,0.0031653014339818597,0.003006741749401076,0.0023485589261134088,0.0010002562205675414,0.0010482982560851006,0.0005905820513232296
2016-03-29,0.011567997331418445,0.010942333608763954,0.010094781679836018,0.007508432119743391,0.007649428273722059,0.00925023958854121
2016-03-30,-0.00048238200796657527,-0.0012260061208141382,-0.0013453674929687631,-0.0001136555439537057,-0.0001887711289727534,0.004387582389520084
2016-03-31,0.001035263733898839,0.001069016711348958,0.0015742510732774662,0.0017177474169807194,0.001663769087938638,-0.002426703333354263
2016-04-01,-0.0011561104782191745,-0.0027941655521863673,-0.0011169064128710993,0.000884324729518049,0.0008739487882065688,0.006811736404454205
2016-04-04,-0.0030540687097968533,-0.004124450127512169,-0.0023055657249945183,-0.0004972940121760194,-0.0005041030429764337,-0.0032378041723266637
2016-04-05,-0.0039128021764882615,-0.0032973849318035375,-0.0008184194848858128,0.0005941134735403253,0.0005935581248566191,-0.009987931961862428
2016-04-06,0.00382620463835881,0.0038444906171173354,0.0015161487051555955,0.00016700549898973627,0.00017053831835389666,0.010921426523650801
2016-04-07,-0.0031689789122387735,-0.002496588053113813,8.545323201558652e-05,0.0014555669623825818,0.0014588441684797449,-0.011966241863641147
2016-04-08,0.004753569879434094,0.006100404661356418,0.002773357650170283,-0.00020549173079098537,-0.0001826608768575877,0.002696863961992202
2016-04-11,0.0014754127881044798,0.002888224598291078,0.001311901152187156,-0.00038248874621160667,-0.00037534926197113627,-0.0023470034212275115
2016-04-12,0.00504630410355178,0.005903577826773754,0.0020953239628942466,-0.0013065901100711708,-0.0012939761075541067,0.009312573805997593
2016-04-13,0.004761955701358955,0.00460388852419813,0.003344867577256494,0.0028677574649527138,0.0028686467173792973,0.010101177039488318
2016-04-14,-0.0033099685238704435,-0.00410426210140169,-0.003354053438955562,-0.001944629452732105,-0.0019479870571376123,4.830578705927735e-05
2016-04-15,0.002456220014571908,0.001951517202519959,0.0028908792663748795,0.003160060590916336,0.003156802287765048,-0.001106218342518006
2016-04-18,0.002994121639125602,0.002735736558491908,0.0017807929988149507,0.0013727857074168348,0.0013723816757185148,0.007026836372397094
2016-04-19,0.006319310455610072,0.008232777710413641,0.005805706542607814,0.003729201193199083,0.003748341349047335,0.003154142492681311
2016-04-20,-0.004218174035071853,-0.0024692880966418196,-0.002972795759178415,-0.00239172106169383,-0.002376914897065485,0.0009528240978795566
2016-04-21,-0.006037381976521039,-0.00522200874639922,-0.0035890609242791305,-0.0013081997844190951,-0.001308621054537773,-0.005378370116025599
2016-04-22,-0.00034030489470748826,-0.0016111447322444405,-0.0010698174497086876,-0.0005166868459326457,-0.0005185772501710151,0.0
2016-04-25,-0.0009256969495503586,-0.0011808995800461908,-0.0012596070440163976,-0.0016381510087705164,-0.0016393382126593803,-0.001722578295840882
2016-04-26,0.0025560579262982053,0.003528155594846538,0.0019393174675601532,0.00046459315319546945,0.0004742232995198492,0.0014857637967882198
2016-04-27,0.004165451247519103,0.004738215946857416,0.005243181888606285,0.0055361621425551455,0.005540861677630238,0.0020582633053221056
2016-04-28,-0.001450219986148471,-6.344154832915727e-05,0.0014518819812825434,0.002129005123393979,0.002135331451708078,-0.009075308989099917
2016-04-29,-0.000698530765605887,0.0011488321730936946,0.0011487734522430681,0.0008308706723991754,0.0008407196351083446,-0.005398985562546144
2016-05-02,0.00174658545487838,-0.00033015250732282286,-0.00109002436908745,-0.0012897557459250475,-0.0013047714130894894,0.007948306727126209
2016-05-03,-0.004855666508615908,-0.006209267167400334,-0.003067539881773329,-0.0010872868583895468,-0.0010971400586549107,-0.0087031366236342
2016-05-04,-0.0013229513294843454,-0.0021533038711745167,-0.0012064615313376326,-0.0014634829689000872,-0.001461422038784077,-0.005578106815090078
2016-05-05,0.0009188749130211171,5.5121074156394556e-05,0.001037680153449072,0.0016657865108349323,0.0016573340447187945,-0.00019533857515263708
2016-05-06,0.0026752232018960598,0.0027755690671014133,0.0008734800918823726,-0.0012129809902224897,-0.001211541670053995,0.0036590971064565103
2016-05-09,-0.0019515349478005373,-0.004873337557900426,-0.003175553477826165,-0.0017722530463150088,-0.0017892282586079444,0.0008261860088782935
2016-05-10,0.007302189014901206,0.008602154378875015,0.006130516277978559,0.004295188661953553,0.004306473442369896,0.012434421671005724
2016-05-11,-0.003319789410567542,-0.00016535214369617357,0.00018232403052675927,0.00027106708986912587,0.0002948305152574715,-0.0093552359303255
2016-05-12,-0.0007652623453308083,-0.001194230482800207,-0.0013506019488026544,-0.0014518319131237023,-0.0014503783252490798,0.000290544950538818
2016-05-13,-0.0035522364160334163,-0.003081154175744949,-0.0008298523188384754,0.0007215248911995875,0.0007248924400706791,-0.00871407827981796
2016-05-16,0.004520645784033217,0.004632960502798822,0.0019896442092770528,-0.00013466902597136787,-0.00013129454732885293,0.00986529978435513
2016-05-17,-0.004714945897856926,-0.002850702912367331,-0.0017069382863815763,-0.0005821243288269828,-0.0005693752470928848,-0.009333437945769352
2016-05-18,-0.008644571207186647,-0.00903052034144658,-0.009026572518885945,-0.007885450998002863,-0.007889420951161408,0.00029288509841585153
2016-05-19,-0.0034214114376355242,-0.0032188137490528623,-0.0016187782204043488,9.744142502432496e-06,8.259109349095795e-06,-0.0034649972534683826
2016-05-20,0.00429159676927493,0.003959988225384237,0.0024409832927434483,0.0009845722857131367,0.0009847668952307487,0.006317339037082981
2016-05-23,-0.0009472784637857279,-0.0013792705791536575,-0.0007680953717084105,-0.0003325372410042382,-0.0003367003945422553,-0.0013626863682379975
2016-05-24,0.00435262931977487,0.002719503836831061,0.0009442431347121971,-0.000193168828202972,-0.00019923611802430408,0.012962263915849093
2016-05-25,0.003632940359388437,0.004172091353279672,0.002855521723303056,0.0022344996397321015,0.002241331773686017,0.006783152390942959
2016-05-26,0.002206972130804452,0.0019986992561418226,0.0021942615835757184,0.002249373218572437,0.0022499023677329255,0.00028668540733423065
2016-05-27,0.0005881817223760688,0.00013517022203735074,-0.0003585961838166174,-0.0007720281438395871,-0.0007731708611741217,0.004299134650882497
2016-05-31,-0.0005074526512550692,-0.0006748929292980099,-0.00035680067734888965,-0.0002395512947773737,-0.00024493329650288054,-0.0019025662375943275
2016-06-01,0.001242479300588073,0.001645686785348488,0.0009668723061431184,4.9643999849191545e-05,5.536924164961654e-05,0.0020493246933670495
2016-06-02,0.003410184115543391,0.0031539883764448717,0.0029439699428461807,0.002370682177354144,0.0023689712837375865,0.003043893813706511
2016-06-03,0.00804848982099049,0.009435457719969786,0.008825098805965048,0.007285598063272003,0.007294477292802304,-0.002987273480746455
2016-06-06,0.0008282868475157912,0.0020206223589771533,0.0008504452111632865,0.0004987489836332237,0.0005054875711862916,0.0050882717224958185
2016-06-07,0.004078133749048529,0.004472381658488622,0.0034918589453012405,0.002342245551343325,0.00235196149202177,0.001561241608379671
2016-06-08,0.0057783597037630585,0.00698453164163948,0.005625202528268591,0.0038020240917002734,0.0038118612648578853,0.0032595886040038824
2016-06-09,-0.0010101881018640402,-0.0012536176210190542,-0.00017131976489381806,0.00027371441311840883,0.0002674161528355423,-0.0013654288242669343
2016-06-10,-0.007499716878028306,-0.007892602758984069,-0.004437247970014435,-0.0017230193461552634,-0.0017362654604664574,-0.009477506057271379
2016-06-13,-0.003236281715023215,-0.0028510890214770157,-0.0019613298423709624,-0.002002944761172354,-0.002001374495298802,-0.007711226639792845
2016-06-14,-0.003716496231814692,-0.003847117331354899,-0.003225093652640343,-0.0028336865360613084,-0.002843838608786231,-0.0019673637886719053
2016-06-15,0.004566690732905165,0.004240658985546375,0.00415705634071406,0.00372132604561326,0.0037203580199356434,-0.0013937610949978918
2016-06-16,7.362591010462438e-05,-0.0020171776794513097,-0.0013788087048601794,-0.0008438968039082839,-0.0008594001969121079,0.002984348378989754
2016-06-17,0.001385976552267909,0.003719201326702226,0.0014483171047428023,-0.0008443192811093958,-0.0008179432384248786,-0.0037243477962547455
2016-06-20,0.0037942313110819192,0.004161460278738538,0.0014794307171563936,-0.00012064939021283472,-0.00010857210352832602,0.006440098462458632
2016-06-21,-0.00032888771921124604,-0.0016476963258416077,-0.0021647916617351104,-0.002154858954027672,-0.002158890372179978,0.002838894544461734
2016-06-22,3.9296932274890395e-05,-0.00014186069600141682,0.000658923532811384,0.001492458072936076,0.0014888520090887702,-0.0016313958141114249
2016-06-23,0.006620192869434716,0.0065249373313731596,0.003541507534623234,0.001909030289959146,0.0019142110233083542,0.01302230813032379
2016-06-24,-0.01566786979767576,-0.014225019391708726,-0.005530891503428337,-0.000634998697199407,-0.0006562531554060724,-0.035909124357832445
2016-06-27,-0.0016025413503121255,-0.0011819685196096108,0.0010087428709792956,0.0008340278779235266,0.0008429090521688831,-0.01790960583936463
2016-06-28,0.012735367191772262,0.011908535332858516,0.008685247804265828,0.0059725454724832705,0.005978098133325727,0.018036255053485384
2016-06-29,0.008797288616031906,0.008986522505498806,0.005262297986456055,0.0023627944407518253,0.0023637596977008624,0.017027596443328408
2016-06-30,0.007478866290350661,0.006112944506785345,0.00490380348385222,0.003990768124716659,0.003976690538022742,0.013645173481452222
2016-07-01,0.006320696585016439,0.0073704322366408,0.007172398941119429,0.006449693046079341,0.006462012726500488,0.002100546429395944
2016-07-05,-0.0021477679400121463,-0.004363464676715112,-0.000698798085965846,0.0005183987874943785,0.00048780915233526123,-0.007193055454102981
2016-07-06,0.0012041567692200328,0.001433749109010396,0.00181584676434432,0.0024685498753895807,0.0024657612659828576,0.0059976598648951995
2016-07-07,-0.004474864564948389,-0.005687968926545106,-0.0037373425644333658,-0.001757203815199171,-0.0018024413270210093,-0.0006199510430061617
2016-07-08,0.011327387013094325,0.010960986843330467,0.007914355442079302,0.005505566311872601,0.005501333575809841,0.014890106724058327
2016-07-11,0.0011092554907703445,0.00046430314498868697,-0.0016893756150098138,-0.002719226064073821,-0.002740013846026068,0.0035271486241081895
2016-07-12,0.0004081255595351774,0.0011581366433381923,-0.001912086567007143,-0.0029631466251157645,-0.0029376242872293234,0.00726361845567336
2016-07-13,0.0028101049120257127,0.0019250723723918117,0.0027599486455869293,0.0026094234202540534,0.002585724755607366,-0.00013983957950136627
2016-07-14,-0.0011217291391770745,-0.00039433955762602224,-0.001968899548855485,-0.0015846918408880528,-0.0015975255910378738,0.005583613510026231
2016-07-15,-0.0030351296351681656,-0.00314445508840433,-0.002984307625097493,-0.00259810736517907,-0.0026033953448166836,-0.0013423372848084814
2016-07-18,0.0016088783946586194,0.0013966743217062039,0.0005510074302743639,1.3202152370883624e-05,-5.212994672931792e-06,0.0026880341603683355
2016-07-19,-0.0004776199764512379,-0.0013108155549452771,-1.8360519814075715e-05,0.00033108119709557293,0.00033477132403625376,-0.0010171369531698504
2016-07-20,-0.0002600280583840986,-0.0010714297884748536,-0.0014436678839916395,-0.0009790350857507013,-0.000984449083238581,0.00416308957043432
2016-07-21,0.0003002849911768468,0.00047123811042104613,0.0008354492965163551,0.0007192575978358651,0.0006876835293458949,-0.0037769854815494774
2016-07-22,0.0023696552634526746,0.0015440049341790552,0.0005638977723771976,-0.000471351819696042,-0.00046202935786665567,0.004485158845441539
2016-07-25,-0.00326169812899868,-0.004099734799480781,-0.0028919335588014627,-0.0019185388257658698,-0.0019243871094517528,-0.0027158557373977432
2016-07-26,0.0008164914327681849,0.00115483160167984,0.0007478549702646387,0.0006187623310549561,0.000599805350852689,0.0004614545699590522
2016-07-27,0.002490490670655987,0.0028223096222159683,0.0035631568099800948,0.0038942613883339305,0.0038599894689008707,-0.0010614096955476882
2016-07-28,0.0009854627312153585,0.00031598935894439073,0.00027079995541212654,7.626499611612658e-06,5.706888146495004e-06,0.001154950032278279
2016-07-29,0.0070732337179357785,0.00715229226074765,0.005577265416699229,0.0036812017771736816,0.0036762476689238266,0.0016142383524488935
2016-08-01,-0.004081328324239131,-0.004864088299474378,-0.005276439766244145,-0.0053310441121201535,-0.005379389955699865,-0.0008285895488482353
2016-08-02,-0.006717547635190724,-0.005491324647054929,-0.005448534643920033,-0.004715918658991236,-0.004744285827012473,-0.00640722133768612
2016-08-03,0.0004014459316372676,0.001297097956111326,0.0014929094844502444,0.0018952487528265394,0.001940111677269929,0.002922306973704547
2016-08-04,0.0028794620990642006,0.0033289453150442405,0.0036471514149793993,0.003912253044823011,0.003922850744744633,0.001064457165377064
2016-08-05,-0.0002772022559128784,-0.000595041802289642,-0.0021985810267555195,-0.0025389186886399795,-0.0025207407630145617,0.008178400259117868
2016-08-08,0.0016585639842101596,0.0020283070920454893,0.0013716250114383932,0.0006645059078242976,0.0006782240369367365,-0.0005953313411775074
2016-08-09,0.004812505225832542,0.0045282438956775195,0.004414779632176735,0.0039023137434788246,0.0038958962098851746,0.0005956859717060059
2016-08-10,0.0004379135241416865,9.446831624004837e-05,0.000732989894319358,0.0011664169309306693,0.001138045775866292,-0.0024748410725584646
2016-08-11,-0.0005946284087803289,0.0007554984727113911,-0.0013120920037492656,-0.0017803400853497742,-0.0017624047224784611,0.004640882449990835
2016-08-12,0.001961659492772716,0.0018840377340745285,0.0027700688847813737,0.002813801807833416,0.0028505741184028377,-0.0008693255636115227
2016-08-15,0.001034079354552686,0.0023214630490133725,-0.00012421733695022752,-0.0014368708746825831,-0.0014335800911640106,0.0028840375344711955
2016-08-16,-0.003176718669508527,-0.0018665372044404105,-0.0017575273966776717,-0.0013988517559779812,-0.0013927617401469083,-0.0051578114683897835
2016-08-17,0.00192338333468145,0.0015910124929945368,0.002359518071854083,0.0026075050941436473,0.0026245135841547196,0.001881077875374837
2016-08-18,0.002936632887208024,0.004034683907740755,0.003063394720967727,0.0025623927310463035,0.002573847957789699,0.0022439005182777194
2016-08-19,-0.004643364270290218,-0.004777161506907324,-0.003833375693117147,-0.0027968276487394528,-0.0027847508976717172,-0.0014618913785489074
2016-08-22,0.000776688908600498,-0.0005178794363321915,0.0011959419880713806,0.002030542321463935,0.002027608149937521,-4.5820149111253095e-05
2016-08-23,0.001151062304157069,0.0011026806029355019,0.0012158252704861372,0.0014351543403738898,0.0014394144123279773,0.0020133099287387157
2016-08-24,-0.003601609289049179,-0.00400700179252611,-0.003049095772933108,-0.002189583319537336,-0.002189349588646139,-0.005114744710658314
2016-08-25,-0.000309641734858479,-0.000209768714528491,-0.00048260334551042394,-0.000807260822229372,-0.0007986906905438351,-0.0006886569282218424
2016-08-26,-0.005097280285740524,-0.004917092229705267,-0.004315393866071604,-0.003396997671504809,-0.003402748802426303,-0.0018831598312775144
2016-08-29,0.006037123539612388,0.005161769898538671,0.005145663285553326,0.004392905909307965,0.004396671633362104,0.004923952761446415
2016-08-30,-0.0029844037035053894,-0.003622357101719209,-0.002712114290561063,-0.0017427183641469668,-0.0017450614775406104,-0.0016483426334432671
2016-08-31,-0.0025597953419527197,-0.0038345013000784522,-0.002089271316126906,-0.0009019547086071,-0.0009292264420491803,-0.0028442708698392938
2016-09-01,0.0010572160042154888,0.0009289566897303647,0.000602801397868058,0.0005764977593880616,0.0005409445429649384,4.606467199752551e-05
2016-09-02,0.004907764957308602,0.005747663569589445,0.0024338904671266093,0.0003007955653808736,0.000272608314148437,0.00450803218808149
2016-09-06,0.007910660996233831,0.008777782968834247,0.006793197316415922,0.0047914279682752525,0.004773759504828501,0.003022547287287125
2016-09-07,0.0007649186407556741,0.0007801548897823363,0.0004959562129409623,2.6013342107056303e-06,2.524896220923445e-05,-9.127172426504071e-05
2016-09-08,-0.005099050241964442,-0.003531641932932872,-0.004506966207363794,-0.004511873629715835,-0.0044830681823231355,-0.0022830646869691495
2016-09-09,-0.020428136148999188,-0.019048867257098423,-0.014233477650173576,-0.009388568875012493,-0.009397798602535978,-0.023934766752824355
2016-09-12,0.005743382232495486,0.004606945848643518,0.002802302163649184,0.001673566704648577,0.0016598114755501658,0.014347271463458044
2016-09-13,-0.014343213642526886,-0.013845568552080412,-0.009721787482151467,-0.005825285516053769,-0.005825073688052407,-0.014375603727331265
2016-09-14,0.0008283886698967624,0.0004857718272786027,0.0007739314574159994,0.000806440684121279,0.0007888537770621706,-0.00037501754744406757
2016-09-15,0.004026624014168201,0.003922787346900991,0.0019479713416450384,0.0011342196062416043,0.0011347840206854531,0.009993042260180385
2016-09-16,-0.0015051769146278149,-0.0016408842325431605,-5.542971374772332e-05,0.0002562683374274233,0.0002937743293141004,-0.0038657381173361482
2016-09-19,0.0022954484604844616,0.0021627765732690207,0.0007869266000108954,-0.0003436991883108975,-0.0003605382031327542,0.00018752984188696864
2016-09-20,0.0013562716618069626,0.001574325658933562,0.0011784228318838519,0.0008556255978708904,0.0008592383336620824,4.651872487215769e-05
2016-09-21,0.012304120698103382,0.012878428143975773,0.009391665854155962,0.006578692174601608,0.006561052665590594,0.011245483008093249
2016-09-22,0.008062015330416505,0.007356733271070892,0.006280371884399338,0.004853674038286071,0.004857964170531748,0.006301405430689577
2016-09-23,-0.0030826911019161685,-0.0038271021915891046,-0.0016084505726243759,-0.0002407371045287654,-0.0002534592552323467,-0.0054789466129742115
2016-09-26,-0.0020602144221851804,-0.0019483940528092214,-0.00035357628889176596,-0.00011533911947014808,-7.495642445687345e-05,-0.008102536740123067
2016-09-27,0.0014048216856616946,0.0011279158345776086,0.0011274499927564907,0.0015788753242398368,0.0015782004424627072,0.00620844663878084
2016-09-28,0.004637032024541021,0.005396430546424247,0.0033290232825493593,0.0017844068923056344,0.0018220817612588647,0.004963346425391979
2016-09-29,-0.006115569531412346,-0.005283442965439256,-0.002940180053130681,-0.0014134428840489877,-0.001375715482467399,-0.009047548333408262
2016-09-30,3.784369171166979e-05,0.0003201527305747298,-0.0005276289245067511,8.083014857729331e-05,6.67983424951224e-05,0.007546748119519053
2016-10-03,-0.003506929995738539,-0.0020077272882248476,-0.0022272308333468605,-0.0018538358722037795,-0.001817653803518171,-0.0024042868786073868
2016-10-04,-0.009300959587602908,-0.009832876778538058,-0.00814914571355907,-0.005864829299997987,-0.005875070048881326,-0.00509819194335015
2016-10-05,-0.0011650220162423564,5.3708858423817674e-05,-0.0008804339293593255,-0.00037831078101202564,-0.00037713739489597664,0.004425599067756636
2016-10-06,-0.0016243268597597726,-0.0017263098182147552,-0.0010945056135455156,5.690661156165788e-05,5.500107657674391e-05,0.0006956390063372897
2016-10-07,-0.0016040249537384588,-0.0015675164835611266,-0.0005181351829458558,0.00032556682813789095,0.00033017611287378124,-0.003429686754670702
2016-10-10,0.003152965482147607,0.0036570271129190424,0.0016860391368811456,0.0005673012291098622,0.0005841107020609915,0.005208483991418822
2016-10-11,-0.008807144101682152,-0.008573469853948468,-0.005739189574387349,-0.0036568721308021246,-0.003632812863407997,-0.01262957244925833
2016-10-12,0.0014365587896307819,0.0004710185561338509,0.0006059375558662428,0.00045328508697362047,0.00042818060435112493,0.0013121729953913253
2016-10-13,0.0008350803214305369,0.0009432117971557297,0.0015322337579799505,0.0013965448045321072,0.001428708772011733,-0.003275674938155393
2016-10-14,-0.003016734179320135,-0.002755104512794815,-0.003100997163970831,-0.0023627377975333763,-0.00236557789272851,0.0005163485696741965
2016-10-17,0.0012201406955283378,0.0014110814688645945,0.0024765051288042628,0.0027644443499281746,0.0027817074441858214,-0.003472159499556593
2016-10-18,0.00609547872002647,0.00604402860742792,0.004098346155236854,0.0023598864603338043,0.00234742196444504,0.006262566212052123
2016-10-19,0.0028527645332301343,0.003288970820803927,0.00245372360741114,0.0018075502720478198,0.0018208247460305138,0.0026669433299977285
2016-10-20,-0.0015518270210257423,-0.0020864341000944586,-0.0015828017760263213,-0.0013392268071054092,-0.0013614733796170064,-0.0018665859734144918
2016-10-21,-0.00011963819413240984,0.0002564661995556605,0.0005130957749692744,0.0008637218803704272,0.0008740957650341663,0.0004673316587282539
2016-10-24,0.00025260426738160646,4.485175062329816e-05,-0.0008921024673109734,-0.001237713058777734,-0.0012516712931691654,0.0042529138986300286
2016-10-25,-9.26356211710111e-05,0.00014348043186185322,0.0003143048661562453,1.5022550038601423e-05,1.7407943499803125e-05,-0.0033506653141696097
2016-10-26,-0.006024532452696296,-0.0060120213298738845,-0.004641847886782791,-0.002721135555388665,-0.0027365871941422704,-0.002007604329847812
2016-10-27,-0.007128603300332936,-0.005520215623000979,-0.00527063438070785,-0.0037041223444066462,-0.0036761523728681134,-0.002666736045165208
2016-10-28,-0.0008667191660772788,-0.0010614989069990255,-0.0006043507071900045,-0.00041242904851679363,-0.0004189289138347707,-0.002955383384636745
2016-10-31,0.0035233182460951973,0.002211870158242535,0.0020600011428586473,0.0009245113174316533,0.0008869654219938461,4.6876856677924295e-05
2016-11-01,-0.005051730481117289,-0.0034111309212706553,-0.0022881012464313066,-0.0011324060785212753,-0.0010898857156935726,-0.007245447120520665
2016-11-02,-0.004354475372137623,-0.004151049535085494,-0.0019017685009885543,-7.946530848390587e-05,-8.95593604052225e-05,-0.006018490558547307
2016-11-03,-0.003502449661435758,-0.002908881969509558,-0.002874804895606431,-0.002455598519592761,-0.00244640260013973,-0.004577420923366771
2016-11-04,0.000317754120416458,-0.0005730938361330207,0.0011670984292886377,0.0019565814151489835,0.0019410544161635457,-0.001101512255188175
2016-11-07,0.00863716209570331,0.00711506286129393,0.0035100302891379886,0.001977828780371782,0.0019037240627604035,0.022057273258773824
2016-11-08,0.0011006284265535626,0.0005950505107319426,-0.0005193876381296425,-0.0011396544404864706,-0.0011616228972780585,0.0045038562732850895
2016-11-09,-0.0109043981087098,-0.010651824294791945,-0.01097556368921937,-0.007268763464571726,-0.007292752075777065,0.010601894772365172
2016-11-10,-0.008614967093919623,-0.009385115578562697,-0.0061649545697188834,-0.001406197870672199,-0.0014474076442969608,0.0024958182688461505
2016-11-11,-0.006211457632546047,-0.008424662982339237,-0.00625932124502504,-0.004389411795443832,-0.004449462144864191,-0.00230522602529204
2016-11-14,-0.0005630846049646809,-0.002045484082565552,-0.0036110241771932783,-0.005375945156321227,-0.005390323075619041,0.0007854198018193426
2016-11-15,0.005293343314466847,0.007058313210549727,0.00476649961483,0.0034080308741535337,0.003449073478351883,0.007803185757048414
2016-11-16,-0.002201155693505652,-0.0030056959058221144,-0.0007544573780726704,0.0007518497557470472,0.0007213854372569717,-0.00187867750836479
2016-11-17,-0.0025422916673722984,-0.002259945503020555,-0.0032201611908144745,-0.0025730706692280725,-0.0025889767148234988,0.005140828565012523
2016-11-18,-0.0030285376628041982,-0.002805124894790345,-0.002992571320446169,-0.003260382887680824,-0.003233959596966818,-0.002237288863951248
2016-11-21,0.005268102964372856,0.00686133028731839,0.004689383198844377,0.0032572892500657424,0.003314083168012516,0.007551273294947425
2016-11-22,0.004815895848933938,0.004183589176481872,0.003002862436980669,0.001605084840418769,0.001593948486320329,0.0019533138004652617
2016-11-23,-0.004403372466607047,-0.004811728843559848,-0.004234855576456309,-0.0032956365649383645,-0.0032971451912464644,0.0005437963302552529
2016-11-25,0.0014767915370168527,0.00045044096634772046,-2.084540100921739e-05,-0.00046148771995280224,-0.0005001311266898956,0.003715429454043351
2016-11-28,0.0021028958729445435,0.0027139230157608996,0.0028570078978082947,0.0021323180614405413,0.0021656330799260104,-0.004694700826973208
2016-11-29,0.0019107947175058815,6.503422521397795e-06,0.0005891704552547505,0.000572659852323687,0.0005034819463027862,0.001950228550618327
2016-11-30,-0.0036853685562087124,-0.0014264809498362174,-0.0020605708590154537,-0.001352590122151165,-0.001262117166734411,-0.0023993764961310893
2016-12-01,-0.005620094738498338,-0.0038211136836652226,-0.0040911141963143605,-0.003513390715493392,-0.0034456755877541045,-0.0036751304981887944
2016-12-02,0.004206511316080963,0.00426450184212257,0.0036640386237083433,0.0024408029508335982,0.0024638782181518604,0.0005010029393741622
2016-12-05,0.0042415486953937265,0.0038694871131381703,0.0028680089118018337,0.0022430095823537943,0.002234094145835863,0.00600853793622802
2016-12-06,0.002577555820677757,0.0019203981620043997,0.0014825307016299583,0.0010667158312038794,0.0010407073136897704,0.003167300279954599
2016-12-07,0.009963574927275287,0.008144704510409717,0.006022429076683711,0.0038618746185934416,0.003792152234492807,0.013081013011552844
2016-12-08,-0.00020077319639988378,-0.0003210677866997136,-0.0013848790379816789,-0.0016625376002321612,-0.0016671162861278122,0.00244867596756726
2016-12-09,-0.0018362046912400176,-0.0021376183958708994,-0.003084321669943546,-0.0026672433527362704,-0.002679829739899664,0.006040517683115532
2016-12-12,0.0003940000271012156,0.0005627133705510268,0.00032017867081601814,-0.0003280058983236023,-0.0003018789271683753,-0.0011479567447947314
2016-12-13,0.003947843751153091,0.00374105410495984,0.002522520903697867,0.0016939981231611778,0.0016752902085903632,0.006673978212517584
2016-12-14,-0.013680389657537262,-0.013744405535158655,-0.01099456363718787,-0.007613582142785735,-0.0076208990117169195,-0.008254297469918348
2016-12-15,-0.001290934358620377,-0.001873103201763593,-0.002161085799634699,-0.002082089845943158,-0.002109089406903686,0.004117390568121104
2016-12-16,0.0019027813767007462,0.0018102369700767618,0.0009117530888709258,-0.000489822914326643,-0.00046502997865249807,-0.001955679694760848
2016-12-19,0.0034376468322983023,0.002408265581720581,0.0035932881534823657,0.003895378386621795,0.003872263029285339,0.0021771391803797613
2016-12-20,0.0009697380572308845,0.0008343395364212025,0.0004305909379045403,0.0006122684283988988,0.0006078588843207999,0.0038574784320530853
2016-12-21,-0.0023604517495837696,-0.002028639258318532,-0.00011489923662111323,0.0016969803923345683,0.0016901520929561986,-0.002782420972341604
2016-12-22,-0.0020157410629828565,-0.0021614784364725192,-0.0005805069060207391,0.0008976607405206671,0.0008990869685177039,-0.0017273841000611245
2016-12-23,0.0023524329225834695,0.0024533332930367635,0.0019716532713973667,0.0014423484727952296,0.001444676178661064,0.001464252582587866
2016-12-27,0.0017012015698822935,0.0027372687655227157,0.0011482968685119221,6.320251397262666e-05,0.00010453308158231422,0.002481075957192491
2016-12-28,-0.0004516598930017768,0.0004851727451169463,0.001382145797021117,0.0013329109422948182,0.0013676723941393742,-0.008264741742971538
2016-12-29,0.005576234969841387,0.005801134948897779,0.00435872341231347,0.0024406727626107294,0.0024525668907153797,-0.00022282778247129098
2016-12-30,0.001407931696526088,0.0008698863162015513,0.0015214527601388195,0.0012096069088887162,0.001225964304818472,-0.003654889991973387
2017-01-03,0.004198271822594579,0.0034094802680395553,0.002543590737036139,0.001720536479146828,0.0016502308935240073,0.007649862588473333
2017-01-04,0.007098918491857953,0.006690058355954154,0.005175378850152512,0.003427223937221502,0.003430091621979603,0.005949230547511952
2017-01-05,0.006486054217839321,0.007436848144620312,0.006318296772233056,0.003891380615249851,0.003933576788295312,-0.0007945245372791288
2017-01-06,-0.002795987025355662,-0.0034592183154422695,-0.003864654302037862,-0.0034150006698373536,-0.003446708584098457,0.0035779685979000497
2017-01-09,-0.0012495843471626022,-0.001100328037263787,0.00013301316161484777,0.0007063547276300319,0.0006787631950324613,-0.0033008452962037804
2017-01-10,-0.0007778201345896019,-0.00032292856911042556,-0.00023282849559580487,6.346474981433481e-05,5.309824074228864e-05,0.0
2017-01-11,0.0030042727098369415,0.003995739233080053,0.003231365783392448,0.002660505086571785,0.002689484293426192,0.002825968299831061
2017-01-12,0.0018437695244395425,0.002782415068669275,0.0016779522661281021,0.0004097436014873779,0.0004789301930183676,-0.002509895161611375
2017-01-13,-0.000320884079764161,-0.00043758579277675125,-0.0009835066030077222,-0.0011530860178881053,-0.0011677002487873178,0.0022953997907340096
2017-01-17,0.0030597257702253966,0.003523486855993019,0.0037484475741325074,0.0027882958565150773,0.0028222597483427148,-0.0035233989698961743
2017-01-18,-0.004044844452799179,-0.005137209519841979,-0.0053491611125918714,-0.004700443479322081,-0.004754028443676894,0.0022101359099275797
2017-01-19,-0.004292614099301595,-0.0038267985939468563,-0.0032636856507507472,-0.0023376038330306104,-0.00233192527768189,-0.003704661963368383
2017-01-20,0.003464140236949076,0.003589657082437636,0.0025194611249528265,0.0017009689143310247,0.0017271335003561372,0.003674044350812755
2017-01-23,0.005017787227358239,0.005391523085118033,0.004826783590683892,0.003213335355132907,0.0032346942118615107,-0.0026024977195031607
2017-01-24,0.0005769862291227223,0.0002223961696079524,-0.0008130728890057837,-0.0009296874939510591,-0.0009580168681615486,0.00641215991224775
2017-01-25,-0.00033971369104290883,-0.0011041635366760838,-0.0022633158533964526,-0.0018810271377845966,-0.0019573807045210057,0.008655603035868431
2017-01-26,-0.001113987056784227,-0.0011892509250077676,-0.0001789509212906104,0.0008043973998443921,0.0008133804519423471,-0.001045593979502768
2017-01-27,-0.0015174632571045565,-0.001298500428492888,-0.00023687413992334871,0.0007325856196509495,0.0007136010207875465,-0.0015699166906504303
2017-01-30,-0.0040893089051264875,-0.003553288405082622,-0.0025942518121695457,-0.001775940535913012,-0.0017601738303788528,-0.006201631491844717
2017-01-31,0.00396126053347623,0.004550510048491496,0.0036840324504108235,0.0020302065647239687,0.002069445473650733,-8.775709831876366e-05
2017-02-01,-0.0018557175430800044,-0.0009705251248949276,-0.0014126943933214786,-0.0010603881236946888,-0.0010278577723777937,0.00039552566170342196
2017-02-02,0.0027585076294300848,0.0025374090045056086,0.0016063966112065398,0.0003731316332420409,0.00037723847032156144,0.0006589488050099401
2017-02-03,0.003226001093782793,0.002701956995180499,0.001704828277444559,0.0011099823335045667,0.0010769533030920986,0.006892974334722801
2017-02-06,0.00023298321692521995,0.0006676956187874339,0.0016325147760267722,0.00213075126349227,0.0021350944415936546,-0.0017880307093480763
2017-02-07,-0.0005501868333626092,-0.0008529357202227139,-8.684768207245508e-05,0.0003415771313213245,0.00032278704290811255,4.3884949606276535e-05
2017-02-08,0.005046150960643647,0.0051689198981208495,0.0044812521793426985,0.0027859348033698605,0.0028015117034700943,0.0013105312910726141
2017-02-09,0.00010562852158391145,-0.0003552997471911734,-0.0014999064427824171,-0.0015118359128782899,-0.001533486144137064,0.0059327635079236
2017-02-10,0.003722618928748034,0.00401013704792752,0.0025082004548526715,0.001164353830303888,0.0011866875938046917,0.003945782222972483
2017-02-13,8.98928040784508e-05,-0.0011064320003890682,-0.0010734543623273085,-0.00043246804489682766,-0.0005094276618188287,0.005442777704005586
2017-02-14,-0.0013219885257578223,-0.0012096052250035738,-0.001674053699554201,-0.0012121238494778863,-0.0012263458420861406,0.003995472589397142
2017-02-15,0.0015873413499478684,0.0018143966012293955,0.0011314657805634454,0.0011707856862699373,0.0011550232235659763,0.005220042190077878
2017-02-16,0.0016164399295008902,0.001204341952403043,0.0014056148468530871,0.0009495686979432705,0.0009386609220320974,-0.0008511709653626909
2017-02-17,0.0006722896648294618,0.00016608300546194776,0.0011836039575616741,0.0020294441935788665,0.002010431755500308,0.0015762908225991357
2017-02-21,0.004257961659778875,0.0035058397856779777,0.0021594600904439876,0.001038600616326768,0.00100492388373552,0.005955093390751731
2017-02-22,-0.00010671540449291861,-2.0016359555841134e-05,0.0004379596538770514,0.0007950935026863615,0.0007836136018879447,-0.0008878524034164892
2017-02-23,0.0028642687181803517,0.003116990893405447,0.0029032801570925137,0.002351653343221516,0.0023716772390915963,0.0006770922424006454
2017-02-24,0.0013947696992249181,0.0010448153899209611,0.0025518157947965747,0.0034634232423438327,0.003459575294235684,0.0012689605929019354
2017-02-27,-0.0008217960378368305,-0.0015602110127371782,-0.0019193802940743465,-0.0019516254950914247,-0.0019754194352300525,0.0015627660510031394
2017-02-28,-0.0018570588100079721,-0.0013749026626820315,-0.0005769027158095685,-2.9522634687917382e-05,-1.1502533370233436e-06,-0.002699187441455031
2017-03-01,0.001756101477766281,0.0013936723062246692,-0.0016013286351940215,-0.00248430428299673,-0.0025419434943569907,0.013997707873368848
2017-03-02,-0.007118729356059839,-0.008147802579874686,-0.005851541201974286,-0.00357285182363698,-0.003614238184190044,-0.006297656588652445
2017-03-03,0.0018258720880519608,0.0023190821211804824,0.0019421783201725162,0.001528044799189665,0.0015424722031414095,0.0006297932123178196
2017-03-06,-0.00295062592504447,-0.0028607529224358164,-0.002469020021280577,-0.0017933551731772468,-0.0017920766047183623,-0.002978134238622143
2017-03-07,-0.0034896455493929057,-0.0035855589142063105,-0.0035326602620200376,-0.0034406937721647157,-0.003452841171152965,-0.002986731856120195
2017-03-08,-0.00755871503577521,-0.00823622646072375,-0.006424155260649211,-0.0039610085753526425,-0.004039978824491919,-0.0018565151255293122
2017-03-09,-0.004908816222962131,-0.005200146555329077,-0.004669906197947382,-0.003341402009406247,-0.003385431310319875,0.0012679422289327835
2017-03-10,0.002772768193633368,0.002493089814509686,0.002277855575711918,0.0021016112747107574,0.0020554081864978535,0.0035042693227420596
2017-03-13,0.00106894341487207,0.0011671775661765693,-0.0006267139087081652,-0.0021925454851743353,-0.0022004781190229084,0.0005049745283809415
2017-03-14,-0.0022975134071772096,-0.0025445556175306416,-0.0014440207302569563,-0.0007799580706778775,-0.0007813075933497116,-0.003826600558872628
2017-03-15,0.01389399639610911,0.014208963135643238,0.012006185149684212,0.009055344832109125,0.009069110671134473,0.008653133735538887
2017-03-16,-2.2631269962936074e-05,0.00042117120057239,-0.0003663604194049652,-0.0010983985860183454,-0.0010877640615516437,-0.001966683687233073
2017-03-17,0.0020200390771705212,0.002134991483652815,0.002243487264888433,0.0016508679321978192,0.0016749482401317017,-0.0017562064217553353
2017-03-20,0.0017170121868408383,0.002270998764394516,0.0019773992956702013,0.0014284009589267121,0.0014383353374498586,-0.001096945722920073
2017-03-21,-0.003010341074331513,-0.002099654963659492,-0.0006283992261327809,-0.0006727507499268981,-0.0006134286765181463,-0.012839596359338845
2017-03-22,0.0018740001182990795,0.001919317225960615,0.0019969208692429685,0.0020877916434753896,0.0020776625008727123,0.0023533350965607713
2017-03-23,0.0006478206255902119,0.0002457160354643051,-0.00023320920049141325,-0.0009716999972922968,-0.0009752191198144633,-0.0010672753190792417
2017-03-24,0.0013879744240050673,0.0017609190894591897,0.0018127083332697413,0.0015655572316664035,0.0015832422387793699,-0.0007262482193387543
2017-03-27,-0.00020014456562844618,0.00033150824696037695,0.0010444268030027626,0.0015577406491968926,0.0015666118535180296,-0.0010263429533466928
2017-03-28,0.001510126353357455,0.0009784635335068348,-0.0004436653749506636,-0.000991606000812273,-0.001014007954032392,0.007276888625287192
2017-03-29,0.0031453755010224516,0.0034324513627552733,0.0032756301921266218,0.002763360863098363,0.002794378213623938,0.0009349584962694557
2017-03-30,-0.0018596394185442788,-0.002353399507229459,-0.002398187169060706,-0.0015996479535329566,-0.0016126600090211607,0.0031840986662379223
2017-03-31,0.0005929582958634771,0.0005465461326004117,0.0012111797299958482,0.0013232002733734038,0.001345105991401585,-0.0023276143084483003
2017-04-03,0.0025211350338576466,0.002587241987465738,0.0027534677889029524,0.0023036069206263665,0.002066842784887113,-0.0017392128206026314
2017-04-04,-0.0001880230159002627,0.00041095152028880477,-0.0003909779941335678,-0.0011505734764442055,-0.0008780744451807321,0.0006374480129021087
2017-04-05,-0.00048127799108654834,-0.0001792848408608272,0.00039303691667114116,0.0008064103505855957,0.0007318061194323544,-0.0029727374822345887
2017-04-06,0.0009061650306907421,0.0004820637217279877,0.0004339757470774863,0.0007188552412051852,0.0007008481581147752,0.0028113268526461788
2017-04-07,-0.001016159984460474,-0.0008261224337486883,-0.0016330170936850186,-0.0026645239405261867,-0.002510993031945241,-0.0010194551456219614
2017-04-10,0.0017246729940436634,0.0018438683190193927,0.001681024163723066,0.0012569563107853732,0.001283678073929595,0.0005951952776823699
2017-04-11,0.004127643242752832,0.004524266291877854,0.004118705229840591,0.0024767636918283653,0.002497020014885276,-0.001189832390458112
2017-04-12,0.001175159693752592,0.001923014357695152,0.0022600435265649477,0.0020552046194359797,0.0019507920292065606,-0.004382000900342242
2017-04-13,-0.0014748027629029048,-0.0005465727515125973,5.254340384297507e-05,0.00022457359102467933,0.0001661434138315876,-0.006494923612392012
2017-04-17,0.003801280838284793,0.0023293650873938976,0.0009362119388935941,-0.0003385484844443676,-0.00024009056637153137,0.00885996874335837
2017-04-18,0.0006076197317457233,0.0005562363601283593,0.0018974107945901597,0.002621343106560259,0.0023505237029912696,-0.0029841200170247495
2017-04-19,-0.004375735863341723,-0.0055770605813736385,-0.0043939935563822585,-0.002694373802228367,-0.0029415324606276716,-0.0018387386592256805
2017-04-20,0.0028142155565757943,0.0021776495715282174,0.0010757317810006217,0.000315619751044105,0.00047813715316169514,0.008139286630625131
2017-04-21,-0.0015013167489844603,-0.001607101096458119,-0.0013525042967713619,-0.0013525379613080757,-0.0014782610895750503,-0.0031871045917545304
2017-04-24,0.0032901219228611556,0.0024268429940907943,0.0013385574051714144,0.0011824795089547813,0.0012650717837543457,0.01099812223329466
2017-04-25,0.0009383555859541204,0.00027490480842740084,-0.0008529197609291606,-0.0011163607915178897,-0.0009545918014166599,0.005818458587519171
2017-04-26,-0.0007891026261382939,-0.0005635218172590495,0.0005009928811774422,0.0015761295994669577,0.0014714703886817837,-0.0006286218324208503
2017-04-27,-0.0006523426924155418,-0.0010662937431363817,-0.00037077818852948585,0.0007374311000940548,0.0005932413560936212,0.0008388870006037497
2017-04-28,-0.001327135110975819,-0.000754597402431556,-0.00011243397639426611,0.000614010982878721,0.0005454180486825777,-0.0021794554895606666
2017-05-01,0.00022509720100249986,-0.00041452492598637036,-0.0014709630279574615,-0.00209599218607448,-0.0020369938939887033,0.0025202662052019598
2017-05-02,0.0014875950563053575,0.0009701469165213084,0.0010508716876151958,0.000995006730284631,0.0007467009385926371,0.00037711543502005895
2017-05-03,-0.004541796237839235,-0.0048076428151729855,-0.003566918229654492,-0.001384659688870138,-0.0016328331966527498,-0.00121470807550339
2017-05-04,-0.003523114256127724,-0.005426283639882179,-0.004316015477986879,-0.0026380107315603363,-0.0029642562384354365,0.0011740183741644206
2017-05-05,0.005400067233072958,0.005595468617319854,0.0037790519311995396,0.0014722285467418939,0.0017073126527460403,0.003937105618881942
2017-05-08,-0.003610556197242931,-0.0036046545716059697,-0.00332352915035361,-0.0023752965055751085,-0.002384877870251434,-0.0001667791653224837
2017-05-09,-0.000783984321051312,-0.0007959575664442387,-0.000876841839825615,-0.0005585456464755056,-0.0007217442216465031,-0.0009180273226310209
2017-05-10,0.003211843409393289,0.003736032376051801,0.002575728084996065,0.0013782821906818121,0.0015337202708047837,0.0017958174760386303
2017-05-11,-0.0003581679658130055,0.00044082767723763183,0.0007805036196846249,0.0011260712679812546,0.0011781338845640033,-0.0020425161981444395
2017-05-12,0.001989530578331511,0.002373097877368169,0.002520524395374313,0.0023711131679085007,0.0021738202743704083,-0.0016710524977567864
2017-05-15,0.0030032884170791974,0.00296761749542207,0.0014425167725633514,2.679280827733166e-05,0.0002166804264516209,0.005523319764772161
2017-05-16,0.0007916270104644241,0.0012844831288401082,0.0011585398102134103,0.0007246117076817882,0.0007284975077228584,-0.0009154355322752439
2017-05-17,-0.0012794648293379396,0.0007902235191770135,0.0023331607418259903,0.0017849549910213813,0.0015924700400140601,-0.01774400607861193
2017-05-18,-0.0003897804447816622,-0.0015745351399257812,-0.0003994788527136306,0.001193256162548062,0.001112304853215118,0.004028307828672029
2017-05-19,0.00741799171555102,0.008217443769732435,0.005590428482581178,0.0025314078954619124,0.0029101758533316424,0.00650425695317014
2017-05-22,0.0018266802403361648,0.0018371663446086206,0.0009247004992878338,8.958307425355194e-05,0.0003417894466557492,0.005077346152561946
2017-05-23,-0.0012432642695261453,-0.0018478727606410228,-0.0019526397817920538,-0.0015257877704394351,-0.0014932812357982828,0.002212920942213481
2017-05-24,0.0031146280639120505,0.0027446653095963836,0.0022543916103185957,0.001247362590388601,0.0012495201338089679,0.002332826474074956
2017-05-25,4.9241321970372454e-05,-0.001472585691651096,-0.0009995012504933065,-0.00014006654115417128,-0.00036160633864501524,0.004779515386395428
2017-05-26,0.00042236058176947644,0.0015606711118729688,0.0015135459239676852,0.0013780596369177278,0.0015590062744581523,-0.00020687998924673323
2017-05-30,-0.0013766583032603918,-0.00168710886051604,-0.00025872331283538497,0.0014598768794769068,0.0012054341874554453,-0.0008686378173708986
2017-05-31,-0.0004061082120797588,-0.0009732931435640912,-0.0002245707061487856,0.0002736274963108798,0.00015181854270363004,-0.0002484501815015472
2017-06-01,0.003572607257289695,0.002540234402737429,0.001770210598162958,0.0011537923172564302,0.001200984479209355,0.007952308508446082
2017-06-02,0.006550459808646103,0.005958687865897483,0.005474879324737003,0.003954400566955618,0.0038634245600979167,0.003328188451295011
2017-06-05,-0.003070337573831017,-0.0030965655492118938,-0.00292926320466258,-0.0024306262633447817,-0.0023735870336674125,-0.0007372002762100482
2017-06-06,0.0006203818230174907,0.0018689076035138807,0.0018224540364655262,0.0012145475783120752,0.001285781796559915,-0.003196746666196182
2017-06-07,-0.0007239192759534996,-0.00208995148827118,-0.0019042905654719222,-0.001424624894266202,-0.0015797997121064222,0.0018502389453718404
2017-06-08,-0.0009713702165727867,-0.0010670931288774277,-0.0012640199128211016,-0.0010320540001701461,-0.0010473393072754078,0.0004923506805372124
2017-06-09,-0.0012543289041963002,-0.0015496727586726822,-0.0013072761521660814,-0.0008915777151918824,-0.0009436643864584315,-0.0015175754340649439
2017-06-12,-0.0004978832993393079,-0.0014122241206259156,-0.0011350699774986817,-0.000973614365158304,-0.0011127993535101632,-0.00020533264758659797
2017-06-13,0.0032667348234771687,0.003107538992896286,0.0025358138593527535,0.0020636909919162783,0.002158065519032082,0.004889559021192147
2017-06-14,0.0011065027609045153,3.0319199692652177e-05,0.0012430716923343965,0.0022006632895970046,0.001617664066251523,-0.0012673734514839774
2017-06-15,-0.002954804309588166,-0.0030537401590418067,-0.0031043291261321215,-0.003149460769611645,-0.0030951679193406134,-0.0019245644972168963
2017-06-16,0.0015241198825326485,0.0017718762324232529,0.001391993035554373,0.000817467713303488,0.0008367415842776005,0.00021863536072697087
2017-06-19,0.0017510651672669741,0.0006493361038117929,0.00014684476485582465,0.0003870602294178127,0.00038957160382646627,0.008325284930814636
2017-06-20,-0.002974525508772863,-0.0030742754458633614,-0.0013966586681840587,-0.00011408073968266486,-0.0004556295394858578,-0.006744377425082604
2017-06-21,-0.00016279579991806958,-0.0004429087537983767,9.369001909931285e-05,0.0005392038946563371,0.000437523519525973,-0.00024664741217828023
2017-06-22,0.0015119477728553488,0.0018342583636616894,0.0018191793159010317,0.001563918068674397,0.0015886325145813007,-0.0004529488538506099
2017-06-23,0.002166150130928468,0.00240201615622726,0.001723078183069049,0.0008200148217623049,0.0009274926319937649,0.001194264954465396
2017-06-26,0.002606574901682812,0.002219907706943136,0.0018579893231092104,0.0015223126989232227,0.0013536879070350505,0.0006579793938064071
2017-06-27,-0.005355860753415542,-0.003995162556827192,-0.004350457789704443,-0.004876372679574192,-0.004638644867116848,-0.008055813537293788
2017-06-28,0.00403702573586906,0.0037205204809294123,0.0028192483915960853,0.0024800147521890636,0.0026589936245717816,0.008949917997581158
2017-06-29,-0.0076343995439844825,-0.006708063611557513,-0.00573768430443522,-0.004265666049425465,-0.004301395587391954,-0.008788617979385682
2017-06-30,0.0012187136511001562,0.0021044256716400422,0.0008893279836346135,-9.437411629142911e-05,0.00016322754802100548,0.0018643970148697342
2017-07-03,0.0011954169814316629,0.0006185986566249468,-0.0005381224362335235,-0.0009596006642631494,-0.000776155452128835,0.0016956004711348172
2017-07-05,-0.0020433049690651295,-0.00245265838478792,-0.0008507277314231398,0.001272071407455444,0.0011156422594318371,0.0023119652683323277
2017-07-06,-0.007682459508820516,-0.006409017961322427,-0.005308190360072906,-0.0038829115223958377,-0.00393937715035686,-0.009144449528350362
2017-07-07,-6.932063887044038e-05,-0.0017430002696473545,-0.0015746880106179972,-0.00043615105302208246,-0.0004249532366650266,0.006485055434068521
2017-07-10,0.0007506188339214681,0.0013878037152597056,0.0010628003179364853,0.0007681737257227983,0.0007846771172137501,0.0010741563833336354
2017-07-11,0.001955184513368513,0.0027937991340976076,0.0022742728080809016,0.0015374343297969162,0.0016126182469859973,-0.0007429100836863212
2017-07-12,0.007704520733583076,0.006688774913188311,0.005756530086823419,0.004225516933317186,0.004176630043807528,0.0075148710604504565
2017-07-13,0.0003155326942083647,4.7413381273120336e-05,-0.00023534079996390123,-0.00042856703106064487,-0.0003722650820451312,0.001680099572755056
2017-07-14,0.005970279773191756,0.0063133317429751035,0.004598565446084502,0.0021057762939553637,0.002222678807435985,0.004664438814957483
2017-07-17,0.0011689440432842702,0.0008514002626744954,0.0010635380816050866,0.0010164805523795728,0.0009599024228892361,-0.00012240050847656114
2017-07-18,0.0026249015138115617,0.003233945980377406,0.003228029054362924,0.002902476840791035,0.0028498957968556837,0.0005297044194993994
2017-07-19,0.004025230346716091,0.003935454289324847,0.0028209618949031068,0.0016019793457866527,0.0017696967446232392,0.005413803300981401
2017-07-20,1.5578503781643604e-05,-3.245773206872471e-07,-8.895709540845953e-05,-0.0005962395618899219,-0.00062441475624464,0.0004453979185432555
2017-07-21,-5.280403796881217e-05,-0.00037906565363765576,0.00036580864988788875,0.0008561265420399256,0.0006565742992579171,-0.0008901861049543935
2017-07-24,-0.0007980444997569558,-0.0004795561471669929,-0.0006043475674135657,-0.0004106510533030683,-0.0003671580688727749,-0.00024320767887708872
2017-07-25,-0.0016192605940490434,-0.001384455415171515,-0.00230555794120868,-0.002851610754526779,-0.002574048227067194,0.002431103557983816
2017-07-26,0.004552591057610966,0.005227923027162573,0.004339104670733285,0.0026235663103295614,0.002640570099574413,4.009135435967259e-05
2017-07-27,-0.001479910287472186,-0.0011425621783902606,-0.0012861030591376776,-0.00119997230876967,-0.0010947178486602205,-0.0009296564010660147
2017-07-28,0.0014511256342939483,0.002259503693204934,0.002257725709477798,0.0017967343362237376,0.001772397207512988,-0.0011729882870911146
2017-07-31,0.0009561935125292909,0.0013118278913648584,0.0008404867834403973,4.881363320086152e-05,0.000101270516031704,-0.0005669180527173578
2017-08-01,0.002703182780368296,0.0015816662152812189,0.001923069584401249,0.001798630737971152,0.0016305442953481464,0.00222876156071794
2017-08-02,-0.0013087865029026702,-0.0009698137155189634,-0.0008884876993381363,-0.0006129419705007688,-0.0005498897605346054,0.0004852661456939966
2017-08-03,0.0003013650927934375,8.170604289570171e-05,0.0008012645770898441,0.0009656824266719433,0.0008331037749325088,-0.0019398392970145784
2017-08-04,-0.0006016627148418552,-0.0010162401506881302,-0.0014735352673718172,-0.0015073231087688876,-0.0013725957492300989,0.0018221162154836712
2017-08-07,0.0012263224190522948,0.0013004369901410406,0.0010632762512898797,0.0010011847528801354,0.0010403171033137593,0.001859108011344146
2017-08-08,-0.002440066543896169,-0.0018150657173913176,-0.0018922729835446628,-0.001952040966152424,-0.0018672133215453801,-0.0024608949387542323
2017-08-09,0.0004393893427141471,0.0013909051842178055,0.0015326084938835915,0.0012743974217830356,0.0013170952950427584,-4.061433585245133e-05
2017-08-10,-0.0069931909115164,-0.006397557337791571,-0.004220232449509975,-0.0025694480042653955,-0.0029051705539065997,-0.014115120046154561
2017-08-11,9.184791292993211e-05,0.0006577952809649901,0.0005997236382784266,0.0008177233707702403,0.0008286605735030594,0.0014769877430256262
2017-08-14,0.004171866322435269,0.0019939377942628234,0.0009658162525778557,4.1553321169063295e-05,0.00010276147617283016,0.009912946183442184
2017-08-15,-0.002122559604735841,-0.002612864213342947,-0.0024387508545994363,-0.0017684813818414913,-0.0017896383700237717,-0.00012141552701638858
2017-08-16,0.003982058942074929,0.0038884735307942453,0.0033653571957397155,0.0020155358338003193,0.0019466369470442224,0.001744322689726685
2017-08-17,-0.0048180616382152985,-0.003070774712005786,-0.002178237152526963,-0.0019337310730903612,-0.0021409007114077117,-0.015590873878956968
2017-08-18,0.00017217667776758816,0.001716355684132198,0.0008566601898503112,-5.2888867808631446e-06,0.00016342493302334837,-0.001562958271737025
2017-08-21,0.0021464055294488915,0.0011595998901903215,0.0010793797100281388,0.0004708771821022584,0.0003280171524970843,0.0007825216292942638
2017-08-22,0.002374389957341849,0.0017782036297921966,0.001193440433187476,0.0014389995889578788,0.0016284581873644566,0.01045712159484724
2017-08-23,0.003524965244367184,0.004157209401763895,0.003417102679141637,0.0019370790423087758,0.001887278699013173,-0.0035857566583882283
2017-08-24,-0.0019573168124249474,-0.0017968627682251048,-0.002056326296095645,-0.002212227854742066,-0.0022058435739822357,-0.0023304537970650907
2017-08-25,0.003514011608454659,0.0031794911989728725,0.002871209435929556,0.00193910349815396,0.001896396586176241,0.002335897498259465
2017-08-28,-0.00029894883670988914,0.0006341056565148939,0.0007578133637047291,0.00034289113950336514,0.0003500786969801162,4.1134523171448834e-05
2017-08-29,-0.00021945452678961974,-0.00028667897320755475,0.0001449412531122629,0.001140567132698056,0.0011385705699711313,0.0011448996940377487
2017-08-30,0.0012783390072086398,0.0003119437494019106,0.00044702142545505197,0.0009898228928606478,0.0009607478354132226,0.004737485809089392
2017-08-31,0.0060871625532914475,0.007522713523622437,0.005913023904017711,0.0036913643728508916,0.004005044044351758,0.006016129315415286
2017-09-01,0.00038442247513836847,0.00037546964024781637,-0.0006650519182503922,-0.0019985031777707274,-0.0018739693117876266,0.001414292705741449
2017-09-05,6.955458308421925e-05,0.0012523125742511798,0.0025416242606008943,0.003328264778993395,0.0031062603225278096,-0.007182113485723618
2017-09-06,0.001369763421296133,0.001403900647370282,0.0003249759255055107,-0.0007530727589452058,-0.0005259888021519332,0.003413614845667823
2017-09-07,0.005438196156636099,0.005567422188837989,0.005066480758286307,0.0030190880410794207,0.002919801463910243,-0.00012138070228873143
2017-09-08,-0.001989024828861763,-0.002732430495936633,-0.002054460128159019,-0.0015598833601917494,-0.001619054950642962,-0.001174769320222535
2017-09-11,0.0026532902232057065,0.0011193367636612717,-4.998505938302866e-05,-0.0003029895520078041,-6.978235271737354e-05,0.010666028715628828
2017-09-12,-0.0013574979622785754,-0.0009500284111829682,-0.0007823105033558653,-0.00024704076342096926,-0.00015004134321150442,0.0033704669656828834
2017-09-13,-0.002581141048368041,-0.002531850856632767,-0.002246921448770589,-0.0008513237416211128,-0.0007750180212572344,0.0004801085643562075
2017-09-14,0.002886112579193245,0.002832189821895925,0.0024554430488950008,0.0014647110892074267,0.0014087747769910841,-0.00032001235135414863
2017-09-15,0.0012138827878613867,0.0011708114067359165,0.0007106349290848524,0.000507554464334925,0.0005528354600354835,0.001346517944329717
2017-09-18,-0.0013989254320863065,-0.0017796553593496522,-0.0014009361200660875,-0.00010709008979470358,-6.855599497779252e-05,0.0021267420780504143
2017-09-19,-0.00020910044996913513,-0.00013886727335676863,-4.460460193400628e-05,-8.580622878773259e-05,-0.0001052214717131017,0.0010010208887993866
2017-09-20,-0.0015598646185054355,-0.0013469236002993101,-0.0015729101486874342,-0.0012345764483662203,-0.0011141970350244668,0.0003599903723017217
2017-09-21,-0.0020505072573603345,-0.0023360665882543596,-0.0021112683896614692,-0.0015991907039739628,-0.0016740718088401607,-0.002679150225442184
2017-09-22,4.080922249882768e-05,0.0006151202461621708,0.0011817242733223043,0.0016420045016258822,0.001652730322136975,0.0002005531428002083
2017-09-25,0.0009355875349446041,0.002250290973369262,0.002386366714230981,0.0024918824037043485,0.0025486021231018174,-0.002044909713503351
2017-09-26,-0.001787710605269277,-0.002903303925464451,-0.0021155700691254387,-0.0005042661463193765,-0.0005843528729018166,0.0006028415804613108
2017-09-27,-0.004159493397389302,-0.004776457218831132,-0.004036261061760027,-0.0018776965842407511,-0.0017737632803593861,0.003894226679019175
2017-09-28,0.0013779906671256281,0.0010609652320450191,0.0008584748491482497,0.0005131444701285126,0.0004948508195681267,0.0011997935346268473
2017-09-29,0.0023946255949742756,0.0015342148648032072,0.0009263971386506142,6.599846314103708e-05,4.013920256085157e-05,0.003515097796171318
2017-10-02,-0.0006418981430761361,-0.0017003798352995814,-0.0010437863672803083,0.0004857436864127429,0.0004234316452602638,0.004338549856816032
2017-10-03,0.0027907135619167356,0.002806623337132441,0.002301976531240646,0.0016520377431752387,0.0016383368823960076,0.0021401716540769833
2017-10-04,0.0009713074012784872,0.0009550371212256881,0.0006832772000668896,0.0005199543192309086,0.0005286107036068799,0.0011865985866523765
2017-10-05,0.0018551334369574235,0.0017785701144827915,0.0008698647898479628,0.0010342979047315293,0.0011117614347304627,0.0059250641073413934
2017-10-06,-0.0022603882208549475,-0.00283304891062941,-0.0019922329695561958,-0.0013876792305427266,-0.0015185909166759437,-0.001138971853407611
2017-10-09,0.0010879090560300675,0.0014944371362333175,0.0011317823352685608,-7.127165806308788e-06,2.9347516181665867e-06,-0.001651033245312572
2017-10-10,0.004402942367494722,0.004827745982055376,0.0037756853761581333,0.001979576355640944,0.002069595205921315,0.002638248347835992
2017-10-11,0.0021753436871085885,0.0022006370203597747,0.0016875632026409626,0.0008079277931096751,0.000820164724375072,0.0015711267803735218
2017-10-12,0.001151097786507238,0.001050245094424307,0.0009387246833738594,0.00038486590732067505,0.00037922000316914506,-0.0014900886702774452
2017-10-13,0.004637053421069792,0.0053331115657979655,0.004341297041783099,0.002426395686698335,0.002490935065521338,0.001217271882611115
2017-10-16,-0.0014345667888254754,-0.0015215971390095673,-0.0015146330332795888,-0.0009125076798709442,-0.0008895377683509897,0.0013335133186878068
2017-10-17,-0.001185112349777917,-0.0016431923929129955,-0.0014017811505672162,-0.0006473382904200742,-0.0006615447799573904,0.0007053192375323647
2017-10-18,-0.000645925700771155,-0.0009361823670541725,-0.0009378935568225,-0.0007187105517172387,-0.0007227332594927915,0.0009786270746334758
2017-10-19,-0.0008728993817715969,-0.0008271426218370292,-2.2303220209796137e-05,0.0009044543507561453,0.0008560393837435676,0.00027353727071699474
2017-10-20,-0.0015064741405852455,-0.0016445799015956108,-0.0017303660286240863,-0.00024514240293838085,-0.00021136505195606947,0.005160613782549284
2017-10-23,-0.0019892158684288175,-0.001526870647218681,-0.0009986142025195655,-0.0006696338732585794,-0.0006553925441583619,-0.0038896073117142826
2017-10-24,-0.0011426936529669307,-0.0006801939719581762,-0.0009398330234741126,-0.0005249073435564799,-0.00042952527471451507,0.0017572773156453447
2017-10-25,-0.002902775965413995,-0.0023275844540102675,-0.002367868527282324,-0.00248105314578706,-0.002434220718067426,-0.0049503126834024025
2017-10-26,-0.002444220406281006,-0.0023879680451313057,-0.0015927439028359247,0.0002855766277185534,0.0003205796491025925,0.001292800139270911
2017-10-27,0.005944527155141044,0.005805510675356951,0.004984594558920863,0.004481290721541242,0.004475416084686712,0.008176251541726742
2017-10-30,0.0007280106425042732,0.0012253421134491571,0.0016440307309095736,0.0011871896047546127,0.00121371332667497,-0.0037250447725963864
2017-10-31,0.0016014128099837155,0.0014828734591370019,0.0009451783371576816,0.00023108743087951744,0.0002528750687278425,0.001557684119106506
2017-11-01,0.0026630237415661284,0.0026257901348858415,0.002144511013726369,0.001265466313432162,0.0012578928498387931,0.0013224444420141257
2017-11-02,0.0027906581354277815,0.0028655437706577302,0.0021652096415274436,0.0008596302611663109,0.0009161796670718036,0.0003882849089875684
2017-11-03,-3.7453049149815953e-06,3.725758558714709e-05,0.00039419678847973927,0.0017171199945489324,0.0017536511917568554,0.0033384424445062066
2017-11-06,0.004846292911093952,0.006089058900754063,0.004220188350297027,0.0018080578904540179,0.0019780015655108674,0.0015478441611112004
2017-11-07,-0.00022055037254076204,-0.0009004526409450708,-0.0005274514666016028,-9.286256560503414e-05,-0.00014359102283312275,-0.0006951463397778523
2017-11-08,0.001657738759429206,0.00134651653882778,0.0007641356002046074,-0.00027330489107080247,-0.0002928846326284429,0.001700646273949502
2017-11-09,-0.0021526115654123545,-0.0015897238454105622,-0.0016781620782858608,-0.0017612777161652993,-0.0017146772953934297,-0.0036275852629853444
2017-11-10,-0.004062259545793867,-0.004576178238894668,-0.004570554907300961,-0.003645227028341358,-0.003634925428844804,-0.00031018870421850586
2017-11-13,0.0003112739510091611,7.557553868275946e-06,-2.5867159576975496e-05,0.00015042245250040942,0.00011623579224195879,0.0009302456551136817
2017-11-14,-0.001262198598474984,-0.00176881005789975,-0.0008458568551780177,-0.0005142832806060982,-0.000631512727938266,-0.0023226750594766976
2017-11-15,-0.0018148692803650057,-0.0011156358807402622,-4.747719520192817e-06,0.00107924812588589,0.0010729766764157045,-0.0050055195875202685
2017-11-16,0.004530541040304703,0.003383043981065592,0.0021004652790386213,0.0008922134385622726,0.0008277425083842438,0.00850128904641645
2017-11-17,0.0016931320662427751,0.0036465772256233375,0.002556369465471775,0.0008773148283189869,0.0010362133988635058,-0.0029387607650143144
2017-11-20,-0.0007846033743645897,-0.0018285062895295745,-0.001357961526655238,-0.00043103109821163166,-0.0005140967295512722,0.0017063953886202743
2017-11-21,0.005880196534153503,0.005581320378522214,0.00440771688284558,0.0029232811218071753,0.002940609784305437,0.006542608079068701
2017-11-22,0.0021237112111565093,0.0029817600227952656,0.0029443965323388,0.002341797817460245,0.0023804726368015228,-0.0008845420630190226
2017-11-24,0.0008895233085386423,0.0005714527937270564,0.0003771258717744086,-0.0001336024124384272,-0.00011083784753584958,0.0023098217089343454
2017-11-27,-0.0031778870077224797,-0.002921467038533354,-0.002031742553755489,-0.0004416497787880225,-0.00045387689629194927,-0.0004990788043953698
2017-11-28,0.002919582672566312,0.001981420964511482,0.002073728865358282,0.002891079222038684,0.0027952432417372997,0.0101447232213705
2017-11-29,-0.004838303701862001,-0.00555290003530684,-0.004592144498451467,-0.0026844740888258833,-0.0027269704671588624,-0.0006088201768097434
2017-11-30,-0.0005262055213225425,-0.0019047635574068744,-0.0010401765486733883,0.001380986575821419,0.0013031251969113367,0.00875503516929621
2017-12-01,0.0017298426295848657,0.002609365930839491,0.0025672416973219203,0.002197824380500757,0.0022748076212331103,-0.002075264444433067
2017-12-04,-0.0018433278977074696,-0.0023809294667722636,-0.0014384700686183027,-0.00012659102523926435,-0.00024211661910855664,-0.0012101212882523749
2017-12-05,-0.0018566462918071513,-0.0015338096800250334,-0.0008229383043262262,5.226384902456971e-05,6.149530272114845e-05,-0.003596666709215657
2017-12-06,-0.0021317728319666385,-0.00324069086548584,-0.0015286339903168855,0.00047284199433494933,0.00030886411756347876,0.00019003744461176808
2017-12-07,-0.0003618262323373811,-0.001070010980369851,-0.0011038869685023878,-0.00019465428191789425,-0.00017267565071865665,0.003152973640383916
2017-12-08,0.0037662842168681987,0.0034662750751064397,0.0023119015116532804,0.0010536242506249405,0.001078491294183248,0.005452960721627598
2017-12-11,0.0010607274978133852,0.0008091228951303542,0.0006133308474645105,0.0007982215584714236,0.0008033381454248811,0.00301304406671532
2017-12-12,5.757766885738924e-05,-0.0007736404753838633,-0.00023662258370127365,0.00025385605507488584,0.00016830458391048353,0.0017652796069076437
2017-12-13,0.003687129647734544,0.003772159138664577,0.003271511797462656,0.0015770396495253802,0.001522803404392814,-0.00011282857639416388
2017-12-14,-0.001607756849096642,-0.0011315862008766109,-0.000814754088085401,-0.00042150824503750517,-0.00038087225232286137,-0.0040860603916466065
2017-12-15,0.003377197063892723,0.0026638938046645855,0.002295917552960436,0.0026298607340622393,0.0025837550415905852,0.008327765663346254
2017-12-18,0.003914334307510092,0.0034851672655151766,0.0021234477130518403,0.00023522416260979284,0.00025694860990199686,0.00634089628322454
2017-12-19,-0.006641482466368198,-0.005223456786143332,-0.00480683253251013,-0.003508805634110379,-0.003400142642368431,-0.0038405239630303623
2017-12-20,-0.0031546580774484134,-0.002328990855776092,-0.002518441795486215,-0.002074875258695763,-0.002009513276231112,-0.0005240886591989513
2017-12-21,0.002303411803880717,0.0024026088285387104,0.0025010588488389995,0.0024252517699125953,0.002409219721803524,0.0020596367116656467
2017-12-22,0.0030318915044764694,0.0033208841819072354,0.002332151876570876,0.0005503710143226481,0.0005884650360330479,-0.00026157789084169103
2017-12-26,0.0021581142520563645,0.0032690090600566712,0.0023359802582314515,0.0009437186655052443,0.0010809784900700503,-0.001195958288623844
2017-12-27,0.0038562758833955435,0.0040812831385552695,0.0041207036467765246,0.003538674340104464,0.003534663633399937,0.0004864499806735978
2017-12-28,0.0024282081238089503,0.0026379889226970654,0.0017279014909097334,0.0006535936281524268,0.0006917306467515427,0.002057467076235442
2017-12-29,0.001092540709225709,0.0018674986670268456,0.0015939964922471184,0.0005056824692510897,0.0005467331274753295,-0.0037705720062393144
2018-01-02,0.002795649364621511,0.0029486322345471105,0.001048076849789581,-0.0011528629686352598,-0.0010626563747693218,0.007157340010417013
2018-01-03,0.003401134564223307,0.0032050438057973363,0.0027585735422397395,0.002756429014365125,0.0028285111320722756,0.006325217447537668
2018-01-04,0.0006340534909794471,0.0007834070422407802,0.0009528392523334706,0.0011093004523685668,0.001102140134527918,0.004214940772981235
2018-01-05,0.002398491960496907,0.00152951665443668,0.0013327871906940736,0.0015546961133259263,0.0015331864157253072,0.006663957662748299
2018-01-08,0.000807771794587131,0.00045410257631317563,0.00022702852839029397,3.861521538661705e-05,5.224734644682094e-05,0.0018285507814899127
2018-01-09,-0.0034486852176101035,-0.0032007056286895708,-0.0031244390531258714,-0.0017076827467290556,-0.0015819378550282481,0.0022636705714957905
2018-01-10,-0.0025064574187542155,-0.001748302845899996,-0.0012688288699960193,-0.00028392786322772867,-0.00024099395487198194,-0.0015299949472877827
2018-01-11,0.0033451874279415428,0.0028536857533705273,0.0025340185948456995,0.0023058278451770775,0.0023358387137337733,0.007295779488197374
2018-01-12,0.004071875375216916,0.004534339928555564,0.0036571167761416667,0.002330170814368593,0.0024072602251181685,0.0065191717128147975
2018-01-16,-0.0004208374428852357,-0.00035461807677061863,6.802923218618417e-05,-7.330389872639564e-05,-0.00016056227771432674,-0.003418274239928354
2018-01-17,0.00392857205147612,0.0026197577157947016,0.0017193656676266489,0.0014888999018067839,0.0015347913302854455,0.00953161669809166
2018-01-18,-0.003697937041658217,-0.0033114716686615253,-0.0030363341699414237,-0.002027989871812741,-0.0020227854926896383,-0.0016805938098127804
2018-01-19,0.002456579820255378,0.0018962162056725962,0.0009679078215496517,-0.00040127218492125305,-0.00038774901720528554,0.004549339093351312
2018-01-22,0.0043607173614252925,0.0035743195683697326,0.0026806706924389356,0.0017972003957076321,0.0018523860934835934,0.008130935974380193
2018-01-23,0.005002420404695673,0.00506150063175026,0.004278371366604583,0.002655988145108701,0.002724316862810161,0.0021229218999856414
2018-01-24,0.001149976776338324,0.0024193778457364257,0.001292638809987423,-0.0004043494032534012,-0.0002736670641162453,-0.0003882469643358144
2018-01-25,8.191202663487829e-06,-0.0004509204750732243,0.000539692667214986,0.0023203110526714976,0.0022302364295803123,0.00042332164048231036
2018-01-26,0.004459140384137195,0.0039589134103474866,0.0029321990245154694,0.0026960848921635527,0.0028212741166484534,0.011577736286320306
2018-01-29,-0.007826465251920545,-0.0072703287185903465,-0.006029429912886797,-0.0036658287091337893,-0.0036827930112834917,-0.006629717378214606
2018-01-30,-0.007522204485097772,-0.0070367651507876605,-0.006034343144270871,-0.004986370678511487,-0.005060397050313914,-0.010257055553032024
2018-01-31,0.004849203880853636,0.004782286702125882,0.00381706874673049,0.0017835193643158664,0.0017629611152789604,0.0004963335410745895
2018-02-01,-0.0058912026381156,-0.004728455402405962,-0.004505608636957148,-0.0035254764432063324,-0.0033402568219708106,-0.0011347242069585928
2018-02-02,-0.014477528950942009,-0.013738158765427722,-0.011276813173673017,-0.008430723759134673,-0.008660646661801441,-0.021769986941773234
2018-02-05,-0.020617448864229226,-0.016063666877207616,-0.012753647494196496,-0.009987235109559234,-0.010258044129657917,-0.041822760592459485
2018-02-06,0.007610911102088114,0.004869719063634426,0.003446237354502335,0.002854189248762573,0.002894179408896358,0.019702562326185502
2018-02-07,-0.009047188081964364,-0.009318984012011478,-0.007081456262743591,-0.0034287115490674314,-0.00354297903641676,-0.005424879816308459
2018-02-08,-0.01955023187482785,-0.015925737591719447,-0.013438279551255983,-0.012468002473233875,-0.012655729219004153,-0.03750895929108511
2018-02-09,0.006121854970938534,0.0031926369009076527,0.0020449432878653084,0.0014030721061564222,0.0013166124734400597,0.015021621084821524
2018-02-12,0.007842621763123336,0.0070030400870011444,0.0056709935067214,0.004307051705461973,0.004404811263144959,0.014684524201595828
2018-02-13,0.0028529302673336865,0.0029138153495520402,0.0020150956190900793,0.0008812343103781206,0.0008975655857876852,0.002487462628942838
2018-02-14,0.007229401922407508,0.007665869839093675,0.005224620878935271,0.002399254583531185,0.0026186156626368806,0.013496158194652441
2018-02-15,0.007981549112536124,0.006816959710702619,0.005754885077450922,0.005190341797676412,0.005240688572493601,0.01276004662593766
2018-02-16,0.0018763670101058505,0.0016089443614055732,0.0018522504650375637,0.0016807232066167188,0.0016809370841122107,0.0002927696216281639
2018-02-20,-0.007363929430213689,-0.0068412332749011595,-0.005768988709343392,-0.0033067694739169484,-0.00328040747103453,-0.006260915984246718
2018-02-21,-0.006769809956186257,-0.006084211377827664,-0.0056281993584833545,-0.004220962273106199,-0.0042097190252079475,-0.004974313820008125
2018-02-22,0.0038869985193079604,0.004132487956639119,0.003239187892708717,0.001300001347652513,0.0013955612727216682,0.001295926716003759
2018-02-23,0.010267233483427285,0.008867665598069951,0.007786360334427256,0.007374393743138974,0.007440028860298709,0.015939612576209683
2018-02-26,0.0057113353693865054,0.004987673960820338,0.00432849853643269,0.00418784319996246,0.004261733957891423,0.011612276321244064
2018-02-27,-0.012937535257935506,-0.012184679032825718,-0.009744905364073797,-0.005977556582125065,-0.006092228008126033,-0.012486560115771206
2018-02-28,-0.004662127406152017,-0.004308956361182781,-0.002874947882207546,-0.0018340119944423305,-0.0020041984866931983,-0.010129996897868865
2018-03-01,-0.004355050972627006,-0.002803826862598502,-0.002631034554513745,-0.0030537487368315075,-0.0031171887125552855,-0.014540729590672763
2018-03-02,0.001158401044186963,0.0008688726381058665,0.00037868485899439364,8.364890144063608e-05,0.00010585469439616801,0.005155194065787461
2018-03-05,0.004412679483998483,0.003324323469969359,0.0026686712393837464,0.0028900088176500027,0.0029983681618355185,0.011557395993189834
2018-03-06,0.004071876569019972,0.00432164075164132,0.0031728035735063553,0.0009187804815744549,0.0009717198566459029,0.0025351421233839044
2018-03-07,-0.0004079871081468234,-0.0014439720088911256,-0.0009491350596373405,-0.0003996746194567802,-0.0005255486362433226,-0.0003663701968289468
2018-03-08,0.0018892051754129113,0.0009919439876240332,0.001407348460672253,0.002224050019065116,0.0021544331204930156,0.004839044195584119
2018-03-09,0.006797882789443044,0.005736285228315374,0.003809646086453178,0.0032669942767491467,0.0034424151651208934,0.017402233078167795
2018-03-12,0.0014369509366729538,0.001331523228006004,0.00116694763094638,0.0002977177218006499,0.0002642663926077926,-0.0012547526905631878
2018-03-13,-0.0024987302030891057,-0.0019703471951303397,-0.0014996615263821456,-0.0015091089143086656,-0.001572375041261953,-0.006463055488158731
2018-03-14,0.0008672680911641084,0.0012483131968259453,0.0012258750988263234,-6.074886319673567e-05,-9.745418474316203e-05,-0.005131494789521018
2018-03-15,-0.0011075556010701204,-0.0013170941480522558,-0.0008047806138666846,4.2180015634718515e-05,3.2107253172375394e-05,-0.0010895752998619779
2018-03-16,0.0003977942573458737,0.00018535138567488119,-8.533310329461585e-07,3.483752029653786e-05,0.00010556902306912974,0.0010841906185845573
2018-03-19,-0.007033671642380224,-0.005899417436765253,-0.005113340359911733,-0.0051295410524820895,-0.005234338875586664,-0.013530129088814902
2018-03-20,0.00022834156594386812,0.0003757156941588402,-0.0005592299243126764,-0.001114429719411003,-0.0010143851381468894,0.0017005668556184794
2018-03-21,0.0020171862962037324,0.004196741413854177,0.0028405771734401064,0.00046302701807166,0.0006333874470798584,-0.0019194496887522394
2018-03-22,-0.011126119831741721,-0.009242792923928822,-0.0067290988143733355,-0.005269529318893906,-0.005465947581608899,-0.024996864861411505
2018-03-23,-0.009062577206679467,-0.005627618655039912,-0.005163056522375142,-0.006330360521329292,-0.006290895771864147,-0.02131458977790779
2018-03-26,0.012819095340535158,0.010296468767323708,0.008397875387024412,0.0076216504597714785,0.007727255749696793,0.02735889156428639
2018-03-27,-0.004619414074222505,-0.003695068789017819,-0.0021480246738437847,-0.0019946552182532606,-0.002140957321827397,-0.017011804809098807
2018-03-28,0.0022301632362486945,0.0007775150272646414,0.0009775551994088971,-2.763113328252409e-05,-8.12876382910721e-05,-0.002954729314004978
2018-03-29,0.007508506239769952,0.007027107267324473,0.006072519248074837,0.005821300091555015,0.0059301753383818046,0.012777454083429118
2018-04-02,-0.009396449908308457,-0.00739412454879973,-0.004408669602557369,-0.0034043345059570074,-0.0033867029384103686,-0.02158446744090703
2018-04-03,0.004028256593257895,0.002642630643499455,0.0008438970788458011,0.00040230419839581977,0.0003922712038957332,0.012816981136769323
2018-04-04,0.0034998258680256633,0.002167196078669553,0.0013242851370411923,0.0007519731907481564,0.0007749094048346006,0.010699239224515988
2018-04-05,0.0014758060600996714,0.0006954463865365135,-0.00023045654240361202,0.0001839711474775907,0.00018577235405636827,0.00789189515832378
2018-04-06,-0.0065470902846428425,-0.004536153405714338,-0.0012230404656704552,-0.00019956465987014393,-0.00017026794610919271,-0.02228597235645291
2018-04-09,0.002872493271418808,0.003205676995045481,0.002230003067669628,0.001613043043693363,0.0015968657235363448,0.00492852600805449
2018-04-10,0.007364271370204012,0.006910998204965546,0.004167282235004732,0.0029501292341773677,0.0029111094556584227,0.015900666204537783
2018-04-11,0.0005332108557702941,0.001776726904456405,0.0018987350698524974,0.0014325996621034065,0.001387786142386549,-0.00524250948122118
2018-04-12,-0.0017448680435748765,-0.0029880580483609975,-0.002823886319532787,-0.001204102805506535,-0.001181003611258613,0.008227075906175996
2018-04-13,5.9562456168560374e-05,0.0005006075785196629,0.0009494680822315082,0.0005042694712642515,0.0005140301552928328,-0.002932809231149136
2018-04-16,0.0025863654909201728,0.00162027046203983,0.0009335380691726236,0.00040833740038137556,0.00042167005820181735,0.008221356435997196
2018-04-17,0.004958757212726761,0.0038759506985133196,0.00288588250208921,0.0019413207856784354,0.0019488498311774904,0.010698959024753485
2018-04-18,0.0010370791343006225,0.0018665811642328833,-0.00017880649315704655,-0.0014707172604659924,-0.0015265062002703944,0.0007397741568040406
2018-04-19,-0.005893222628129635,-0.0054404408380891445,-0.0044457303378449,-0.0031006150872729954,-0.0030962784651158426,-0.005547341918938242
2018-04-20,-0.00688230787709454,-0.006428035371867202,-0.005443676101865025,-0.004212285817507433,-0.004216668637143317,-0.008479518383803453
2018-04-23,-0.0018441218634941414,-0.0021340031438349394,-0.0014664983409767851,-0.00045294565625675354,-0.0004605203034814265,-0.00014973383285299402
2018-04-24,-0.004163320408696158,-0.0032561889737124927,-0.003051815693305926,-0.00413201652116002,-0.004109884354674853,-0.013467672358508542
2018-04-25,-0.002388245922706367,-0.0027293921986607517,-0.0025768856465971934,-0.0015495418962609975,-0.0015733194966537356,0.002471730748026424
2018-04-26,0.007242326451505354,0.006278431036414789,0.0048309111696125395,0.0037147186575472446,0.0037027240352975888,0.010165595179519205
2018-04-27,0.004864702719461489,0.004635426073732907,0.004000760233214162,0.002310272210519937,0.0023189996958139503,0.0009388734428763534
2018-04-30,-0.0033097950427849465,-0.002548336559526021,-0.0016195807969858755,-0.0007118624150993513,-0.0007432008213695829,-0.007690527714624862
2018-05-01,-0.0012194010862716098,-0.0021539133248086317,-0.0024243114404992605,-0.0025298825765897037,-0.0025287700091762844,0.001777038246900009
2018-05-02,-0.0028159198184392054,-0.0021900858260165412,-0.0011938769958181883,-0.0005862035617059114,-0.0005791822966603188,-0.006717665453152333
2018-05-03,0.0010083859817124896,0.001731153370500893,0.0015832128545627544,0.0008458551518832902,0.0008393239591790724,-0.0022036764247401752
2018-05-04,0.005791387975781825,0.004935790803878293,0.0034548163402225995,0.002652970275337063,0.002623543055510158,0.01294612193131539
2018-05-07,0.0006666347762016578,0.00022318234431173423,0.00010050445070364233,-2.3406483019350333e-05,-2.4729984644533687e-05,0.003383512591452531
2018-05-08,-0.00018078573901358919,4.81813694419575e-05,-0.00046744737244197587,-0.0006529537816740705,-0.0006654289897997101,0.0
2018-05-09,0.002982344143665827,0.0024092903394412613,0.0012641426612611806,0.0014097704168023473,0.0013661432598350842,0.009665813323260775
2018-05-10,0.008304526100716636,0.007879276552354098,0.006125267260633338,0.004355708674362635,0.0043581261675715854,0.009350637904966819
2018-05-11,0.0002723506806647791,-0.0003380182169165913,0.00013243302922738565,0.0006098311092377351,0.0006488616930291347,0.003051580686975308
2018-05-14,-0.0015125043213020106,-0.0012261264743056444,-0.0016831522073925687,-0.00119191630590898,-0.0012184770612880813,0.0004764255936666739
2018-05-15,-0.01006895461372248,-0.009702470336182767,-0.008087664068000433,-0.005257136869333046,-0.005300613084247119,-0.006886966125839611
2018-05-16,0.0017900161663835235,0.001686544001139323,0.00029967362208749293,-0.0002148249351936471,-0.00024027668880288733,0.004204781485398268
2018-05-17,-0.003073988107707315,-0.002897844411438033,-0.00229906567063487,-0.0015106638523308957,-0.0015061220808890718,-0.0008450403653189609
2018-05-18,-9.070416891032718e-05,0.000317758256884515,0.0015554664204089352,0.002420712392730673,0.0024018012650111054,-0.0024998429602968164
2018-05-21,0.005204952715544886,0.004691308501701075,0.0031489872306882383,0.0018658897919716644,0.0018540072922526019,0.007518770128169594
2018-05-22,-0.00043438709621135274,-0.00019298972191716945,-0.0004792679593047522,-0.0008554115529406658,-0.0008641544872796114,-0.0027799745072429882
2018-05-23,0.0022148726698736354,0.0024660677791989993,0.002772653408670722,0.0034752373862614316,0.0033835522212035674,0.0027512100046911403
2018-05-24,-0.00024981221135944587,3.754140912892723e-05,0.0009768667133758235,0.0009395866768178163,0.0009607093091610341,-0.002048626848784707
2018-05-25,-0.0004404977947475297,-0.0011092654315691952,-7.587325804714329e-05,0.00031085304022271387,0.0003482412859943107,-0.002382945595151953
2018-05-29,-0.003955854773710743,-0.0030249067592980072,0.0005026733422532903,0.0022814592895352703,0.0022311911323062983,-0.011501222243800346
2018-05-30,0.006810215916121631,0.00584449788241681,0.002756910905278298,0.0002751688363755722,0.0002785062433385832,0.01334522103466762
2018-05-31,-0.0030120272831460904,-0.0025571974009624965,-0.0017166308828873156,-0.0009038541855507232,-0.0009174638923888923,-0.006125957333638077
2018-06-01,0.003477244087388698,0.0017744161172275064,0.000310202988379471,-0.0006769893569034124,-0.0006147453780451784,0.009817334413747991
2018-06-04,0.0016539685304095553,0.00022454975002794697,-0.0008304969414711927,-0.0019664129297951582,-0.0019025065256834672,0.004751451095847514
2018-06-05,-0.00036187582669011675,-2.6592243317580255e-05,0.0007289600769833093,0.0014105865094669046,0.0013948082373755888,0.0007275404705013866
2018-06-06,0.0035658492086039217,0.0027712332221181413,0.000571451097262754,-0.001006114754261378,-0.0009847510399424442,0.008360790033051124
2018-06-07,-0.000594341477854976,-0.0001453502761150638,0.0013258564672262718,0.0027314717395727772,0.0026820702977601307,-0.00010808824593999677
2018-06-08,0.0004394570759416183,5.9663887152172634e-05,-0.0005013852439906819,-0.0009913834688728418,-0.0009866434729919327,0.00295614613013484
2018-06-11,0.0006913795948635393,0.0005140043857625454,0.0002574515194586624,-0.00018833886296831803,-0.00015165881070289267,0.0013303400164386137
2018-06-12,-0.0003256394439955512,-0.0006084244625068624,-0.0005935589932215546,-0.0002613367062104244,-0.0002973986423280284,0.0012925274660531283
2018-06-13,-0.003640293636197889,-0.002659505053726474,-0.0017993215188712997,-0.0006836063313954144,-0.0006883877032649588,-0.0031911489203655385
2018-06-14,0.0018308134229430006,0.000991818712957615,0.002056591419107523,0.0023410429056449633,0.0023794683049440657,0.0025175063262992126
2018-06-15,-0.004417808879235041,-0.006203115997676645,-0.004214422533607265,-0.002489171353907138,-0.0024095805016921545,-0.001275777573108372
2018-06-18,-0.0023381490132982075,-0.0016167878575442662,-0.0009629105882312805,0.00017465926626036854,9.810860527048604e-05,-0.002056749444099948
2018-06-19,-0.003194147203015252,-0.0032936841537016814,-0.0015558704093475706,-0.00040970018477015646,-0.0004078397982237858,-0.0038325796691064395
2018-06-20,0.00028261112598437776,-0.00047244822165093403,-0.0019160320738651482,-0.0032314459774298587,-0.003227171105455451,0.0017060923316676302
2018-06-21,-0.0028590330958109256,-0.002740746675499617,-0.0013013532408575612,-0.0009228364804142464,-0.000918600468514108,-0.0062691228323917825
2018-06-22,0.005442283431869921,0.00614727513307467,0.004306227140285834,0.002711816080044782,0.0026777887239139986,0.001823027739319194
2018-06-25,-0.0069733830063037905,-0.006307780029479626,-0.004047400980117244,-0.0027393287835718594,-0.00274397626436762,-0.01361285616679142
2018-06-26,0.0015686495263123046,0.0016866272321671705,0.0018375019695211492,0.002753973327402681,0.0027139877881605656,0.00221424629454936
2018-06-27,-0.0037476592549284815,-0.002600179908105349,-0.0002673696721225971,0.0019071540605994919,0.0018432300429005455,-0.008284031403313574
2018-06-28,0.0032495902486777695,0.0023323619582176214,0.0009242350782090458,-0.00043962439070732717,-0.00042656741350355354,0.005717519669609983
2018-06-29,0.0034736523544016684,0.003966549881825321,0.0024551384111648478,0.0013829407122014636,0.0013596430489404288,0.0014394811912816774
2018-07-02,-0.004488208692642215,-0.006003480278042317,-0.003806075083604865,-0.0017580350754304863,-0.0017374891939744286,0.0021376946225504234
2018-07-03,0.002615950755089802,0.0030954205519622136,0.0031924686948732184,0.0024970887933408736,0.0025198089352298503,-0.003530838943359038
2018-07-05,0.005633700380405227,0.004857295016762464,0.003955045359152587,0.003184173553935299,0.0031767611594406553,0.008157905267349275
2018-07-06,0.005278712773924221,0.004652087224677803,0.0032130558514744667,0.002151091821012363,0.002136604132018771,0.008458208390965227
2018-07-09,0.003310926694095384,0.0031380840828065804,0.001348223034217444,0.0009153224293121376,0.0009066967532329606,0.009004374567064266
2018-07-10,0.0002030909739076936,-0.0004215771193701867,-0.0007382247773907169,-0.0010290966195959372,-0.0010305482417618528,0.0035982218566319446
2018-07-11,-0.008072015423739365,-0.009481188495283899,-0.005405552893189336,-0.0023703457896169233,-0.002334640058410664,-0.007314559230003348
2018-07-12,0.005326650376064501,0.004915412587934709,0.003109368493693143,0.0019467589192367907,0.0019424198510533675,0.0090661685764295
2018-07-13,0.0005254317335037229,0.00046234603815542563,0.000792029322611576,0.0012954545125478667,0.001282137402088157,0.0007873436254930422
2018-07-16,-0.0036378121032331068,-0.0046104644200295475,-0.003662135619676321,-0.002917926696846984,-0.002889238653650761,-0.00089404120060399
2018-07-17,-0.0002167029945019383,-0.0007539311914347424,-0.0011914582254396455,-0.0006827138864882176,-0.0007089103135499153,0.004045294365375263
2018-07-18,-0.00038678508589118366,-3.594308273424662e-05,-0.0004046301645923567,-0.00010046793577911384,-0.0001128023060440464,0.002103842748231388
2018-07-19,9.198819560296556e-06,-0.00031154954022116765,0.0005451263245406235,0.0006644929366632635,0.0006590625979894238,-0.003771583837106407
2018-07-20,-0.000596389916382889,0.0003989019633110491,-0.000974149883569364,-0.001398900505610201,-0.0013969418612260753,-0.001142750923876723
2018-07-23,-0.0028772218513878345,-0.003244957226294698,-0.003766922669184325,-0.003314562335400284,-0.0033299880494673806,0.0018591101388116815
2018-07-24,0.003607141125123281,0.0037235545905733858,0.0027618982988268925,0.002423801206565823,0.0024132658674536067,0.005032056115855443
2018-07-25,0.006592271022558105,0.006583140453518155,0.004172500357041198,0.0024241749624915876,0.002411366287751182,0.008522245505663717
2018-07-26,-0.002445407122674381,-0.0027480218923338073,-0.0018147607406217015,-0.0006285447961170698,-0.0006422689868716969,-0.0023589405265909136
2018-07-27,-0.0020241591706503526,-0.0012290807709209872,-0.000256799141618691,0.0006103887561288435,0.0006182491643034194,-0.006776290683077835
2018-07-30,-0.0014725437268452435,-0.0008576518331606664,-0.0009070208857315798,-0.0008391954272519708,-0.0008491173498446081,-0.005223602548374728
2018-07-31,0.00498252487730233,0.003966477553496883,0.003257514762009528,0.002013569156402939,0.002026015658294078,0.00492943331493656
2018-08-01,-0.003650464458686331,-0.00490463210442893,-0.004292471840697698,-0.003754122458210385,-0.0037464468291144026,-0.0016703700236855301
2018-08-02,-0.0013931092756668262,-0.0016814415440586927,-0.0006366368351742313,0.0008235641570255581,0.0008056219067746895,0.005447250820275418
2018-08-03,0.004744319864573354,0.004513073210019147,0.0036692720906914555,0.002625036460300878,0.00262600337396357,0.004285269727080099
2018-08-06,-0.0008367506834362493,-0.001244938948191332,-0.0005831655823502757,0.0003948047790935938,0.00038262984095061015,0.0036671905191951737
2018-08-07,0.0020319373107398064,0.0021996971469577797,0.0004936194283662321,-0.0006680401682416237,-0.0006782497230293227,0.0033020111715946765
2018-08-08,-0.00173347575113314,-0.0020232800042802035,-0.0013815058458821472,-0.001244624871362232,-0.001221369116033988,-0.00042032449050666276
2018-08-09,-4.4130206979575703e-05,-0.00010639897604303172,0.0006793080196811907,0.0007277727691881175,0.0007321039097387683,-0.00136570832633498
2018-08-10,-0.006006728681074547,-0.005001556044148869,-0.0018730930376062993,0.00033731812764514757,0.00034683340816954455,-0.006700342695051709
2018-08-13,-0.004688875697223538,-0.005347661212993682,-0.0034670145818603837,-0.0012864079783508897,-0.0013075543138035828,-0.0037435526166432753
2018-08-14,0.002539055728839612,0.0019996724051165593,0.0010206407284898411,0.0005349350598342628,0.0005328016046712847,0.00638093355281022
2018-08-15,-0.006385329411597973,-0.0077913599695071944,-0.004005675101488193,-0.0012394572576844842,-0.00123494053338713,-0.007467406622511774
2018-08-16,0.004786632834947735,0.004133648285201463,0.0025493658681270404,0.0015600159725233098,0.0015427477383878063,0.008091415533805435
2018-08-17,0.00493331899892735,0.004970805582447779,0.0033488908170931087,0.0015344539817896408,0.0015438779946190806,0.0035200101150691943
2018-08-20,0.0032527500886498917,0.003398028363682748,0.003092125795787215,0.0024937285313155755,0.0024985919306548254,0.0021402802853651703
2018-08-21,0.0012159505912985313,0.001414399896621621,0.00022656769226880868,-0.0005917691586073692,-0.0005915609600815053,0.0023454131026767744
2018-08-22,0.0018714302823708007,0.0030021558136552606,0.00234458179338648,0.001793255974567698,0.001776841457950873,-0.0005937536394873266
2018-08-23,-0.003580640127074708,-0.003908322290883448,-0.002135309719581424,-0.00037102414839196296,-0.0003843180534923718,-0.0013279316726456658
2018-08-24,0.006699922882598797,0.007255743445361951,0.005078442509589998,0.002744801233950378,0.0027653180437776648,0.006018313039115375
2018-08-27,0.003739849838880316,0.003374488784072538,0.0014108631227665036,0.0003245804191001067,0.0003195912306794835,0.007895449848104308
2018-08-28,-0.00038695570308733274,-0.0015182942248058717,-0.0021446820419500634,-0.0027419897087986866,-0.002752439208090429,0.0004831620062906161
2018-08-29,0.003394258039775,0.0036517423324953224,0.002201625600434687,0.0009422955965219248,0.0009324018324192718,0.005381052361262073
2018-08-30,-0.005608202023750453,-0.0054484338716466185,-0.002732597763551836,-0.0002991024551871613,-0.00030147084404097413,-0.004048748167225447
2018-08-31,-0.00044428579362487675,-0.0004224052915089427,-0.0009631400259701994,-0.001480105509925056,-0.001480807266454942,3.455153004483513e-05
2018-09-04,-0.006670899252487317,-0.00679950813053487,-0.004704293250025193,-0.0023249255063019225,-0.0023233076765195593,-0.0017222927080741135
2018-09-05,-0.0027299238340598997,-0.002789195584895654,-0.0018666647650964485,-0.0014615543365794625,-0.001444429042480877,-0.0026913097402138098
2018-09-06,6.62790441838812e-05,0.00013684675529868073,0.000716147864542771,0.0008563594358534932,0.0008706081735940785,-0.00301030623672105
2018-09-07,-0.0051368954797692545,-0.004668104336018497,-0.004271158350772408,-0.003351108674986003,-0.0033562282098026364,-0.0019431546233146246
2018-09-10,0.0017426839575713782,0.0014414028067502027,0.0017211743245684197,0.0020668825145520042,0.002057663795811182,0.0017384614720838965
2018-09-11,0.00035952990764287485,0.000523338798840145,-0.0005815254561700733,-0.000932548642964437,-0.000946519552919467,0.003297709393958348
2018-09-12,0.002620819998445656,0.0033316190371928123,0.0027127316330752826,0.002006872674293003,0.0020124508919638906,0.00024213144356721727
2018-09-13,0.003563264274697664,0.0021771211609660224,0.0011277699068528158,0.00039582268760973705,0.0003992609308316464,0.005914242793981783
2018-09-14,-0.002364883314050159,-0.002884548406857923,-0.0025187441667388066,-0.0016113201392951026,-0.0016163969971152437,0.0001719687398520353
2018-09-17,-0.001176468828142485,-0.0007615850923108347,-0.00026338163645323043,-0.00039193886000854494,-0.0003786509413772343,-0.005294328223228506
2018-09-18,0.0014027502070945719,0.0013075288619031067,-0.0004759660921561659,-0.0010654469687141344,-0.001087542377103179,0.005426148438855138
2018-09-19,6.182952735844793e-05,0.0008657269126455258,-0.0001118831913613505,-0.00031178657855135405,-0.00031471481683054137,0.0010656523103766968
2018-09-20,0.0068171745272458395,0.005931404490286951,0.004411796844284943,0.0029301912528132412,0.0029298769294421323,0.00810378161877967
2018-09-21,-5.1754362899614215e-05,-8.332137214583923e-05,-0.00022494113487092626,1.853465642742691e-05,1.3901281539219212e-06,-0.0009136630668435952
2018-09-24,-0.004737961033951077,-0.0032094822387166433,-0.0023526475965404137,-0.000993436816599358,-0.0010121924540633653,-0.0033220202028748647
2018-09-25,0.000955669038647855,0.0011717978677661112,0.0006501360938881984,0.00025391802337604297,0.0002520396431697769,-0.0009275687535136301
2018-09-26,-0.0014111029487261506,-0.001123790707234007,0.0001878709792724198,0.0015666296258924906,0.0015632668654730342,-0.0029921714249635523
2018-09-27,0.001414550748539689,0.0009906569553506106,0.0006071909942626519,0.0007465374341075748,0.0007223328881182933,0.0027940039945117956
2018-09-28,0.0008101425808422213,0.0012146019661627427,0.0006522008320504202,-0.00022092662413808473,-0.000219433452201101,0.0001031670757740688
2018-10-01,-0.0005863469801075105,0.00010077265797803214,-0.0010198695958764104,-0.0009640297535620235,-0.0009094894258592223,0.0034742709088588786
2018-10-02,-0.0005546730762611141,0.00032128935457631513,0.0013322890283073985,0.0016195941585774865,0.0016489754432997827,-0.0005829213226762331
2018-10-03,-0.004953886626693715,-0.004712014138010923,-0.0050703657218413856,-0.004176840786057845,-0.004149148524125956,0.0005488964462838641
2018-10-04,-0.008757391870255149,-0.008499869187928333,-0.00596171821842284,-0.003935450416499342,-0.00393521551327114,-0.007815836643744634
2018-10-05,-0.003854242998955981,-0.00334970645103283,-0.003291533342321906,-0.0031264293331990656,-0.0031049589147050805,-0.005596623224048081
2018-10-08,0.00017558817056939624,-0.0009041459819219,-0.00122743639033418,-0.0015748807005055987,-0.0015940654332085025,0.0
2018-10-09,0.0012586092763469114,0.0019248136678984284,0.0025158416447477183,0.0023846572460199944,0.0024177602942365706,-0.0014595157686119187
2018-10-10,-0.016000955658596494,-0.013380157883048027,-0.00817762026334723,-0.00490736000596359,-0.0048360432916321194,-0.031663252769417616
2018-10-11,-0.008736690851680606,-0.004938034421296811,-0.0009162709347949605,0.0014900744493409057,0.0015583526648266233,-0.022026585429846923
2018-10-12,0.005341277996169014,0.004461930249317847,0.001598492275173946,0.00042580601637776105,0.0003931072412510783,0.013888813595733351
2018-10-15,-0.0011398688334931517,-0.00043560342880644143,-5.907584353070927e-05,-0.00041081502827233773,-0.00037245656569750984,-0.005617296772762015
2018-10-16,0.01257098484627539,0.009951039923220995,0.005902677337889406,0.003071079657815723,0.0029910420371412894,0.0218659002410857
2018-10-17,-0.004310822175160545,-0.004836701756933737,-0.004072510239420568,-0.0034440287619686982,-0.0034722938387411473,0.0001781123153867803
2018-10-18,-0.008516545258955177,-0.0076091932951718455,-0.004269423924735394,-0.0021153407337534125,-0.0020876502841317146,-0.014440739750837706
2018-10-19,0.002660310370946828,0.002731224800686549,0.0010326286358630643,-0.0004516267867317181,-0.00043192577023831724,-0.0005426903924310444
2018-10-22,-0.002871377086822058,-0.0018846093253206408,-0.0017281827269520766,-0.0012763529737206403,-0.0012553486702703287,-0.004488958082273342
2018-10-23,-0.0030797186915922925,-0.003508628489160892,-0.001469235438087968,-0.0003957768718249044,-0.00044115870498484533,-0.0050907541942168955
2018-10-24,-0.01044730652615411,-0.007794513649151624,-0.003009858815956723,-0.0010598834655783929,-0.0009493924433729983,-0.03029844148270766
2018-10-25,0.007904759493680746,0.0057323489724494525,0.001781646847941687,-0.0006847374162501918,-0.0007465775802206753,0.017940458419537952
2018-10-26,-0.007039252606932944,-0.003862695467037769,-0.0004457355202739377,0.0018618502760512357,0.0019609510765847826,-0.017587427037997094
2018-10-29,-0.0026049998448464118,-0.0034106126001244297,-0.002290061746239025,-0.00193046312313494,-0.0019477484632544062,-0.005540038673838454
2018-10-30,0.0065998696989699734,0.004137728574055588,0.0009593350859069538,-0.0011377593946108044,-0.0012213524357683747,0.014818112121174787
2018-10-31,0.00012159464592964575,-0.0015859910901804275,-0.0022789596505685683,-0.002004139032638852,-0.0020996391507598355,0.01068111497756874
2018-11-01,0.008586003610042026,0.007869361801733143,0.004516002954975118,0.00236967072320704,0.0023127610484050543,0.010641772448329645
2018-11-02,-0.003731361313725312,-0.003138252228668148,-0.003548038381311125,-0.0032304641460484396,-0.0032158629099448,-0.005922899496506817
2018-11-05,0.00409718045296481,0.0030430581546803115,0.0024420002871692326,0.0016303875039309634,0.0016043079537171323,0.00551692369822554
2018-11-06,0.0020208920439370726,0.0008024766423109231,0.0006080436549815715,0.0007395563916559045,0.0006958082751935546,0.006328196432639377
2018-11-07,0.009973733629198733,0.007432344532867452,0.004683388883472528,0.003061238298996072,0.0029630152114761277,0.021408504808283046
2018-11-08,-0.004974596689591437,-0.005421590377741148,-0.003561088332959428,-0.0025275129694172227,-0.0025373420701421123,-0.0018151098461987036
2018-11-09,-0.004956897730718723,-0.005100351478294907,-0.002166032975666754,-0.0007160880685131987,-0.0007224586828952217,-0.009767855102595369
2018-11-12,-0.006702245374323734,-0.005227995404634367,-0.002488140212127621,-0.001482668570592316,-0.0014169032334291343,-0.01868522326942157
2018-11-13,-0.0007201043061197954,-0.0018190858075006755,-0.0016910061709306534,-0.00177195753211834,-0.0018558881282262352,-0.0018713764936835187
2018-11-14,-0.00026996356969588575,0.001350702867295217,0.0005284664833433705,-0.0006244169296237834,-0.000561538686698726,-0.006836636658793305
2018-11-15,0.003438741560359171,0.0028495679496611803,0.0012156171488364453,0.0003540836040110129,0.00030788097992973107,0.010436664511410232
2018-11-16,0.00448667241583256,0.004709009038678547,0.004289710495781307,0.003352973527717573,0.0033708793363775857,0.0026002514475009786
2018-11-19,-0.005462975288659466,-0.003875392658432064,-0.0022647106881465984,-0.0019175804468229973,-0.0018473575838321432,-0.016913927059124423
2018-11-20,-0.011514788801783693,-0.010888225484914527,-0.006816517467576166,-0.004322961202587017,-0.0043406591560167795,-0.018505983526534098
2018-11-21,0.0050177399593678285,0.0051176954882519166,0.0029855671733522993,0.0017257617938621905,0.001733437352390066,0.0034071432956048753
2018-11-23,-0.005207072740972762,-0.005983221622750445,-0.0036503433040152578,-0.0021043921144239253,-0.0021682224414676377,-0.006678506162327236
2018-11-26,0.00641397504453356,0.004841286866637429,0.0024410908945615706,0.0012957821471826225,0.0012403385417656398,0.016144352943622486
2018-11-27,0.0006280081882494848,-0.00022002929523079473,-0.0012059340832538679,-0.0020145602296870457,-0.0020442583879913823,0.00336447763755654
2018-11-28,0.01005204724282005,0.007664653893549422,0.004767894035798914,0.0036237193812047597,0.003523293935819183,0.02302511221425485
2018-11-29,-0.0006963365139824873,8.043345396124835e-05,0.0012843137972917695,0.0013327445998976284,0.0013677234420661488,-0.002184588240138341
2018-11-30,0.002018482611446215,0.0009194334897850709,0.000522556266439711,-0.0001893398921226641,-0.00022650559166559336,0.006095021824829461
2018-12-03,0.010141120818393468,0.010289665681885163,0.007114572973176747,0.004763922641253915,0.004784597260528933,0.013241064159793314
2018-12-04,-0.011681472028459483,-0.00736913228159386,-0.00281827539628432,-0.0012573708414458373,-0.0011075624303235054,-0.032401914530426956
2018-12-06,0.0015776620512917283,0.0006111986240719958,0.0009825719442824177,0.0005951809252708884,0.000580413475044228,-0.001517647203716277
2018-12-07,-0.008173284527349556,-0.004599703408634359,-0.001798750887970768,-0.00024563987700310097,-0.00010734257966271699,-0.023235725492220638
2018-12-10,-0.0030952143223743622,-0.003964736936645452,-0.002265679844458246,-0.0006645821571792387,-0.00072104594662592,0.001897133138583973
2018-12-11,0.001242519559819577,0.0013728813193762957,-2.692594939013304e-06,-0.0006882742502974937,-0.0006743158976643127,0.00022706897354884958
2018-12-12,0.0014606069054385884,0.001351575238242697,0.00035560991766114824,0.0006504470111823313,0.0006167143661597319,0.005035239989570783
2018-12-13,0.0011314701113793735,0.0014830880816465442,0.0011899094128227095,0.001346081202257432,0.0013853294067649458,-0.0003389170411352005
2018-12-14,-0.007799253919548388,-0.00680519463366569,-0.003834514420826607,-0.0024531209729079517,-0.002429610053702236,-0.018464827924801974
2018-12-17,-0.010578418365406184,-0.007554128073996025,-0.003381065115074078,-0.00023084737541734235,-0.00018245989192777756,-0.019618543399163912
2018-12-18,0.002407181055733565,0.0015018318793871277,0.0020524466083198245,0.0019487121051766643,0.0018914536933831716,-0.0010961350406121229
2018-12-19,-0.005951125356829623,-0.004227025928354666,-0.0017156019490247587,-0.001086805833092952,-0.0010234193558994464,-0.01497598837756764
2018-12-20,-0.0055259295615861515,-0.003119021059542759,-0.0028449380899034926,-0.0028426262030257776,-0.0027926200629274645,-0.016277823223267207
2018-12-21,-0.009631291557207211,-0.007722760672233986,-0.00483118671550975,-0.002875169471677874,-0.0028254622337030577,-0.02048963301852491
2018-12-24,-0.011742276270189422,-0.007943829412641712,-0.004070400354796111,-0.001811504601759606,-0.0017344177567919505,-0.026422805132813143
2018-12-26,0.018187999343184602,0.013102649749688,0.006384531913084857,0.0028326851138984477,0.0027127521375220898,0.05052482066525554
2018-12-27,0.0017431149849576055,0.0009574183985541218,0.0007941778870399485,0.0007484714164471828,0.0007008392462306556,0.007677492119013474
2018-12-28,0.003418343174582006,0.0034344261659122743,0.0035372284874393145,0.0032183720947820404,0.003200622415567622,-0.0012901166598802138
2018-12-31,0.0028659174054626035,0.002169677477658949,0.002090706489568328,0.0021626952545867884,0.002140916417414651,0.00875890015775016
2019-01-02,-0.0016014462987470335,-0.0008336417362830861,0.0006812720746907086,0.0018860112690091135,0.0018812173063922355,0.00104032833507528
2019-01-03,-0.0034751181851503388,-0.001018662474488452,0.002076150566771906,0.002664012738015753,0.0026647863005784256,-0.023863005091308898
2019-01-04,0.013243283093045788,0.010845921791273971,0.00392578344845762,0.0005975699537072998,0.0006641321855378468,0.033495814620885245
2019-01-07,0.0038450803450340576,0.003469866478173156,0.0016743395285347962,0.0007450647599731575,0.0007433420734548335,0.007884753251218957
2019-01-08,0.006260759284532291,0.0053614317825430025,0.0031626345914708143,0.0017784610535276357,0.0017988092338681039,0.009395261312808767
2019-01-09,0.005668752172577118,0.006946648893815466,0.0046371145686938675,0.003850077115251871,0.0038818063028567273,0.004673602149212419
2019-01-10,0.0020178631588467777,0.0009695245887129111,-0.0010812164969062898,-0.0024180327907907806,-0.0024014426560358126,0.0035275594757862017
2019-01-11,-4.3876733112346855e-06,-0.00024440094826960745,0.001026466812963811,0.0015993567361956007,0.0015707184648050543,0.00038629792115307815
2019-01-14,-0.004211025504374688,-0.004120934388292752,-0.0030333590846232106,-0.0021701462491525714,-0.0021880006323176104,-0.0061009922238084435
2019-01-15,0.004802711063931042,0.004021658066110101,0.001717505547517817,0.0005082453452363023,0.0005172265438107004,0.011460816592542056
2019-01-16,0.0038699402330653054,0.00402686140387698,0.002428272929863473,0.0014136377916920129,0.0014160947872927654,0.0024198769542103093
2019-01-17,0.003170271377317846,0.0023956797945299257,0.0013030528132547126,0.0007360854234208514,0.0007376297554855249,0.007586669265270629
2019-01-18,0.004238313155598528,0.003309589215116482,0.0012386677382567601,0.00046131765579371375,0.0005004986927570343,0.013310001776007496
2019-01-22,-0.0058852765198588175,-0.0050899347891238955,-0.0016960667143949282,2.0152768916981145e-05,-1.8901426830475465e-05,-0.013510673579998467
2019-01-23,0.0019526825784712543,0.0017296746082318126,0.000858449094998992,0.0006032654139216387,0.0006149183779859957,0.002092632045607834
2019-01-24,0.002886705651223398,0.0029622753148113024,0.002447661540637247,0.0016520282492638039,0.0016607244670372445,0.0005313091996137498
2019-01-25,0.006908319122544748,0.0067474866320365035,0.0035341174641061457,0.002073617726811472,0.002065486781145376,0.008461743076099815
2019-01-28,-0.002482711648791991,-0.002986940558150075,-0.001774548363665085,-0.0011447690417702994,-0.00117097882490802,-0.007600340240178194
2019-01-29,0.0033282380714514392,0.004015872553713384,0.0036213740437647246,0.002965005775784846,0.0029715522400457495,-0.0013270599823868023
2019-01-30,0.009492936300150578,0.00886974347064462,0.006634850744049903,0.0057218732887929225,0.005721998407418161,0.015830682992957312
2019-01-31,0.00615642721077192,0.004965375569141894,0.005278801028486324,0.005181407000370397,0.005160753744078539,0.008782366142430886
2019-02-01,-0.0026079839694026496,-0.00211334806174468,-0.0024786057364672986,-0.0022493198240449708,-0.0022365265100350307,0.00048195189062294475
2019-02-04,0.0020226776830314375,0.0010497604752748302,-0.0005004573277970215,-0.0013999303818007514,-0.0013902613423513177,0.007035432263714059
2019-02-05,0.005026129066201479,0.004451548358814783,0.003432979678912762,0.0027142385132312707,0.0027192551777455165,0.004191856261150928
2019-02-06,-0.0038568129667596596,-0.0038748494107121445,-0.002552692033866877,-0.0018946775899475465,-0.0018905600357875807,-0.0013183366398966667
2019-02-07,-0.002768582574206313,-0.0027695545411032807,-0.0007560410053721878,-0.00035304737946817433,-0.0003925552778797359,-0.009532721654321286
2019-02-08,0.000400428757513005,0.0004587614660995776,0.0011427947563342755,0.0015228773599647027,0.0015039526003877146,0.001221590537778372
2019-02-11,-0.001432626460980968,-0.0021629916424547035,-0.00233206213594761,-0.002427363067239119,-0.0024261668827999516,0.0005543960179847929
2019-02-12,0.004133201883548709,0.003740268101465327,0.0021694460120964543,0.0018737656452383344,0.0018874604002969697,0.01285944945214168
2019-02-13,5.0990265713979355e-05,-0.0002794532420707929,-0.0007933554587794545,-0.0012154462699398572,-0.0012051822824890035,0.0032470403481428267
2019-02-14,0.0017862963217256667,0.0022825953933509613,0.0024712655902572322,0.00214907521665042,0.0021438475872341822,-0.002218288302425764
2019-02-15,0.0064804004979461816,0.006558349835488642,0.004138305147153076,0.002605381844684951,0.002636287061342113,0.010897215967522689
2019-02-19,0.003287581099872261,0.003980101948704462,0.0033185343427653002,0.003001525619533263,0.0029775559070341906,0.0017304145806200655
2019-02-20,3.315889388688653e-05,0.00026642360022344214,-0.00014750974509225578,-0.00010284376158997688,-9.034853977096802e-05,0.002015585442455059
2019-02-21,-0.0030781876290640886,-0.0030536036827264468,-0.003207666148430488,-0.0030578457331863484,-0.003027891917591674,-0.0035557286238604435
2019-02-22,0.005364759814281639,0.0050907300894764695,0.004270924830400258,0.0035981947821970284,0.0035914645056382977,0.006199999938516054
2019-02-25,-0.0007270360912151608,-0.0014129517839829298,-0.0013674474317143526,-0.0008676631335710061,-0.0008753818689760662,0.0013611204364578633
2019-02-26,0.0008083084247718642,0.0012163104402922453,0.0016161049657459348,0.0016728633396014825,0.0016896356984528182,-0.000715363672084024
2019-02-27,-0.004142117880451379,-0.0039924868690904836,-0.0037054872405528627,-0.0027824787226661263,-0.0027718348112055757,-0.0004295376833517439
2019-02-28,-0.0026375073061545296,-0.0031197963601228285,-0.0024173578510214844,-0.0019571890033998063,-0.0019479184181450115,-0.0018622112723347684
2019-03-01,-0.0015593590270974733,-0.003348380123964878,-0.0035663210328363837,-0.0031680693125889503,-0.0031359594626713116,0.006243577180637283
2019-03-04,0.0008104608501973143,0.0011256285220118123,0.0015092948968407072,0.00105108939260945,0.0010553696907591448,-0.0036378424912193452
2019-03-05,0.0018137105237523432,0.002326289355503386,0.0012268971439108878,0.0002907515514345427,0.0002986226880210552,-0.0013600984394060989
2019-03-06,-0.002537962691415041,-0.002314311848065853,-0.0006222793839453233,0.0002739684477357507,0.00027269476840907636,-0.006056918528638544
2019-03-07,-0.00429660448153435,-0.0038492272896323287,-0.00040198129225532675,0.0014803521359412208,0.0014548878964688594,-0.00836542157108211
2019-03-08,0.0004747845445642884,0.0008656982921375622,0.0015485443528442389,0.001884390203869879,0.0018629489075492334,-0.0020000547042593464
2019-03-11,0.007487192440497115,0.005895222121409027,0.002697364759882692,0.0007198032186459535,0.0007330656473065744,0.01450156772697353
2019-03-12,0.003852497411403588,0.00408771341091807,0.0034945668265256025,0.002753605296927919,0.0027381890173259205,0.0037709151726945667
2019-03-13,0.0037686010013586735,0.0036631831445770313,0.0021608005867381763,0.0012594021747540651,0.0012648312259970762,0.006618937682960402
2019-03-14,-0.0024830364984215203,-0.003235938423691853,-0.0027485962917854767,-0.002229924311360598,-0.0022077950203815977,-0.0006394987997878632
2019-03-15,0.004999253080366639,0.005011734585325778,0.0043441651117595015,0.0038705872764086546,0.003884042555613032,0.004940298607969629
2019-03-18,0.0016866653743339288,0.0020075648380577515,0.0008291656625758481,0.00023830740663521865,0.000246954430206614,0.0036259467446315696
2019-03-19,-9.643402724646144e-05,0.00021825582325107895,-2.986589014697394e-05,0.0001640681699583979,0.00016629675495316576,0.00024793810473644484
2019-03-20,0.003340106585589586,0.004284375911923544,0.005623951436029895,0.0061357023487751405,0.006135139533179235,-0.003009638625074751
2019-03-21,0.004883148615877575,0.0029235793760369333,0.0016827927496774198,0.0004769923749361471,0.00045874280657254296,0.011294519738628939
2019-03-22,-0.007963548893320072,-0.006821178650028514,-0.0008619333571852072,0.0022051591194280906,0.002165307008753725,-0.019246298186645916
2019-03-25,0.00153681420862406,0.002083913864545428,0.001715539816171896,0.0016308151162403028,0.001623120409796508,-0.0007521397335512603
2019-03-26,0.0031550423959829654,0.0021822215859439442,0.000578802252461097,-0.0005351914000789604,-0.0005199567997453691,0.007454027764549398
2019-03-27,-0.0019441018942248922,-0.0021254055057532417,-0.00045128458103060876,-0.00013332494924189753,-0.00011727901979063926,-0.0052289903294487905
2019-03-28,0.002037293036536436,0.0008135093010339656,0.0003231190981625165,-0.0006635699161142705,-0.0006494169286637153,0.003790298412520876
2019-03-29,0.002696568196085991,0.0024171243180137747,0.0014077508990735232,0.0008610652821952058,0.0008611943241327857,0.006305430079551755
2019-04-01,0.003380163988131457,0.002681141696955436,-0.0008384004618777752,-0.0021001067519174077,-0.0020882261196285556,0.011859241113414631
2019-04-02,0.0016972412072440157,0.0016520910025030755,0.001600488277395451,0.0013903033165163503,0.0013952600265099147,0.0004905172021458792
2019-04-03,0.00029616915848640346,0.00014545676477450975,-0.0013800497146914115,-0.0016595907808526489,-0.0016631286986484861,0.0015728523522415827
2019-04-04,0.0013839280983747315,0.0014892883208312835,0.001317145191297886,0.0010622334448204818,0.0010588652443404012,0.002653392431475554
2019-04-05,0.0036354459254890337,0.0031566014767401285,0.002168886233007594,0.001441453026868933,0.0014523458678152856,0.004840719856318287
2019-04-08,-0.0007638062599337747,-0.00022219967323588996,-0.0005671030521130493,-0.0005370136107675227,-0.0005454902102920434,0.0007620978771425424
2019-04-09,-0.0019191868583057214,-0.0010545100481575975,0.00027308054675456717,0.0010288790091850242,0.0010180812635027792,-0.005125042353899656
2019-04-10,0.004796111086822652,0.00487606469138413,0.004462166629716879,0.004256811254968351,0.004270057043514575,0.003411322749646617
2019-04-11,-0.003557123265157336,-0.004541079154865568,-0.0036705935558880576,-0.0026174651381685177,-0.002603296001964628,-0.0002775670564190147
2019-04-12,0.002784030523989456,0.0020964098794276076,0.0002777995700868896,-0.0003262372268608704,-0.0003214226717405122,0.006765866695703782
2019-04-15,-0.0014582903954913906,-0.0014440550196922475,-0.0008402481844284049,-0.0006621626524293545,-0.0006676030372828601,-0.0006549147990376758
2019-04-16,-0.004433102798644839,-0.004134409639288239,-0.003911394229981435,-0.003015822625887732,-0.0030323880912165313,0.0006553439935175209
2019-04-17,-0.0015277070563607387,-0.001231780874018873,-0.0008167432933665619,-0.000345577931183616,-0.0003593504512572343,-0.002447005160658433
2019-04-18,0.002511023925766631,0.0023041671771417693,0.0022591571604597682,0.0016884435354986849,0.0016998117873328056,0.001969563930214635
2019-04-22,-0.0028407637852806422,-0.002275988865902079,-0.0018363501522581371,-0.0011340569417128687,-0.0011382298135830249,0.0008615787185723978
2019-04-23,0.005081015327612182,0.0037820383478879283,0.0032642332325742984,0.002933879537076578,0.0029504551931773815,0.008991926712895504
2019-04-24,-3.432024806304668e-05,-0.0002519131455848145,0.0017506688080235477,0.002463926900116542,0.0024682372149733567,-0.0022195985448989486
2019-04-25,-0.0009199694310008111,-0.0008689339217413661,-0.0005766963344315812,-0.0002573749054939345,-0.00026260032700231584,-0.0006158734018120171
2019-04-26,0.0037942060643716413,0.0026997287532797287,0.0028663847996988068,0.003062165369705605,0.003042115223730102,0.004656727693423068
2019-04-29,-0.002073889487851699,-0.0020640518497291316,-0.002816306906245125,-0.002852528330566373,-0.002858935778633942,0.0015676974907579133
2019-04-30,0.0026197808859655947,0.002530028084595015,0.00214590703395956,0.0013000581862445681,0.0013091771205513414,0.0005104985051997968
2019-05-01,-0.003255835426536624,-0.003160826084389723,-0.0022353604911530267,-0.002138004115379344,-0.002126181157568574,-0.007516451913098021
2019-05-02,-0.002340844665434938,-0.0030796480289940753,-0.003550948303589263,-0.003738856301053417,-0.003744933788718985,-0.0021586009528292704
2019-05-03,0.0072478901587289535,0.006437511584342026,0.005082784435270771,0.004413150876701355,0.004405271495861562,0.00978732388287562
2019-05-06,-0.003961136427008016,-0.003347353569565059,-0.0008994252165923644,0.0004333513508845144,0.00044107613930544076,-0.004114917827552356
2019-05-07,-0.009816299769962122,-0.008225890061875796,-0.0038309616366202226,-0.0015462618535980743,-0.001571926114931399,-0.01669992686815358
2019-05-08,-0.0015989967342456834,-0.0015646805953059006,-0.0022049153891144924,-0.0025193146167492575,-0.0025160271898788666,-0.001389216883685651
2019-05-09,-0.0017236990577780276,-0.0018711054237204872,-5.433846153957145e-05,0.0008020503321619632,0.0007986066840468542,-0.0030257530983111014
2019-05-10,0.004462264345951539,0.003813815921322128,0.0026437941235339935,0.0020177535388459233,0.0020228216447304437,0.005023432336743516
2019-05-13,-0.00977537316734789,-0.007467676927680245,-0.002499328169345394,-0.00030664467255359096,-0.0003098172632794993,-0.02513031621546813
2019-05-14,0.0053694068758420865,0.0052163897329726705,0.00293120908832889,0.0018529521314267772,0.001868095018754401,0.009043716334347307
2019-05-15,0.004414853084002246,0.004155273452579822,0.003394064252538742,0.0024869444889623615,0.0025031596870948025,0.00585763829070074
2019-05-16,0.002121799766175103,0.0009604269196143989,-0.0003508058933650027,-0.000970242105198249,-0.0009546397415163277,0.009261118185179162
2019-05-17,-0.004888607601729045,-0.005278852179638416,-0.003010671261432063,-0.0017074739772007241,-0.0017052657294027718,-0.00646525238213258
2019-05-20,-0.004837093780719615,-0.0034268825048358043,-0.002601506024443534,-0.0019714016548804114,-0.0019779965835104996,-0.006611887828541718
2019-05-21,0.004958907836907223,0.0038305477916744657,0.002060982326516081,0.0011103461566754902,0.0011181423555768344,0.009015751549264817
2019-05-22,-0.0011263734530807534,-0.001885176859048987,-0.0005091967134622788,-8.113616439375804e-06,-1.8339332234384997e-05,-0.003071850819458599
2019-05-23,-0.0033100369322509593,-0.003218346094778113,-9.328377112338693e-05,0.0010894819167219794,0.0010620641116148022,-0.012218542880986005
2019-05-24,0.003561855268475078,0.00402288963812536,0.0030590498123306276,0.002603314701123516,0.0026134585234569574,0.0022687592162888848
2019-05-28,-0.0031722048721704033,-0.0014441184784036443,-0.0004996063792952476,-0.0006230775931801436,-0.000609787794890182,-0.00930059657859117
2019-05-29,-0.003190134181468074,-0.00206009199087831,-0.000663215085941915,0.00011949658554932796,0.00010508929238195464,-0.006710715747041074
2019-05-30,0.0039925498264552495,0.003397984285715472,0.004070592103973203,0.004348428644348923,0.0043271169342202764,0.002730738259293153
2019-05-31,-0.0007244945881074161,-0.00043549179039803487,0.002395546616373201,0.003225944254807711,0.0031874490421184287,-0.013475005555118935
2019-06-03,0.003605085688322296,0.004313184997338793,0.004129889769785899,0.0037561842902638087,0.0037290995050178743,-0.0025427243203413052
2019-06-04,0.003957958467881939,0.002472609118797209,0.0004992938785430834,0.0006335464795732548,0.0006254235840090772,0.02170660006667391
2019-06-05,0.002616965822388906,-0.00015405187957262534,-0.00011542787176732627,0.00023964699255762945,0.00023344862205032513,0.008662080548329287
2019-06-06,0.0037076899365355853,0.004142802187782291,0.0026914655353027506,0.001530443191629871,0.0015445223901831007,0.006502436410618984
2019-06-07,0.007176405347513182,0.006660183853589796,0.005678764731889441,0.004850825127309166,0.00484035021954754,0.010007596048814404
2019-06-10,-0.0010530183645904856,-0.001957579424055278,-0.0037201101301282957,-0.004228413812893961,-0.004222568677464844,0.004588392500493255
2019-06-11,0.002320517877557604,0.0026236521452311923,0.0011652741413896717,0.00019745951514793525,0.00020624506326405445,-0.00024224097229252894
2019-06-12,-0.001769492503812642,-0.002350185750711331,-0.000611993214031159,0.0005138621561571188,0.0004990914683900005,-0.0017647551209758472
2019-06-13,0.003166786655726783,0.0035970956885083005,0.0028432688119803817,0.0021077155220701194,0.0021170143334872105,0.0041259052983841915
2019-06-14,-0.0016932962544147223,-0.001510319131722282,-0.0008997581664005327,-0.0008878987910934111,-0.0008766031446569844,-0.0011050879789369361
2019-06-17,0.001999196872176645,0.001236480746986901,0.0003372690546303847,-0.0005296530293306123,-0.0005229741257002374,0.0003805511028114328
2019-06-18,0.00836754997850897,0.00868031497516597,0.006874818458633358,0.006028216590932889,0.0060229824438704505,0.010470740226602882
2019-06-19,0.00451846304489445,0.00444610033788484,0.0049604717754683225,0.005820556188013359,0.005810470437825899,0.002257392979431172
2019-06-20,0.009238141963678226,0.010697837585742054,0.008791276912148094,0.007724153379681908,0.007708169193505698,0.009554174083963751
2019-06-21,-0.004735828062799929,-0.003690790628834595,-0.0038039206261790692,-0.003088974484981577,-0.003108774985221552,-0.0014535781418215654
2019-06-24,0.0018824551410767665,0.003094548474825043,0.0033781621386181904,0.0031740068536172394,0.003151004904564436,-0.0012241534394941134
2019-06-25,-0.005764229376034047,-0.004112902650812322,-0.002821051219699444,-0.0024389999946973218,-0.002449417387364705,-0.009807993178329366
2019-06-26,-0.003609697960148317,-0.0027599541263764182,-0.002764216857659596,-0.0020549784554079187,-0.0020566391722124377,-0.000997512322142624
2019-06-27,0.0051283021101411475,0.004366423989246693,0.0039560224380417175,0.0033990364089526715,0.003412505892544937,0.0035460369830921934
2019-06-28,0.0019944563101217394,0.0008430376828729713,0.0010917438124524725,0.0017280544726474556,0.001710008724640888,0.005145813111868902
2019-07-01,0.0018206974167569445,0.0002780231417947032,-0.0008009241647314314,-0.000920553100316801,-0.0008881016198089009,0.009078553208611506
2019-07-02,0.0051090392632038295,0.003967987051383348,0.003797498547763345,0.0024947043509744304,0.0024585257436748886,0.0026040967051701447
2019-07-03,0.005983361748672866,0.005411021756664525,0.004430981998114536,0.0033248617459558094,0.003336568741518109,0.007995188223690608
2019-07-05,-0.005765768713903552,-0.005964018742497967,-0.006332405284593001,-0.005989539880224881,-0.0059895583366718075,-0.0011379744213665388
2019-07-08,-0.0023357078644485885,-0.002354486955905899,-0.0015956969776143026,-0.001371398111387867,-0.0013567806457750464,-0.005494660432159626
2019-07-09,0.00018537573282428887,0.00028951299673374287,0.00010662695703778091,-0.00018565750775545453,-0.0001931574084151899,0.0012466848636194516
2019-07-10,0.0050263303112747515,0.006479187193039193,0.004503012587792288,0.003569256212812899,0.0035370508280496704,0.004777747019722778
2019-07-11,-0.004696806387608499,-0.004786335139223663,-0.005124764451026054,-0.0042967137737993655,-0.0043017752144342,0.00234440606398878
2019-07-12,0.0018751069650335683,0.001963639827962549,0.0018504354748878349,0.0018592607268166361,0.0018488021164679846,0.00447683713331104
2019-07-15,0.0009219532880262449,0.00035926445163547704,0.001203000782117991,0.0014953201389544812,0.0015003957779511357,0.0003327711075533646
2019-07-16,-0.003471990384083967,-0.0041106710844313055,-0.003381739217061419,-0.002763338752212241,-0.002755598606728138,-0.0032254573322005875
2019-07-17,0.0003032287870718964,0.0011805242641393932,0.0029992351524505967,0.0035402591130673233,0.0035225927775788257,-0.006805187759118203
2019-07-18,0.002799331191193355,0.002725737827618868,0.002716668369493913,0.0027417533620679446,0.0027103724399684115,0.0036612946034388916
2019-07-19,-0.005778431198254386,-0.0049819502872959776,-0.003841894355479991,-0.00243334143225149,-0.0024041474155334086,-0.005555154652818084
2019-07-22,0.0009184704871678662,0.0005282477387091866,0.0009577581041446681,0.0014080772908546813,0.001409871836274501,0.0024564253773069478
2019-07-23,0.0033597451420708246,0.0023894015432002202,0.0009864271279991232,0.0004127092279246902,0.00041745520040770145,0.007150052969028264
2019-07-24,0.00227922127869129,0.001776746903309645,0.001837969233336123,0.0017547808993734204,0.0017488659723374766,0.004700079162667015
2019-07-25,-0.005640744435207012,-0.005581911088975877,-0.00435336338521386,-0.00320291305388154,-0.0031990342928333027,-0.004777325029882262
2019-07-26,0.003027023054172462,0.002384385354801788,0.0015350275491301524,0.000861284412672525,0.0008611154030453427,0.006699922733499175
2019-07-29,0.000655259774080097,0.0011551952567896429,0.0006109447366935417,-6.029987219036137e-05,-7.07622634482652e-05,-0.001821551315739578
2019-07-30,-0.0005302938881567298,-0.00010889815894421506,0.00042094834806571946,0.0004033838138892687,0.00040096618629692493,-0.0024544327733094784
2019-07-31,-0.0048973302213154435,-0.004773725392249184,-0.002092370563310353,-0.000681983201962888,-0.0006437122786334681,-0.010940563155931948
2019-08-01,-0.00012359028504049796,-0.00025305747538428847,0.003875125022224424,0.005251994451711761,0.005226953134557011,-0.00870787586217081
2019-08-02,-0.001701151230572906,-0.0013455968303809351,-5.637318615769882e-05,2.3631673476742776e-05,4.7132456919563026e-05,-0.007529426438374953
2019-08-05,-0.01234105968492194,-0.009060522695723994,-0.002582802273041751,0.0004311814975006545,0.0004302917010858831,-0.030072903869370893
2019-08-06,0.008847349227186774,0.007414389893910522,0.006364821387745856,0.0053967615846313155,0.005389798829498416,0.014022622642125171
2019-08-07,0.00304336788238202,0.002542935376793398,0.0019261676230721836,0.0009154237169362034,0.000880572890555209,0.0005906170920992881
2019-08-08,0.010220890033721952,0.008466735032964579,0.005767291474849667,0.0038912036582690046,0.003883960450752122,0.019620411246580316
2019-08-09,-0.0037529617565228435,-0.00284491470872994,-0.0023817481967353116,-0.002130295846265562,-0.0021234397082469103,-0.006811085280732265
2019-08-12,-0.0009062137127434644,0.0002435866516212748,0.003418576920741545,0.004172378866844628,0.004186173689074257,-0.012173720744005023
2019-08-13,0.005467711004584874,0.0052172336618521165,0.001907463909873952,0.0002943019165158045,0.0003079765634630416,0.01555131908311047
2019-08-14,-0.010932756523957088,-0.008439634533718876,-0.0022738980938264985,0.0001316727187601341,0.00015172244489214393,-0.029567360322020342
2019-08-15,0.005474186401978276,0.004811410271602146,0.005056568223527069,0.004419313152158377,0.004421966279645195,0.0026417240484750693
2019-08-16,0.005439976577496619,0.003455742203746892,0.0009097884890947316,-2.0148086962490375e-05,-2.202246415983211e-05,0.01475498561560773
2019-08-19,0.0014089535796995012,-0.00024054838827147762,-0.0025402294443204188,-0.0030358071760514527,-0.0030362109738955034,0.012047781102703325
2019-08-20,-0.00011407715005706809,0.0014270443043347125,0.0027508703950307467,0.0032178469302426294,0.0032217112322019403,-0.007662523378836106
2019-08-21,0.0031017763517751096,0.002337207399724761,0.0008968526556560885,0.000659890550344322,0.0006556199810323626,0.008135436260628515
2019-08-22,-0.0024035757283882297,-0.003133040458463743,-0.002762718341622339,-0.0023544795540521024,-0.002362774695995884,-0.0003081226374327395
2019-08-23,-0.005981097572202887,-0.00272328280881462,0.00185308444185317,0.003614828743685239,0.0036032575991680194,-0.02568738248914737
2019-08-26,0.0041345415863713875,0.002807468911300459,0.0011032839961007124,0.0002492799295350512,0.0002408083785971904,0.011058619213379473
2019-08-27,0.0028031946395175034,0.0041936310759471684,0.005192774063674355,0.005027070315483995,0.005037068503890518,-0.003923367697715507
2019-08-28,0.0026450068941179516,0.002360627004606597,0.0016088731236327813,0.0011980997637814905,0.0012079815874044275,0.007041099354082814
2019-08-29,0.004560420925592279,0.0030683316736219712,0.0009000589246161983,-0.00027423705300522183,-0.00026597036848408084,0.012773147666609974
2019-08-30,-0.00010605229007398798,-0.0011387153762523194,-0.0015840539810872967,-0.0021328614484298347,-0.002132004676296151,-0.00044418803351664593
2019-09-03,0.0003731756416829324,0.0006766988766109261,0.00053619930454607,-0.00038448781566113865,-0.00041241813270320726,-0.005847280043373204
2019-09-04,0.00876681926091294,0.009231188190930384,0.006023510048195568,0.003882036627584906,0.0038803427073510477,0.011350290857524703
2019-09-05,-0.0023075225013594602,-0.004234636345254117,-0.006264490792028066,-0.006052660503806484,-0.006035865808744378,0.012855656554405348
2019-09-06,0.0020894057336962035,0.0017773287344067246,0.00179658274215444,0.001594156207219033,0.0016258656069267907,0.0007721923589727453
2019-09-09,-0.0032852617359633296,-0.0028480978435790893,-0.004840231515545135,-0.005225468662611643,-0.005244732417103215,0.0005031707582603406
2019-09-10,-0.00547746324880094,-0.005458094300762162,-0.0067051260839114946,-0.006533759081959967,-0.0065453326538249534,-0.00023451357475423595
2019-09-11,0.00258628970179009,0.0017673796665738095,0.0006468096333256401,-0.00010061461771548874,-0.00011948684435214574,0.007110749930162363
2019-09-12,0.0018433095992309578,0.0012179874514102185,-6.526904046344484e-06,-0.0006152187591677016,-0.000631782309065243,0.0034638543366509733
2019-09-13,-0.005186932539413602,-0.005149002504466038,-0.006843704733420108,-0.006788886905130687,-0.006806717319846944,-0.000663791917780876
2019-09-16,0.004139456053793289,0.007121996735177438,0.006924801390715274,0.00617218870818359,0.006192090640978254,-0.003088789305727979
2019-09-17,0.0028245918201468267,0.0010874378485785652,0.0016219771422256724,0.0013978404200700734,0.0013954815533956388,0.0025321755314393624
2019-09-18,-0.0012115784390711593,-0.0018938534757273473,-0.001225907604297305,-0.0007989797714118563,-0.0007816026537855736,0.000597776500554259
2019-09-19,0.001944673518343265,0.002239253572652977,0.0024882890708297634,0.002546225860582396,0.0025456900826175133,-6.611800323652606e-05
2019-09-20,0.0025654009250439813,0.003721479281382001,0.0053211505805264014,0.005767278032529521,0.005766358568019436,-0.004724774875203619
2019-09-23,0.0005390493893495663,0.00095360905684716,0.0008201938223788563,0.000617873184791673,0.0006062976482952287,-0.00023495204350187926
2019-09-24,-0.0015127639378164082,-0.0012685060047022967,0.0011280384454939174,0.0018950261996466544,0.001901137309948675,-0.007846512167351327
2019-09-25,-0.0034096209493262863,-0.00524265435693172,-0.006213163743783334,-0.005918975116277814,-0.005909391512431972,0.0059144817698597585
2019-09-26,0.002329089556444064,0.002141864218391909,0.001985288786394479,0.0012361774612064114,0.0012490478587279252,-0.0020833097822523516
2019-09-27,-0.003873527513270858,-0.003818037724876211,-0.002277653696604598,-0.0013030198757396638,-0.0012890060119034041,-0.005386973637541703
2019-09-30,0.001262805864480132,-0.00038097077845045124,0.00010852418704043743,0.0007232496705555924,0.0007556846668774764,0.004637793667612078
2019-10-01,-0.004620212527809198,-0.0030712838962442257,-0.0011130267760417478,0.00012768933688800388,0.00011832128076583182,-0.011894670718170741
2019-10-02,-0.006529041703253524,-0.004938649152758656,-0.002752043749877253,-0.002322379884507897,-0.002328057509087822,-0.017664740632483134
2019-10-03,0.007130158178707768,0.006297915672246468,0.005257822588371486,0.0037385823219950876,0.0037624051793139213,0.00819294934730408
2019-10-04,0.00690318956531466,0.006016882587831729,0.005043041115352143,0.004316201756103144,0.004321777764114687,0.013531941129429681
2019-10-07,-0.004566040250036152,-0.004685873859870293,-0.004450294646808239,-0.0037427604889341826,-0.003747177128289314,-0.004314748865248186
2019-10-08,-0.004857880060072706,-0.003087063166458459,-0.0018647877668894752,-0.001590309212407326,-0.0016020292304252948,-0.015524940650298191
2019-10-09,0.0030373700033021755,0.0024510135309123715,0.0009216685869202212,0.00029111980945795146,0.00028001371870733927,0.009496677935143527
2019-10-10,0.00024165109189278056,-0.00011063352577478369,-0.0022899506584305174,-0.0029288825317651535,-0.002952892835590637,0.0067635538771229076
2019-10-11,0.0037007572438942926,0.0036395587987534395,0.0007740244619149905,0.00013495398968021988,0.00010623554783140143,0.0103671053049752
2019-10-14,0.0004041549837465741,0.00024744191159475903,0.0012835897047898115,0.001537975367059019,0.0015527934403516408,-0.0011138749482608734
2019-10-15,0.001698401218373613,0.000459434395692071,-0.0013093135432075131,-0.0016213896147232454,-0.0016223254315510527,0.009900429562777369
2019-10-16,0.0010085420460721473,0.0015384854598967657,0.0015500088781044141,0.0014272869274900568,0.0014217358793890966,-0.0016062409818501378
2019-10-17,0.002534360752266096,0.0024018780090337977,0.0018889581878345219,0.0016439151873639535,0.0016370834495864628,0.0029489678048935097
2019-10-18,-2.7067205962238994e-05,-0.00016240216288654352,0.0004833002653801266,0.0009145406691799529,0.0009232316489387049,-0.0043772258795596874
2019-10-21,0.0022160533941020244,0.001144404538292676,-0.0006673929486474828,-0.0018142586679543715,-0.0018105301347934866,0.0067792606563621405
2019-10-22,5.098791549862369e-05,0.0007355888023741208,0.001503264728403897,0.0018043591716276897,0.0018049426617683384,-0.0032667662053887936
2019-10-23,0.0025795431626940424,0.0031033650038714278,0.0022110984663830102,0.0017616039665466765,0.001741566310045073,0.002909646142516209
2019-10-24,0.0009604393674305101,0.001568161271186641,0.0015111332482260487,0.0018169708520128225,0.0017948079140430728,0.001633869968498347
2019-10-25,-5.595735230434773e-05,0.0006482863937642414,-3.32102970184156e-05,-7.882882331866625e-05,-0.00010734374022924875,0.004095205548269032
2019-10-28,-0.0013435591275703374,-0.002089726040351292,-0.0031617297892648777,-0.003133077246898597,-0.003134063920313568,0.005636569340802033
2019-10-29,-0.0003392806602809939,-0.0010041570359426988,-0.001478021208212832,-0.0022547120875090476,-0.002242460864343765,-0.0002969546013318336
2019-10-30,0.004551887505925167,0.003948836527607247,0.004147059621135263,0.003264353486741367,0.0033004694751401775,0.003067408079009626
2019-10-31,0.0010904113488567901,0.0012219985259407373,0.0029343541665611816,0.0034867979073223143,0.0035072294126574644,-0.0026634400512488554
2019-11-01,0.005049539677683956,0.0058022396277626065,0.003747109387729264,0.0029298800612496123,0.0028930500996060537,0.009264024589894726
2019-11-04,-0.0007383261516019646,-0.00018957331678182143,-0.0014830831469333505,-0.0014334326782380336,-0.0014676398492607934,0.0040173605364306475
2019-11-05,-0.005663976094290812,-0.005062718005619304,-0.005075890031953856,-0.003731707594642031,-0.0037522048778074746,-0.0011056487255157732
2019-11-06,0.0013944444779749876,0.0006688154583154304,0.002192436713888135,0.003073418526122307,0.003101862196306593,0.0002279274208960569
2019-11-07,-0.00429056620429713,-0.004638772284665582,-0.006004880736556695,-0.005628470059714563,-0.005646863893517651,0.0035166226399550027
2019-11-08,-0.0017871610723863007,-0.002174012221423882,-0.001790217370213898,-0.0008722188919714213,-0.00087977564839814,0.002466077380178344
2019-11-11,-0.001202825699554877,-0.001799783763366869,-0.0008785907375216118,-0.00024574693560575067,-0.00022844974521984973,-0.0019097237347645013
2019-11-12,-0.00044926126298605595,-0.0003468041931617982,0.00013305939899321828,0.0005408579582393269,0.0005384680676820963,0.002108141631852911
2019-11-13,0.0017547904164751937,0.0014144219568124061,0.0017158752608394945,0.0012595061835707355,0.001266914342528569,0.00032337917078839595
2019-11-14,0.0032968957525683074,0.0027751278939338597,0.0032718920053558254,0.0028238322416547224,0.0028469262895238767,0.0014558243040478924
2019-11-15,0.0036630864949618314,0.003129265182104435,0.001537549761181367,0.0005017169912171493,0.0004999730747419218,0.007235933269641892
2019-11-18,0.0011180451351167076,0.00024814595501565506,0.0008627381457677608,0.0009272219126430503,0.0009515922071043903,0.0007380882112528742
2019-11-19,0.0011645969080118501,0.0005769979179983675,0.0012022844405075173,0.0009677990556680172,0.0009991473139656648,-0.00028844002469263774
2019-11-20,0.0002917222654241769,0.0014763719201658088,0.0021594493601877485,0.0021868327183933722,0.0021745931902366067,-0.003718660173545385
2019-11-21,-0.003986086498450225,-0.002865370035433523,-0.002822493762316025,-0.0017423289107186823,-0.001776039538756824,-0.0016088778096223777
2019-11-22,0.0005460003747128628,0.0003746189954492163,0.0007297712237608334,0.0014384709454327016,0.0014426574789843105,0.0022238097282891722
2019-11-25,0.004429079898764954,0.0035823179459899546,0.002829117914956436,0.002562900187834005,0.002579578090419865,0.0077498344607314085
2019-11-26,0.0038844936507833605,0.003589175445383175,0.003288592213352537,0.00238466828932804,0.0023877817525406186,0.00226569300809909
2019-11-27,0.0009450998833473445,-0.00022724554789632645,-0.0007209497137790066,-0.0009235354061327694,-0.0009080602409862193,0.004457941195153747
2019-11-29,-0.004919177876770098,-0.005814947714805507,-0.004089536229675339,-0.0032745870072719008,-0.0032537255257719666,-0.00370859477904506
2019-12-02,-0.0069540687968707715,-0.005519319695528768,-0.0046839705719045055,-0.003126500359478257,-0.003159789417064629,-0.008495099384591809
2019-12-03,0.003162554118879335,0.0037987765994322853,0.005534762280768435,0.005515476410721476,0.005542277320519595,-0.006706446155723023
2019-12-04,0.0029409566355755867,0.003338498102993359,0.0013586346039342612,0.0008548733832483002,0.0008177884390896395,0.006170460436862424
2019-12-05,-4.583665645141455e-05,3.259272762945464e-05,-0.0006370548197809356,-0.0010419618694547106,-0.001055370917963372,0.0017978084948855333
2019-12-06,0.0026727500951106986,0.0018901355305198653,0.0005567736841645132,0.0005048905884184052,0.0005001849795180924,0.009133790344537651
2019-12-09,-0.0011796408109502332,-0.0011428822992969323,-0.0006022808622510034,-0.0005672157500551389,-0.0005622987667533996,-0.003143908811578333
2019-12-10,-0.00035914096039568744,0.00048338804614544983,0.00025518661636314555,0.00023266106682395815,0.00021695008194999588,-0.0011153023230338066
2019-12-11,0.0029056652108618852,0.003398503867521274,0.003545654137933063,0.003520229627075322,0.0035300265271753783,0.002839175078957812
2019-12-12,-0.00047831282384180884,0.00016543170724836465,-0.0022969845153180124,-0.0027104954504258982,-0.00275860317131682,0.008618927763311968
2019-12-13,0.0038729733598161786,0.004266911500172332,0.004858173667392496,0.005294686596941656,0.005303908409376001,0.0005990934136961279
2019-12-16,0.0034564536660846024,0.0031126273703205865,0.0008295654039829348,-0.000363167875087278,-0.0003802636154490724,0.006869916268322784
2019-12-17,-0.0011357797819426807,-0.00016180936765475273,-0.00018581009889107047,-7.245991743121127e-05,-9.384929738953662e-05,0.00021903152263758052
2019-12-18,0.0011197998661138797,0.0007995772210662722,-0.00010877861006286516,-0.0008272713949099009,-0.0008338046642186736,6.274721190790977e-05
2019-12-19,0.0030379020769668585,0.002692341082942029,0.002190524845844033,0.0014711725532225994,0.0014688302276562037,0.004098946565679551
2019-12-20,0.0020995052499672706,0.001428214947235551,0.0007399229273998831,-0.000173071296784455,-0.00016540063692360718,0.004384165086839253
2019-12-23,-0.00014758844690176964,6.308188647730084e-05,-0.0002190384587162919,-0.00020251174479490874,-0.0002117258242791964,0.0015279059702635323
2019-12-24,0.0014644657734284028,0.001959471822618797,0.0018714517211808612,0.0013610683319797978,0.0013483403483811607,3.08512817090989e-05
2019-12-26,0.004417253217856132,0.004679644526852211,0.0034147335227168174,0.0021970074788619787,0.0021831921599706483,0.005323245275443922
2019-12-27,0.0013814174352035913,0.0014625446598781622,0.0011693682760478552,0.0009378760900775607,0.0009399602377733185,-0.0002475692494110504
2019-12-30,-0.0026658556909957554,-0.0023226314186202135,-0.001078676781532284,-7.64204423930881e-06,-1.5374302769766146e-05,-0.0055134092775182
2019-12-31,0.0005865883597000465,-0.00023703111900164053,-0.0011667313688717984,-0.0018806363914045665,-0.0018782551159177707,0.0024292430942740584
2020-01-02,0.005785273524228973,0.006052948548569859,0.0051697050241834575,0.004125108003142808,0.004120758817748316,0.009352134757618202
2020-01-03,-1.2997952085758158e-05,0.001761508597561745,0.002678796596371935,0.002495740781035094,0.0024980383019115315,-0.007572679939905846
2020-01-06,0.000845711534126492,0.0008011413980648641,-0.0001867147897043342,-0.0017072219314879788,-0.0017077150273261399,0.003815283418309612
2020-01-07,-0.003483664963496169,-0.002708419502995163,-0.002783876925873785,-0.0026829625273827595,-0.002682295088576314,-0.002811716187561153
2020-01-08,0.00024695949351083435,-0.0016396916013288187,-0.0015173568514746938,-0.0012398323322315719,-0.0012470711697870618,0.00532962553921279
2020-01-09,0.002527897955631353,0.0014729052174444757,0.0015412406467627537,0.0022594254074552733,0.0022534126893223316,0.006780802050255552
2020-01-10,0.0025553033185912177,0.0030058034959992153,0.0029567161477159765,0.0018501157809613922,0.0018504216152746,-0.0028778464959261507
2020-01-13,0.0038660673319250716,0.0021018322173542714,0.00100638167217304,-0.0006185111938946664,-0.000623662341053044,0.006877302957499332
2020-01-14,-0.00035811099316285233,0.0001353726371968733,0.0005481650131680116,0.0012617747385348377,0.0012650807845584477,-0.0015245886627324179
2020-01-15,0.0022885306061544153,0.0015398094441991805,0.0017004768614079513,0.001046490120796273,0.0010430128102407732,0.002260008312462647
2020-01-16,0.003561488314563599,0.002289993025182957,0.0014645617641906306,0.0007276287457513853,0.0007222040229493132,0.008318304155867207
2020-01-17,0.0008949252637406868,0.0008147377585991933,0.00019139312369387262,-9.002976362182391e-05,-9.016203941369927e-05,0.0031123598006503883
2020-01-21,-0.0006239728842116765,-0.0013316282336843788,0.0005810834189734493,0.0021846854542906247,0.0021798808929227587,-0.0019580625246661265
2020-01-22,-0.00019902377234215507,-0.0006408736995182629,-0.0005218653576631871,-0.0006726439815261109,-0.0006751212077485969,0.00012055998445359428
2020-01-23,0.0011232800585943004,0.00018199117024786382,0.0008638882379994328,0.0007808527542199073,0.0007759928209887246,0.001147051102581731
2020-01-24,-0.0026652966464413286,-0.002312542510700788,-0.0008349725745074865,-0.0002197388338862627,-0.0002181120811984849,-0.008892985227947348
2020-01-27,-0.007992754997726226,-0.007281691584513528,-0.0040242041574070075,-0.0019238046399675524,-0.0019269715126110087,-0.016029455223778744
2020-01-28,0.0031345928411781188,0.0018275156301812423,0.0008261357039649475,0.0008102986566282944,0.0008077929800844874,0.010479053380931802
2020-01-29,0.0016787718972546273,0.002068278985331018,0.0025006021237599096,0.0024599175065043166,0.0024596610683127462,-0.0008262179109540524
2020-01-30,-0.0008745199895358047,-0.001928120176159842,-0.0008516579824117132,0.00038635428803512895,0.0003805777635694785,0.0032456919292627173
2020-01-31,-0.007758360485819682,-0.005721396719694627,-0.002745774664673295,-0.00011376836708820726,-0.00010962600589936589,-0.01815779834511122
2020-02-03,0.001651156651350183,-0.0004754672015071515,-0.0009020287169655417,-0.0015827309651406107,-0.0015927505194225366,0.007428159699502057
2020-02-04,0.005956094531850198,0.0036623809888018943,0.0012085125511829276,-0.0004443139348146996,-0.0004476328193395718,0.015241456745821447
2020-02-05,0.0033741134398461714,0.0030269920072736323,0.0014277683013814713,0.000855759354199126,0.0008548886741277517,0.011547951520580302
2020-02-06,0.0028232148274500712,0.0028694121114538618,0.0023234616983809353,0.0012156276681825062,0.0012152995586378612,0.0033649890068307986
2020-02-07,-0.0014513038119701172,-0.0010931577531670955,0.0005977455042085467,0.0018402700152897467,0.0018379894734552593,-0.005329737604127249
2020-02-10,0.004561638611173313,0.003089803449414008,0.002767202710006522,0.0017765418032300584,0.0017686827366378832,0.007465453569514668
2020-02-11,0.002443319362251728,0.0020667431817664728,0.0006122784819531102,-0.0009956042289425149,-0.000992160802211206,0.0017331159494085036
2020-02-12,0.0037719097128221524,0.003791622762953084,0.002202281643645998,0.0008443857133426658,0.0008439757648746049,0.006442428132219069
2020-02-13,-0.0003694511902830877,-0.0003223611982043906,0.00022303478426111134,3.816490306984832e-05,3.488689769182152e-05,-0.0010669475081274138
2020-02-14,0.0028978565287183233,0.0025165496504326867,0.0022515790801433955,0.0012546170385123734,0.0012519116053024693,0.0016022796453269983
2020-02-18,0.0003365216619353184,0.0016437101723554282,0.0018561294846681786,0.0014222562417780527,0.0014226856863164272,-0.0025769407978964987
2020-02-19,0.0005734445160663348,0.0015258997730231982,0.0007134332877833938,0.0003615964365881741,0.00036158673805553043,0.004781123911614893
2020-02-20,0.00040494425956083546,0.00015604874865671192,0.0011143011713194984,0.0012051650055728835,0.00120439860128152,-0.004108150556454748
2020-02-21,-0.00041576192248327093,0.000921134206625096,0.001395976638335572,0.00025507926340129217,0.00026090461990202485,-0.010298335255649493
2020-02-24,-0.015106767873640847,-0.012048397636374997,-0.007337325996460642,-0.004198496778663352,-0.004197295390311662,-0.033165361574997054
2020-02-25,-0.014659712246311685,-0.012428134521004552,-0.00894920591193682,-0.0044553541739998925,-0.0044425830876307915,-0.030301894362932846
2020-02-26,-0.0027781573169689544,-0.002282516776274557,-0.002206770205336883,-0.0024051661920678757,-0.0024037136250377733,-0.003678665421776528
2020-02-27,-0.02257370610202647,-0.017023345782367083,-0.011955346929217292,-0.00683839634456096,-0.006820709666328084,-0.044911441078373304
2020-02-28,-0.00483059743270442,-0.005878521966265149,-0.002472071284443267,0.003710401134902508,0.003706390749207422,-0.004201220135247485
2020-03-02,0.018783630023171183,0.01474739321431362,0.010292766978379442,0.00530694475603366,0.005283353209478037,0.043306311126982466
2020-03-03,-0.0010703607795927716,0.003519734170028377,0.005932115651451575,0.006478510606916288,0.006499788543856244,-0.028632680640217845
2020-03-04,0.01771589267088758,0.012269953511155673,0.008476333420947668,0.004613433883476237,0.004595285896882295,0.04203320157256529
2020-03-05,-0.010334465083706612,-0.0058692765948380465,-0.0032915635654193753,-0.0033557883598185345,-0.0033448971814772355,-0.033242008956509306
2020-03-06,-0.0026004148679209527,-0.0019337781449735303,0.0011976609762769375,0.001956796826159346,0.0019546775453005427,-0.016530856783898984
2020-03-09,-0.0450830272600693,-0.03955796681152668,-0.03353717380106458,-0.03205519252923783,-0.03205274193446428,-0.07809468465797609
2020-03-10,0.010681766371769985,0.0044350441129958895,-0.00576328590717301,-0.014577564167182144,-0.014592733796154334,0.051744906395018386
2020-03-11,-0.03985532273610248,-0.03497863339783913,-0.03247456589362041,-0.03010195523400505,-0.03009512490077837,-0.04874813110582832
2020-03-12,-0.0635077879715914,-0.055009563929713234,-0.044405083701275494,-0.0353487705490646,-0.03534065375747453,-0.09567744348116713
2020-03-13,0.04033246180618266,0.02878520892243608,0.025332029246537324,0.028356919176132145,0.02832467627641999,0.08548656715128944
2020-03-16,-0.06542886455586538,-0.052698586516579216,-0.038417466168022885,-0.024488038647310195,-0.0244673739407677,-0.10942395298095942
2020-03-17,0.010024477515492514,0.002353613358730522,-0.009533539816555692,-0.024062946337289337,-0.024084825590449555,0.05399198129424643
2020-03-18,-0.05412772659931997,-0.049541737140419206,-0.04238139112642558,-0.033652281635670134,-0.033650570899471655,-0.050632731178395396
2020-03-19,0.0023884067309878354,0.0027260685867214196,-0.0007834067068230866,-0.009533453873950215,-0.009523351552405357,0.002125066959801858
2020-03-20,0.0028341848019761695,0.010300721218000186,0.01782450599538077,0.022216550372936572,0.022243866458159456,-0.04309442463149438
2020-03-23,0.0076136770136177034,0.014530096569374429,0.022988883735587162,0.03543968988865642,0.03545706594785769,-0.02556801506167594
2020-03-24,0.04598203151234048,0.03821163264464156,0.0283875518527803,0.018800697582362247,0.01878171352525504,0.09060320950857137
2020-03-25,0.021316667610460804,0.01860160367567132,0.02021281321170232,0.02682615209853556,0.026835903661312166,0.014970147586564897
2020-03-26,0.029887755259476956,0.02266371789295163,0.016553999562595623,0.00827496337485667,0.00825339352082044,0.05838980836947694
2020-03-27,-0.010084097157762706,-0.008160726950387387,-0.004650470331364898,-0.003031590092308911,-0.0030240287107264896,-0.029785645802293925
2020-03-30,0.011256704855984179,0.007170091725865246,0.003394872786392611,0.00096837222762991,0.0009533489574258258,0.032475783860074436
2020-03-31,-0.011569127921206457,-0.011349385140002055,-0.009184098833153409,-0.004827240938415689,-0.004822859179766548,-0.014905499134217015
2020-04-01,-0.02472314299694711,-0.023634433204659744,-0.015049700053214599,-0.003988928927291302,-0.004499056810793434,-0.04500479957272285
2020-04-02,0.014504847502716745,0.015444863636687511,0.014674287605570546,0.015543080545057153,0.014964825023111805,0.023075409663162683
2020-04-03,-0.006423769979064908,-0.003637447883810929,0.00020709739095026158,0.007355308968513441,0.006678621296491771,-0.01445429237448248
2020-04-06,0.03605770302892597,0.03223098391209511,0.02310594668671606,0.012034893089221343,0.012223257773072538,0.06716635184890873
2020-04-07,0.0007236521704978571,0.0013849178876825796,0.00047364268203775595,-0.0016023358791181774,-0.0013960298629347445,0.0010194741235163285
2020-04-08,0.016420351079469597,0.012321264999856307,0.006418749666447177,-0.0024190896123618133,-0.001324871335961264,0.03356858730801071
2020-04-09,0.02166454103541704,0.019914491126996392,0.01880964931613449,0.011224750271641604,0.012788230493986363,0.015216914962902006
2020-04-13,-0.00873264292664111,-0.004991698088625096,-0.0017290307336927935,0.004493499965139369,0.00351200366327431,-0.00912994095047892
2020-04-14,0.013259927546036554,0.010724510288955491,0.007078463032283988,0.0044451152154489915,0.004107455362109658,0.02949289197522953
2020-04-15,-0.011588336917128128,-0.012563280174507918,-0.007744841954259285,-0.0024723986340151605,-0.0020087607916631223,-0.021248205399944653
2020-04-16,-4.26536266546762e-05,-0.0007575051663274435,-0.0020057725233649792,-0.001871180179317311,-0.00218184503892227,0.004824085496827335
2020-04-17,0.010425598672602288,0.00856474372886984,0.003401598180183818,-0.004040426997254598,-0.00339151098919821,0.02701594594151424
2020-04-20,-0.010923580190977611,-0.010457676106753189,-0.007357310916318527,-0.00325072741446486,-0.003523770010995242,-0.01761806133163868
2020-04-21,-0.013078191043252918,-0.015038282595499997,-0.010878581582619007,-0.008143475314896897,-0.0076406212138007135,-0.03036343451956558
2020-04-22,0.011588127852364627,0.01239618712205659,0.010420492109131096,0.00919235491421877,0.008677465692926045,0.022194310677074114
2020-04-23,0.00027970298569490737,0.00018599851124068145,0.0010196892843732375,0.002087254681468753,0.002039713601140525,-7.137437409532321e-05
2020-04-24,0.004367263825390877,0.0021587463329668655,0.0016965298698390363,0.0013293689181312907,0.0015102663252384296,0.013938615326561266
2020-04-27,0.005188761579252521,0.003331027632571759,-0.0005497654590623791,-0.005998259451401311,-0.0058201516063129954,0.014418401352398469
2020-04-28,0.0030795642211103313,0.002951045624173476,0.002701272925031528,0.0017923671460491342,0.0018950453948625157,-0.0045983310251042075
2020-04-29,0.013244397689888165,0.013325092783481374,0.009673635425398341,0.005371934512723442,0.005357005772537837,0.026178397748795268
2020-04-30,-0.011484242975236647,-0.010207143086113701,-0.00908588442498981,-0.006520588198603128,-0.006517805757860651,-0.009310513027782408
2020-05-01,-0.014332220127168505,-0.013673586390615666,-0.008767290091405089,-0.002510864705239868,-0.0027287166080982583,-0.026473456189621714
2020-05-04,0.0010604298536420753,0.0023331391471212992,0.0023266987349574997,0.002502760905327639,0.0023930155365885497,0.002758517926011672
2020-05-05,0.0034353130716240354,0.004890183606629961,0.00425230470411786,0.0052575728003494415,0.004828929883594402,0.009238977208730903
2020-05-06,-0.01057687640881877,-0.010930176596631647,-0.010410342368615821,-0.010531351640638675,-0.010340355840406601,-0.006778719570281755
2020-05-07,0.011408177184734747,0.010799916309906399,0.009800783263869572,0.010199967519366693,0.009704481759124528,0.012066847515594947
2020-05-08,0.0077185887422408506,0.008376340953637706,0.004977377761347546,0.001841843412426103,0.0016036271015844594,0.016545944792086598
2020-05-11,-0.005973842918315486,-0.00672062717663624,-0.006411383307340812,-0.005723702648853024,-0.005743363312736616,0.00020520924172284793
2020-05-12,-0.00903652575692837,-0.007546240009846605,-0.0035837380601017044,-0.0009512459083447222,-0.0005642332606173861,-0.01993170881468831
2020-05-13,-0.005792466866181956,-0.004629514562700443,-0.00211680976879125,-0.0002604934899296252,-0.0002925581194467286,-0.01768565801728983
2020-05-14,0.006056503495816434,0.00609948764153545,0.00598549779812152,0.007552801490479544,0.007403087112970663,0.011967294980482768
2020-05-15,0.000452394237177689,0.0006752474168907341,0.001668799250856834,0.0034488887324486406,0.0033816678886442464,0.004597204955450573
2020-05-18,0.01876374830495231,0.019061757692303782,0.012328631795440304,0.0030787714932354326,0.0033458513269379875,0.030459765304001296
2020-05-19,-0.004733662068316824,-0.003984305904750518,-0.0021065943770488538,0.0003825757064408464,0.00021041804956500876,-0.01027138336136535
2020-05-20,0.010756829032476656,0.010802103591604606,0.009123881532306477,0.0066901726776804615,0.006875977845194559,0.01698796231433164
2020-05-21,-0.004778271164093684,-0.005435429015694049,-0.004830130220624063,-0.004400310223025561,-0.004063483478713326,-0.006903780651927205
2020-05-22,0.0011949632530341425,-0.00044434835675755124,-8.740691364739206e-05,0.001212460051622788,0.0011155433935687853,0.0018988731260860536
2020-05-26,0.008905471984679503,0.00874125975418849,0.003948350314797011,-0.003099405688086976,-0.0028562407248559074,0.012320690811294055
2020-05-27,0.00727474113360671,0.004977749143940224,0.003132584862123977,0.00014766232618468322,0.00047194857551668967,0.014878945874811533
2020-05-28,0.0010574415962769645,0.0015926273788675616,0.0019497951692373228,0.001972113848064838,0.0019080043329049445,-0.0018449785933137841
2020-05-29,0.0036229143416417475,0.005054644571701683,0.005091770741293411,0.005816577953934088,0.00565221667332505,0.004456017793749822
2020-06-01,0.007988344710452733,0.008825362773736467,0.006162619209061138,0.0018608064957594816,0.0017188852673233335,0.004041634533996863
2020-06-02,0.00536544915474102,0.005942285316117513,0.0036090014621878996,8.96092772413315e-05,0.00026726905106677634,0.008280468616898684
2020-06-03,0.008035357586145375,0.00702489939393125,0.002419325360268676,-0.005115800060609521,-0.004613765861519625,0.013308051133253285
2020-06-04,-0.005067912081430426,-0.0037758247671121348,-0.002613681287938374,-0.00039350258524861736,-0.0007366559291035468,-0.0026270810474761097
2020-06-05,0.013491223859334323,0.012480493868946674,0.007607307014660503,0.0014095312018027606,0.0018717008769069121,0.025629875213144082
2020-06-08,0.009719228860432194,0.008126322958876386,0.0062112258952142785,0.003783665615175291,0.003736616292178141,0.012087428973808434
2020-06-09,-0.0038421865917720455,-0.002991756295032566,-0.0009131244444832154,0.0033486422933177717,0.002886671868094659,-0.007456706623129472
2020-06-10,0.0003609240395654467,0.0019960602188118237,0.004652172036323066,0.008099278827862877,0.007864403625664762,-0.005579943041604807
2020-06-11,-0.03210411484576392,-0.030805272140967288,-0.021888806250814685,-0.010981681156064238,-0.011042698637538928,-0.05764913738154509
2020-06-12,0.01018426346280421,0.009820975818396915,0.006006549131591932,-7.58032733698677e-05,0.00014977282846828643,0.01197581916680246
2020-06-15,0.005448611047145002,0.004593050298444146,0.00412906866284346,0.0024588976780715033,0.0030377587306174014,0.00933589517556066
2020-06-16,0.006398829671653283,0.005743746989238296,0.0033053930941380205,0.0012010194155906984,0.0010908110866101328,0.019247369000136016
2020-06-17,-0.0014225754239381994,-0.0008809961899237662,-0.0006123539572140402,-0.0006318499113721066,-0.0007355012257370674,-0.0041539291417836965
2020-06-18,0.00013843943041713658,0.0003442881729367464,0.001536853789738446,0.0038011453994328814,0.003766056760261982,0.0003851080449135402
2020-06-19,-0.002137115948817492,-0.0005153632284735643,0.0011256442920004606,0.003659505297863852,0.0033358384804951235,-0.00571450715538413
2020-06-22,0.004634948069497158,0.0055208295545929875,0.004855170134884013,0.004735846796710685,0.004386400327077045,0.006414970318401325
2020-06-23,0.001301561688632269,0.001454941632257789,0.0011485950884013718,0.0006677428424348708,0.0005164532716630532,0.004603224219949409
2020-06-24,-0.013349306703066999,-0.013390407878133392,-0.010002999113943867,-0.006889741237238067,-0.006668134572098361,-0.025508523372290814
2020-06-25,0.006676191020481559,0.006255440860936545,0.004668573556516176,0.0033320133102137106,0.0032281553315287592,0.01072046423560491
2020-06-26,-0.008457166091882962,-0.007616083119507344,-0.004501706676959816,-0.0017569208687345794,-0.0017208712029112005,-0.023751260141782637
2020-06-29,0.0076533799120015455,0.0075011109126370545,0.0058292317324035725,0.004455350726811913,0.004453684306335193,0.014697724205179341
2020-06-30,0.0037699290466484126,0.0029418525545950036,0.0020472439975012247,0.001836096234976603,0.0018350667758295636,0.012809082907149438
2020-07-01,0.0060765841309349256,0.005664505096643513,0.0035625641939942554,0.0009952583193331144,0.001150575385809427,0.007005202559808632
2020-07-02,0.004935765763637301,0.0054249629419067524,0.004495395869756447,0.0028291015342827297,0.002825389970431358,0.005507121778636881
2020-07-06,0.009459516829946724,0.00997658158941972,0.007441529472430597,0.003868298707764062,0.0038245829640430884,0.01543703598041013
2020-07-07,-0.0053537816145976524,-0.004488313650568232,-0.0016691625966344104,0.0026346392564025045,0.0024643452119503806,-0.01031349582292651
2020-07-08,0.004776694256831249,0.005928243859578242,0.004098038518697722,0.0023120731421573115,0.0021190121642529203,0.00764817891198355
2020-07-09,-0.0009246258720718714,-0.0015653563618542865,-0.00025230090267669425,0.0010085454195112309,0.0011209416150643747,-0.005692884413285526
2020-07-10,0.002099880764619977,0.0014284192333215984,0.0005375670376077668,0.00024256899995744874,0.00017635408008498388,0.010210720223230219
2020-07-13,-0.00460297850890512,-0.0044571162086907146,-0.00267199459615286,-0.0008014848508977046,-0.0008455963150652002,-0.008659023180880965
2020-07-14,0.0069487394762752785,0.006010533343434377,0.004694411299296819,0.0031853197845987946,0.0032297250669601762,0.012959049441656045
2020-07-15,0.004757858282403493,0.004758164545069832,0.0033169097588099383,0.0018437989648927289,0.0018484377710381583,0.009187340468697958
2020-07-16,-0.004185928963862384,-0.004907830307859351,-0.0031622016319502455,-0.001464404243001649,-0.0012624353227485008,-0.0032936541480901305
2020-07-17,0.004380010845321358,0.00438127044357528,0.0036379402513944115,0.0023004449999834975,0.0023227773376295335,0.0028989732161857074
2020-07-20,0.0029849676434785533,0.0028213251727555733,0.002739417608535355,0.0025268041753538917,0.002503482089286635,0.008081775067269259
2020-07-21,0.0037973837811779987,0.00516635652395836,0.0050133548841979625,0.005368184689667155,0.00517764886901495,0.002127446957385981
2020-07-22,0.00532081346708102,0.005124922454698755,0.0045448218752410785,0.004646643816389462,0.004493260661487364,0.00569217823317647
2020-07-23,-0.0023094905642552233,-0.0014880282031499714,3.893518118736061e-05,0.002132037282485122,0.0019771013105391866,-0.011931773480721275
2020-07-24,-0.002460082615827086,-0.001365839903603061,-0.0003905362598133344,0.000923010391300938,0.0007760657804176674,-0.006440410732533541
2020-07-27,0.006773884006231912,0.007620951444058832,0.006055602263027371,0.0048935020976734744,0.004525355860913516,0.007292854310216645
2020-07-28,0.001281141446575651,0.0009523684533006005,0.001131278278280412,0.0019213994272135881,0.0017640380057020177,-0.006342954237574916
2020-07-29,0.00913025055916905,0.008619700640235095,0.006643338845429669,0.004037426111159315,0.004082918052156437,0.012298863264680993
2020-07-30,-0.004604619374441676,-0.005646553281071998,-0.004159710746092782,-0.001863749848211138,-0.0018267911954815697,-0.003567938315692576
2020-07-31,-0.00020428632309199557,-0.00040937407472152465,0.0010138610644754298,0.004270886428303866,0.0041570498936498446,0.007902223234226069
2020-08-03,0.0024748538486003557,0.0032057395909519393,0.0029264884279665004,0.0020644119854664744,0.002073716265757364,0.006952234469187024
2020-08-04,0.008513115623147938,0.008953936886946456,0.008013814782461104,0.0075148047905406745,0.007228608870921249,0.0038626301019670795
2020-08-05,0.0018511726709991017,0.002740657616897346,0.002456020823151661,0.0022176617740721216,0.0021075350976498264,0.00621090573642058
2020-08-06,0.004811836965733951,0.005018385721835328,0.004966052584678193,0.005642900425415265,0.005489298993428093,0.006684446356696849
2020-08-07,-0.003720053469343565,-0.005951386084047994,-0.006394579863642225,-0.007045901079079653,-0.006797916406812821,0.0007181150238879663
2020-08-10,0.0003600171716007239,0.0004939161422892191,-0.0002125221122277754,-0.00076342484913694,-0.0007923672484312361,0.002988562579943954
2020-08-11,-0.011384401945538136,-0.012769495851412516,-0.013193541386151586,-0.015866131461411248,-0.015197482529202833,-0.008254421073140894
2020-08-12,0.006490748391870582,0.006203477621868236,0.003699266114652433,0.0009469465802061094,0.0008867793654108169,0.013942404585838286
2020-08-13,-0.003159353835082812,-0.0015301240834934005,-0.0004961963087571908,0.0018111295411114003,0.0013597858494833748,-0.0018078588485405112
2020-08-14,-0.002344795410423872,-0.0024421658596044393,-0.002563458879988212,-0.002096092994345322,-0.002157521517566874,2.9711673785515202e-05
2020-08-17,0.007003683100726743,0.008667014502195425,0.008047829652890526,0.007962785576341558,0.007647125780591235,0.0031768902777535857
2020-08-18,0.0021761724315505493,0.0023597226393690107,0.003417883845516556,0.005120312862373577,0.005004264886975696,0.0021602540132348302
2020-08-19,-0.00906926191446944,-0.009600253438615036,-0.008961161521372496,-0.008775540779284885,-0.008406168848600237,-0.004163919734822774
2020-08-20,0.003247961494196039,0.0024932642802071303,0.002156445430187004,0.0024738725973469933,0.0023937807693008573,0.0031137650880574963
2020-08-21,0.001061122868611264,-0.00024157331720242592,-0.00018871731069203257,-0.00016241558718899096,-5.065926164204981e-05,0.003547080640663003
2020-08-24,0.004927696565022899,0.00442199150653666,0.0028227423614208824,0.0013843376111195571,0.0013105430922986105,0.010133320682423008
2020-08-25,0.0009982181122247802,0.001696441936686055,0.0008621708709664055,0.0003976303613337784,0.00026182938984353754,0.0034989893344024026
2020-08-26,0.0026891560633959255,0.002573257218448921,0.0028886227674651543,0.0036079669264685865,0.0034818514361167896,0.010026059434307788
2020-08-27,-0.004065664928893931,-0.005080293016230919,-0.006080863881650966,-0.006770291676312379,-0.006690063969089555,0.0021864044201751476
2020-08-28,0.00653636215921094,0.007134541116605941,0.006582290871747887,0.005900235618715666,0.005760243089490302,0.006459282007080791
2020-08-31,-0.003116443930187396,-0.0032006265972720493,-0.0005391461835392297,0.0027808249103238314,0.002853771715370268,-0.0036222688479491394
2020-09-01,0.006153257292781156,0.005506198747782021,0.004450880498970022,0.0035989491549390795,0.0035915455541648544,0.009418496986991709
2020-09-02,0.00679567873248943,0.00332086458687475,0.0012105617486630749,-0.0009936465239352987,-0.0008431434770291846,0.01446386547671863
2020-09-03,-0.014590323749816614,-0.012413708165685988,-0.00939378704016458,-0.007491607110888143,-0.007265471418094083,-0.034414324292099674
2020-09-04,-0.0062580003510191995,-0.005512984575721025,-0.005386672573451046,-0.006260230419354973,-0.006299959695476143,-0.008164801596827531
2020-09-08,-0.010533188241890534,-0.010026981900913223,-0.006879196213509964,-0.0055643238925822125,-0.005276942507286608,-0.02732287007184575
2020-09-09,0.00985177653727054,0.009151797251372606,0.006798010465372872,0.004949075025107996,0.004736337919662104,0.019747362412065872
2020-09-10,-0.00791974069437229,-0.00731352637432825,-0.0047595835602946,-0.002729698785271517,-0.002575011973990571,-0.017363624775775577
2020-09-11,0.0019100757105698918,0.0026948697195714466,0.002103042344875572,0.0012264245521214079,0.0011751321851112273,0.0005092482499367001
2020-09-14,0.008952036411091324,0.007824698929980611,0.005237827778688642,0.0026548925747578167,0.0025837209251395876,0.01317122000736659
2020-09-15,0.004198947130664488,0.00412101488180916,0.002650954942207129,0.0007991967020648527,0.0008361138123456069,0.00505221351689622
2020-09-16,0.00035920737821193427,0.002090587854573167,0.0020627195779825414,0.002327043961685149,0.0022672551867057855,-0.003968283347997814
2020-09-17,-0.004262465292207418,-0.0024444308094290212,-0.0010063083323331723,0.0005366861408966361,0.0005358030257425206,-0.008795227186236376
2020-09-18,-0.00739080135339909,-0.005555466090051309,-0.003384960293481787,-0.0011757610948511799,-0.0011771403347740073,-0.011512871450867435
2020-09-21,-0.012221151522683438,-0.013308944855166205,-0.010649376392431242,-0.008340104405838433,-0.008009657224166244,-0.011129383020593298
2020-09-22,0.002329962015761522,0.00044333335820723185,-0.00028185618023213177,-0.0004741957589932122,-0.00041758838109784424,0.010184312752452573
2020-09-23,-0.014149791114337562,-0.013113684728297992,-0.010345500075272351,-0.008142209381936882,-0.007993835952528339,-0.023191095453944488
2020-09-24,0.0014837131773692835,0.0013851863659362085,0.001298383557282623,0.002527500026134444,0.0022947999588083245,0.0026654390608815692
2020-09-25,0.006214973822437964,0.004200316131901527,0.0024035657089533924,0.0017209690766002428,0.0016216385573395442,0.01616703294909394
2020-09-28,0.010377761827914833,0.009612783433948113,0.007443536615000523,0.005100925514025079,0.005075299497180996,0.016609241542562492
2020-09-29,-0.0018330787371175772,-0.0017886062116949653,-0.0006824245063945522,-2.831234217837153e-05,-6.997912244377513e-05,-0.005446191024288449
2020-09-30,0.0013128065935863464,0.0017654862997933396,0.00022804331006320844,-0.0013124562763778824,-0.0012376914005056694,0.007581990513326087
2020-10-01,0.006248577906876385,0.00468976795389775,0.0028791012928508497,7.69940654337109e-05,0.00024166353484988967,0.006420195017575292
2020-10-02,-0.0020384713348584604,-0.002449450589915747,-0.002404678308033703,-0.0035425555058808955,-0.003310952893939789,-0.009494383045782206
2020-10-05,0.005650928271675237,0.006271607371142851,0.0036936211134817043,0.0009433434620875758,0.0008822504594525604,0.01773293766198969
2020-10-06,-0.005218117835597114,-0.003719202710144476,-0.0026529711531851907,-0.0011806023432563428,-0.001273088193893157,-0.014216013617498802
2020-10-07,0.0050801905350510435,0.0038819198254673726,0.002326187718734385,0.0006699072247169369,0.000698367574628378,0.017406888431479084
2020-10-08,0.007631667988377888,0.00738405063176617,0.006105568470101463,0.0055267401136733785,0.005373269250075419,0.008862262549819144
2020-10-09,0.004805508209838383,0.004786080424520778,0.00443287222775246,0.0038025679117150712,0.003808072517218264,0.008930443618845763
2020-10-12,0.006013160972092146,0.0035425347404407503,0.0022208888413177696,0.0005344564137381713,0.0006873377137139869,0.01608735834491748
2020-10-13,-0.005797937963674449,-0.005266572948046111,-0.0037313559095346616,-0.0009601550797508906,-0.00110916961894314,-0.006526136763791435
2020-10-14,-0.0028804373753945622,-0.001609154728469786,-0.0002608844419724754,0.001325678748952397,0.0012809891244951466,-0.0062831848729958395
2020-10-15,-0.001505927346971525,-0.0012982129783102314,-0.0008190895742073989,0.00032573015058878774,0.000301040532391994,-0.0012360852657877786
2020-10-16,-0.0012804988458134936,-0.001541256687580539,-0.0014380588781208736,-0.0019868715392981073,-0.001924681145150875,-0.0006041803084519959
2020-10-19,-0.006845240200806013,-0.004952047085406974,-0.0035541245287786793,-0.0029906883065082823,-0.002919364637773758,-0.015203356259051892
2020-10-20,0.002702427423319609,0.0034865621235617983,0.0021810513087441308,0.00048448706395043395,0.00046593048709997475,0.004005603560090387
2020-10-21,-0.0013662040510161733,-0.0014288411201628382,-0.0010804373960439095,-0.0013232171087015354,-0.0012282964806047403,-0.0018929224712092019
2020-10-22,-0.0011597001900058856,-0.0016188971233290772,-0.002228438508746433,-0.0029795899863021003,-0.0029158385305197987,0.005485373028767837
2020-10-23,0.0035456381251546265,0.0025488257522818802,0.0017901482920827938,0.0007261461836465255,0.0007535807628227253,0.0033950606641894865
2020-10-26,-0.00824374307956377,-0.007548971111413949,-0.004623395027575805,-0.0018697145459748432,-0.0017476964752546342,-0.018479977908026357
2020-10-27,-0.0012869176588483633,-7.919240467302302e-05,0.001414106067064047,0.003297576198880714,0.0032589840067811515,-0.0034472788650888875
2020-10-28,-0.018968469529111687,-0.017944659273118724,-0.01352678626731818,-0.009815710124428279,-0.00958422829391048,-0.0341789468219279
2020-10-29,0.0026134137300246607,0.0006353197120514409,-0.0016505979487529965,-0.004884732742365339,-0.004718520922626035,0.010163668107215917
2020-10-30,-0.0064332391878929585,-0.005249468035519511,-0.004220489091772306,-0.0036711135002865936,-0.003611450945185113,-0.010424797859626578
2020-11-02,0.01129363951580431,0.011496589715308536,0.00936465006192666,0.008085480160693992,0.007853192746436477,0.01120800510568487
2020-11-03,0.009521082777851575,0.008166472503445155,0.0052528149181474415,0.001866630761727217,0.001865335463961948,0.017656137390708038
2020-11-04,0.014074746871957311,0.01280309798518764,0.010480513151706727,0.008943497465225603,0.008832749946460883,0.02234921501786946
2020-11-05,0.011928373328363717,0.01110782321521464,0.008947936166532111,0.006281121720867144,0.006232735850899784,0.019502729446334355
2020-11-06,-0.0025100263831521197,-0.002391708871456011,-0.0029350856102023926,-0.004666691452488214,-0.0045110142641624495,-0.00022824662207721058
2020-11-09,0.004116010892330824,0.002404157451394884,-0.002599221204477531,-0.008253976664460594,-0.008282375017046761,0.012565573437489874
2020-11-10,0.001620685364573049,0.0029118109400141368,0.00245765653149288,0.0025534483916205275,0.002391938175297703,-0.0014661782012534985
2020-11-11,0.004131847637574904,0.003244466141569591,0.0023473872284427433,0.0014862833691635657,0.001454059123773943,0.007428356632716904
2020-11-12,-0.003387765246400165,-0.0029773704316173877,-0.00042716518927188307,0.0030034650292849463,0.0029544529902563177,-0.00970114779147857
2020-11-13,0.009996915935106543,0.008250273037486933,0.005120873701193851,0.001247089976830873,0.001284214456123589,0.013844564105784496
2020-11-16,0.0069100724661506074,0.006334377568707028,0.004133148037255507,0.0016997374341456428,0.0017034876234038876,0.012482548681884476
2020-11-17,-0.00019701572133645762,0.0003854644413876507,0.0008800593122506584,0.001473174546998024,0.0014604905935857726,-0.005378293977476023
2020-11-18,-0.0060071076187712125,-0.004549632922130953,-0.002586956208440294,-0.0009312675511163881,-0.0008677733852856528,-0.012034799048418865
2020-11-19,0.003573357758209106,0.0029962647232162354,0.0025149326720514953,0.0017307018977257282,0.0017999984436376515,0.0042100822228270385
2020-11-20,0.0002684139160944454,0.001564137981956204,0.0021022824300667153,0.003117791568789219,0.0029098749036393645,-0.006847561632067678
2020-11-23,-0.000313078025760527,-0.001129727467840791,-0.0019134405474998673,-0.0026303569475555344,-0.0025590763611175182,0.005994215806073955
2020-11-24,0.005419552436218167,0.0053085519837792194,0.0029764399666154517,0.00115040603105232,0.0009775762178234615,0.016113645001198496
2020-11-25,-0.0008250947039328826,-8.557356498128943e-05,0.0004952968470821606,0.0012707029988026086,0.0012686794105352117,-0.0015415388563387866
2020-11-27,0.002639359237369243,0.0021318468928246403,0.0018553897360178428,0.0016232351796781064,0.0015750762697017695,0.0027848604939522126
2020-11-30,-0.007881370711556146,-0.00838130349555144,-0.005468087375220421,-0.0018728274880207563,-0.0016564597911424839,-0.004427211175522583
2020-12-01,0.007841007920012633,0.007384717268997365,0.0043990734921774965,-0.0007292036993881146,-0.0006162804358861296,0.01093729189349002
2020-12-02,-0.0009025374790148089,-0.0003196400548384215,0.00011612243786784937,0.0005048173793433808,0.00048202351617798733,0.0021039875939397046
2020-12-03,0.00464894998917309,0.00499875739593536,0.004552556064875368,0.003919965991008523,0.0038916694679236308,-0.0002728397315839848
2020-12-04,0.003358387236510163,0.0028527203816937075,0.0004166579389544012,-0.00259733277940144,-0.0026016914456912232,0.00861785973164575
2020-12-07,-3.7384477554747164e-05,0.0005880261837036826,0.0020575783325762487,0.004405033530378688,0.004281857815229051,-0.002054980156550479
2020-12-08,0.0015319419569534976,0.0014491723830127867,0.0016213097970851909,0.0024771562122474222,0.0023258711218603345,0.002926196568654005
2020-12-09,-0.00573658110196007,-0.0051790463569922895,-0.004638396151731117,-0.004148271355231881,-0.0041687373816032824,-0.00896893453822667
2020-12-10,0.0029977740291522448,0.00436356276177019,0.004374928422909319,0.004886666570125042,0.004747623375838117,-0.0003272281927646503
2020-12-11,-0.000887560545982824,-0.0011294850477331364,-0.0005627017008917878,0.00032258874904500523,0.00032637329643736557,-0.0011724490053983683
2020-12-14,-0.0027357400178322777,-0.002165474926985822,-0.0016165601498421278,-0.0012066372394576863,-0.0011861801124690707,-0.004477331935832218
2020-12-15,0.009294282274008747,0.008738273672558305,0.006698357701307556,0.004444882432850683,0.004424514319617323,0.01351974051916982
2020-12-16,0.0016780851362230287,0.0021915514994041985,0.0017589318475761395,0.0012011771835851448,0.001158220682673683,0.001569267084756909
2020-12-17,0.005180965082187683,0.005754212448210394,0.004708141105323138,0.0035793792536209512,0.0035272219134063754,0.005592075580580502
2020-12-18,-0.004726552611636792,-0.0037120952371286764,-0.0022846019648465887,-0.0008032738353501712,-0.0007891288581364231,-0.00399304053105054
2020-12-21,-0.004940920212626154,-0.005713569337038371,-0.0042387394663749856,-0.001840566282734879,-0.0018525811418095284,-0.003575320540070037
2020-12-22,-0.0006360436609023079,-0.0018522779912892862,-0.001636141064874419,-0.0015686497681478562,-0.001449189845616039,-0.001685655568756661
2020-12-23,0.0018959310385926464,0.003376894627144411,0.003027120632135727,0.0018664125089598027,0.001865765130776964,0.0008987980913581772
2020-12-24,0.0029056359377981344,0.002486983810663812,0.0022129532171319966,0.002328667213688407,0.0023237948877214976,0.003890429900104353
2020-12-28,0.003569583611957139,0.002063266086470561,0.0010145099074350128,-0.0002551917531999903,-0.00022142694523463735,0.008590796557411018
2020-12-29,0.0009460443463324975,0.0019387196192104383,0.0015853639367233718,0.0003088111294982099,0.00032674736106352853,-0.0019077491192015517
2020-12-30,0.0038311727748099322,0.004501640258612882,0.003735903137815022,0.0028779421371472047,0.0028124491151027,0.0014263578292144086
2020-12-31,0.0022463823336960065,0.0019225144513699277,0.0018494153800059365,0.002767186131630517,0.0026818806766699677,0.005081224851643418
2021-01-04,-0.005049503139448297,-0.0026007000766719024,-0.00044705830273528147,0.0004194919134599129,0.0005625678150531499,-0.013613845828595594
2021-01-05,0.0054955118499788735,0.006997462414858546,0.00499516661477184,0.0032198212245599933,0.003063024924244706,0.006887101442869081
2021-01-06,-0.002713743592040907,-0.0039964650300043925,-0.0051047988956647306,-0.006927885067385731,-0.006871084804764727,0.005978444814845663
2021-01-07,0.0031129226612880423,0.0018670711073520696,0.0007904713123656482,-0.0002908032499695512,-0.00025264766712163045,0.0148577284735385
2021-01-08,0.003179132065564527,0.00200312934995317,-0.0011899443548705202,-0.004478649206021479,-0.004721504909480423,0.005697517883473502
2021-01-11,-0.007489740369705511,-0.00719182265971452,-0.00550636059664622,-0.003301008376767056,-0.0033037510415118154,-0.006740893475056131
2021-01-12,0.0034645604569325528,0.00513130830420061,0.004621268845496296,0.004116897944569153,0.004086831110037936,0.00021133127944206187
2021-01-13,0.004026094810829051,0.003226438093044681,0.0028851361473090087,0.002832448209551197,0.0028023734818638513,0.0026930151070372332
2021-01-14,0.0007844405945423016,0.0018187720410773878,0.0008773123138885452,-0.0008797969604129596,-0.0008609609616814229,-0.0035021783687914088
2021-01-15,-0.004420236037230962,-0.005289049988668859,-0.004233734246617105,-0.0029451495794184934,-0.0028997581536664985,-0.0072923645669916715
2021-01-19,0.005537153742267931,0.0053906901226947745,0.004657911475413945,0.003831174866602449,0.003790624679826049,0.007851828964567487
2021-01-20,0.009735738199418531,0.008528522862359722,0.006199736350545271,0.003966697044966105,0.003939873901116719,0.013838668904671003
2021-01-21,-0.0011831317604159564,-0.0011697203355141017,-0.0007708090700010439,-0.0006945786479308769,-0.0006682380991296366,0.000911525987993711
2021-01-22,-0.0031614822519250296,-0.004413696284755408,-0.004088391839541572,-0.003799194232870229,-0.00378171233051261,-0.003539371109206546
2021-01-25,0.004994718187284475,0.005328110187948987,0.004882197007995304,0.005665993578685136,0.005452291222685535,0.003943884815386767
2021-01-26,-0.0004916535691144031,-0.0005053017185517872,-0.000805372822570094,-0.0011069299058470428,-0.0010897065652201166,-0.0015609254263089234
2021-01-27,-0.014043145189712058,-0.011521312846474396,-0.0075527580705573305,-0.003043330121041854,-0.003010506389289014,-0.02444043478968294
2021-01-28,0.0033739781663970625,0.002096795622849923,0.0011926688087573467,-0.00022839705063060212,-0.00017393008203292482,0.008600092872435683
2021-01-29,-0.011972912141520187,-0.009566176360690348,-0.006390662015817505,-0.0033826904193648977,-0.003195770930523034,-0.02001959626950267
2021-02-01,0.012576875192539472,0.012121357842790115,0.008209640175603994,0.004874865767558578,0.004718988368560995,0.016645769534023414
2021-02-02,0.005014630183434621,0.003656319076484671,0.001833975654265796,0.00030734935621912207,0.000152904427905165,0.014140218328297482
2021-02-03,-0.00041966006162585945,8.223095069914699e-05,-0.00028287997331966075,-0.0011041341719489894,-0.0010592250693473027,0.0007862718722779771
2021-02-04,0.00204008035133052,0.00035996059898146804,-0.0008087331478128235,-0.0012785412365533544,-0.0014045807703391144,0.0113657333609678
2021-02-05,0.0027636601291947116,0.002994711811404871,0.001992364634060273,0.0003593486404753765,0.0004408461685911913,0.003935867687852257
2021-02-08,0.00579999961372768,0.006356016386239061,0.005678556996394413,0.0056852850267372634,0.005609294358151828,0.007221800303696568
2021-02-09,0.0024709089620489344,0.002950796777149378,0.0021570200860723254,0.001196644232051236,0.0011329068229133377,-0.0006659745177428622
2021-02-10,0.0018147333379139319,0.0017851300088842503,0.0016775780545310592,0.0018168583418547435,0.0017899482141479073,-0.00043566056475186077
2021-02-11,0.0009149463064750396,0.00035466854061594333,-0.0008649560068672013,-0.0027595584259746397,-0.002769713820994557,0.001615165876777347
2021-02-12,0.00040843854471273033,0.0006744246633272333,-0.00015896086358047068,-0.001132166143626434,-0.0011224765522843683,0.004940056797152037
2021-02-16,-0.0033248386720451384,-0.0025435562380641263,-0.003499600693164906,-0.004665157984852564,-0.004744695655871989,-0.0008661844616317804
2021-02-17,-0.00034900185381225857,-0.00041577382358981563,-0.0002047799468645195,0.0005605050284751556,0.0004902940953643853,0.00022946811235202702
2021-02-18,-0.004795179495266422,-0.0047236717534602235,-0.004150885444071495,-0.0035408138047646753,-0.0034632617284080514,-0.0042559542904545555
2021-02-19,-0.0007948687042343971,-0.0006530475354821208,-0.002076313718093914,-0.004399984348457564,-0.004308384678738952,-0.0017661171650000806
2021-02-22,-0.003521434337851015,-0.0009217930914373618,0.0002645390139939252,0.0028587768238426126,0.0027825381390595982,-0.007691685422798744
2021-02-23,0.0015575941485979072,0.001665812460790006,0.0010498799053517693,0.0002348479287359595,0.00025126630708816045,0.001214339292002764
2021-02-24,0.003296154800432438,0.0030123820125420586,0.002161862413464055,0.0020549244168219793,0.0020222839029118145,0.011019443097521897
2021-02-25,-0.01868519112885525,-0.017097412561014935,-0.01571856442120212,-0.0142867243695457,-0.014304707963840757,-0.024095875118591015
2021-02-26,-0.0033159994508793478,-0.004699637203857243,-0.0005234874098606346,0.004917530474306542,0.004744937453240894,-0.005152521124055731
2021-03-01,0.009098638861335218,0.005633296456621473,0.002063642050702974,-0.0031958977498175445,-0.0030087701996452942,0.02424028603801931
2021-03-02,-0.0034618483880403117,-0.0018797120254401278,9.626563146358791e-05,0.00213178645075085,0.002144104198164909,-0.007803491615163027
2021-03-03,-0.0074003216886657786,-0.005598243093868915,-0.005063644286443569,-0.004796621871968165,-0.004821868704808163,-0.013245511175413838
2021-03-04,-0.009834365820420188,-0.007456362852846676,-0.005815333446243853,-0.002636037825075821,-0.0028423151073529995,-0.012374905861652574
2021-03-05,0.008746184117118583,0.008213687983903428,0.00614482861798904,0.006082889517205814,0.005733193407690518,0.018396572359676844
2021-03-08,-0.00686224965665716,-0.008287860761041377,-0.008343313880315617,-0.007993177916778005,-0.008014723728428375,-0.0049786245467017265
2021-03-09,0.012340517150934538,0.011373358335765804,0.010228440536462324,0.008966282715332285,0.008942090400740454,0.014277549535972156
2021-03-10,0.004576566051792685,0.004357165014710951,0.004386658274485811,0.0046114309309588375,0.004640224545652716,0.006224590336354696
2021-03-11,0.007871061994575657,0.008027267462656473,0.005470456830610093,0.002494772986332494,0.002454350476584377,0.010138996451692917
2021-03-12,-0.003164527843759868,-0.004399357011717453,-0.006166837000578074,-0.008241652960419676,-0.008139829329325998,0.0013468659664168658
2021-03-15,0.005137647688145064,0.004037764817943268,0.0033546042400764975,0.002832363264511306,0.002834026178237803,0.005963460760559869
2021-03-16,-0.0006360175500619292,-0.0006146209358518506,-0.000240465570773174,-0.0006776285289875617,-0.000576186712198723,-0.0012612185815668031
2021-03-17,0.0015617069153792684,0.001326893109468319,0.0008232582676419575,-0.0006176659804245643,-0.0004410242599065528,0.003409889259953003
2021-03-18,-0.012599921430890615,-0.015064908024631452,-0.01383189909634519,-0.01523614622344005,-0.01475527513958308,-0.014549588139203262
2021-03-19,0.0014582669332878773,0.003982052425159255,0.004526681211393324,0.005940256601426386,0.005725031306503814,-0.0018504198222351054
2021-03-22,0.004317198453664073,0.003098832399833551,0.003238199753025306,0.004449411833613137,0.004300167123228782,0.007984988195278042
2021-03-23,-0.006134795765203593,-0.007758709008422682,-0.00559247101169813,-0.0036912014396641712,-0.003537083303185806,-0.007870999977804383
2021-03-24,-0.002450761417108427,0.00028584823588384545,0.0024187295906219486,0.006445742166033996,0.006269928667365976,-0.005083214198785879
2021-03-25,0.0018275419143984895,-0.0009852647427197603,-0.0023668149918393278,-0.005510348013025301,-0.005267570168070113,0.005625607011094935
2021-03-26,0.011836708976614485,0.011714179750265119,0.008118411798083924,0.005245939784810805,0.005014234552556784,0.016114960061876182
2021-03-29,-0.004238890642299653,-0.00439466524159271,-0.004147846215706075,-0.0038641610743249677,-0.0038446328507925065,-0.0005051402947335859
2021-03-30,-0.0015284330631513132,-0.003039387156488771,-0.0033838642960640763,-0.004417273293706558,-0.0043712295380305966,-0.0026531199238513103
2021-03-31,0.0011216950312309404,0.001746750898946603,0.002105930569895831,0.002039197622564659,0.0022223012542095244,0.004053505307367367
2021-04-01,0.011846771612652685,0.011815295723762054,0.00913067628565245,0.00720659753509012,0.007624916306637308,0.010799101435940539
2021-04-05,0.004236430825309334,0.001038563263203951,-0.0008128648491098067,-0.0033456392724552364,-0.0031277403914188318,0.014352935866075
2021-04-06,0.0015957297132220827,0.00247565056228094,0.0026053965510992594,0.0027649487271095285,0.0025868325880007426,-0.0005904266558126592
2021-04-07,-0.0017894418526267497,-0.002108439451648958,-0.0015552853213217643,-0.0010172053887724797,-0.001048144914000737,0.0011571907190819353
2021-04-08,0.004493548113263746,0.005017120117258633,0.004566480728660727,0.004155066157231602,0.004307542606436066,0.004746845514252751
2021-04-09,-0.0003709566965955924,-0.002014312898543147,-0.002154862716238992,-0.002142022975309077,-0.0021589379712824153,0.007270021547605809
2021-04-12,-0.000822291979203138,-0.0012465394418290643,-0.0009467839456770433,-0.0004960012171152384,-0.0005969942850188037,0.00036469480434497825
2021-04-13,0.004997031071953151,0.00569560848954298,0.005238708365809641,0.005222091084786662,0.005322246769503325,0.002963606922903095
2021-04-14,-0.0007055989479263225,0.001224956854544823,0.0006788543195705987,0.0009703360007029538,0.0010063879683852583,-0.003415057467625382
2021-04-15,0.011111634160097639,0.010727372163464421,0.009191877284529859,0.007743480517069301,0.00800990737566809,0.010742383201741923
2021-04-16,0.001128999652346696,0.0005448365973823588,-0.0006267949676184159,-0.002796775841821697,-0.002555702825361661,0.0033424464467719517
2021-04-19,-0.002307443355159533,-0.0019031517957537325,-0.0020129986910272235,-0.0019323619463696984,-0.0019196251107311824,-0.004912805475246973
2021-04-20,-0.0027209227644844347,-0.0018154582703305833,-0.0007542459764088294,7.295350222435992e-05,-9.008518702058321e-05,-0.007321722899601424
2021-04-21,0.0062032460775871545,0.004977732986402472,0.0037572266823873157,0.0021959420042561018,0.0022743303856942454,0.009461968846159685
2021-04-22,-0.0031959430809523903,-0.0015056051822246452,-0.0003453123455506857,0.001750076617104579,0.001720425895914035,-0.009133219295050843
2021-04-23,0.006079726558923193,0.00494252441092935,0.0030588162256781626,0.00141945381773656,0.001449653921347993,0.010842751889412527
2021-04-26,0.001502191227851446,0.0017171000606759357,0.0011475162108631753,0.0005203103262438891,0.0005604858440950711,0.0020875760025211854
2021-04-27,-0.001617078762419566,-0.001235335411869709,-0.0015288750480054736,-0.002196482311058401,-0.0022027906034990385,-0.0002156415001244305
2021-04-28,0.0013126080029801646,0.0017772599032357395,0.0019579073939735014,0.0017536442811179054,0.0018107814185073234,-0.0002872440195614834
2021-04-29,0.00212591161873954,0.0012791229048572106,0.0003294660134143257,-0.0004382576989945264,-0.0004496084273167833,0.006372747535631218
2021-04-30,-0.0045531062452502935,-0.004550171419528404,-0.0028546097219626088,-0.0009756756544253564,-0.0011934969404328033,-0.00657048433809182
2021-05-03,0.003490732230982063,0.004561883173566761,0.004055858105925569,0.0036513690541082333,0.003816528507471828,0.002156760892745524
2021-05-04,-0.00423574939811,-0.0022671445633388743,-0.0004372785554150882,0.002232960413716789,0.0021493354004658016,-0.006169580952436138
2021-05-05,0.0008896818504853243,0.0018464792834163024,0.0027960124227395244,0.003723946920693555,0.0038865039765407783,0.0003129911422954379
2021-05-06,0.006317775368427814,0.006151767126223007,0.003985846328993903,0.0015305453164873306,0.0017138663445350755,0.007985671366315783
2021-05-07,0.006859040516300263,0.006555365038342531,0.004438293465632404,0.0019733754245490065,0.0020951439462579824,0.007278047686865907
2021-05-10,-0.006424714141510801,-0.005785203107782855,-0.004334351675236214,-0.003801848599977675,-0.0038177259934322194,-0.009902384692966226
2021-05-11,-0.006415055897953548,-0.00418874336281061,-0.0035469536839733973,-0.002963464898844359,-0.0030237061593686443,-0.008925007162125076
2021-05-12,-0.015811797235296465,-0.013099358044957765,-0.009168308089560484,-0.005145006154673726,-0.005357434204691258,-0.021245282132490773
2021-05-13,0.0049367316737112255,0.0011487285659470547,0.000849307452493564,-0.00045723003486863867,-0.0005404017554109242,0.012012680770183914
2021-05-14,0.01194071765987692,0.01081752922833279,0.008437408885687558,0.006355395931417984,0.006570302198427802,0.015355247135298455
2021-05-17,0.0005148373411276719,0.0021954835985193988,0.0019115917454373133,0.0012180439570406154,0.0013323401338405372,-0.0025444762367451412
2021-05-18,-0.0012120199855578662,-0.0004240609246087823,-0.0011092103201674197,-0.0021328165494711726,-0.0020288942290525025,-0.008615594397727078
2021-05-19,-0.004341133871209268,-0.005491808062368042,-0.005430124513559065,-0.005971076778337636,-0.0060849807536832445,-0.0026218840077560923
2021-05-20,0.00774818242306563,0.005609413660818685,0.0045627695242809185,0.003751195305178534,0.003775802412543827,0.010757970227453395
2021-05-21,-0.0003261000909871026,0.0004690042722215182,0.0010763644577260756,0.0022886105254826816,0.0023566309015041753,-0.0008186555007252405
2021-05-24,0.007367811529137125,0.006874666938651464,0.005189072880983137,0.003930374989271845,0.004003475408900226,0.010194209057668324
2021-05-25,0.002444654624080611,0.003172990763658623,0.003414484926045125,0.0034012542312604754,0.0034746824282350097,-0.0022187262370043648
2021-05-26,0.0013072411288974628,0.0009415384781130687,-0.00019148564694326797,-0.0012347090569624353,-0.0012570159400644432,0.001984688938251322
2021-05-27,0.00010747903851848761,0.0011350846304094553,0.00043752544651076697,-7.314174498063153e-06,0.00010611652118619475,0.0005249137019205374
2021-05-28,0.002335388215564782,0.0018824088534241668,0.00125284226878275,0.00019370698803244935,0.0001844274629256848,0.0017885361489471396
2021-06-01,0.005767867808241789,0.006646895881760262,0.004553779747474396,0.002916288629385644,0.002971680798919518,-0.0008805830768638945
2021-06-02,0.0035431440507394107,0.003542687614770168,0.0020931889238660073,0.0010633105642279261,0.001131244468687731,0.0015724116074637973
2021-06-03,-0.005970221519841723,-0.006997007942160294,-0.005981474601986725,-0.004353990048784229,-0.004499761669249036,-0.0037112349202585992
2021-06-04,0.00786638143146523,0.008279848944995782,0.00775184220682279,0.007667315703432376,0.007826854652374315,0.009145831084326428
2021-06-07,0.0012259663527380837,0.0010770651474385495,-0.00011543261640922786,-0.0011265847382206928,-0.0010716683683995587,-0.0009702073628320429
2021-06-08,0.0020997850537454177,0.00250280733374586,0.002346958217362527,0.003313511422454285,0.003282878638579234,0.00021314700338370685
2021-06-09,7.268755529055149e-05,-5.3928496603683485e-05,0.000564982826718019,0.0017347903572213497,0.0016843056834521253,-0.00149194379827855
2021-06-10,0.005214996513512649,0.0051219231754870975,0.005025034229250158,0.004790296128605931,0.004790516126065514,0.004648469226266494
2021-06-11,-0.0015253498431100354,-0.002411447957128554,-0.0022057259902400483,-0.0012618991323974926,-0.0013883977216520016,0.001652364527684469
2021-06-14,-0.00024988831615480045,-0.0014354887975860375,-0.001879439419952611,-0.0028499915298099143,-0.0028809114366612487,0.0022391759202620154
2021-06-15,-0.002956459660003463,-0.002869142408859493,-0.0012602162210867407,0.00036017133478449814,0.0002848414504148522,-0.0018342205421607582
2021-06-16,-0.006978692072106996,-0.007483671942554615,-0.00727723964340421,-0.005675670414640233,-0.0057931207056833856,-0.005583387515941229
2021-06-17,-0.001697301244603655,-0.0042454028152929535,-0.0014136594390999901,0.002178866129473711,0.0018273015245138247,-0.00033161621891231174
2021-06-18,-0.006449403863747594,-0.0032863106842511147,-0.0005027542667656038,0.0037848498549286624,0.003664316338663154,-0.013490536214908255
2021-06-21,0.0074216568180633935,0.005938356156681035,0.0020623286333729673,-0.0027828517559609356,-0.002583282353384231,0.014315988148888126
2021-06-22,0.000671230536319456,0.0002727868187679672,0.001786619287250879,0.003100007510732361,0.0030513954509194807,0.005346083390894263
2021-06-23,-0.0008538523765605488,-0.00015012443815165533,-0.0002740973218824383,-0.0006720913298378095,-0.00071018787185817,-0.001205109739379595
2021-06-24,0.003475024819939554,0.003009811526588857,0.0017412068699336203,0.0010650307168103001,0.0011266096228925715,0.005915840321915278
2021-06-25,0.0017687929825320747,0.0008568195110023602,-9.206044243592615e-06,-0.0020888794966115176,-0.002125591944695304,0.003552010406859152
2021-06-28,0.0008693728665114531,0.000947677388633883,0.0017566125592858306,0.002832434144268703,0.002771159589433969,0.0020159429330250944
2021-06-29,-0.0004954310988158905,-0.0005103693377840335,-7.758166888649498e-05,0.0011141288869744859,0.0010354194895432212,0.0005378985095048083
2021-06-30,-0.0007191039113522146,0.000329990521193535,0.0010459156222715205,0.0018339871314079215,0.0018471874531789112,0.0008417609308870588
2021-07-01,0.00209058197734735,0.001510601708317072,0.0010726800205336229,0.0002868187651587917,0.00023557511169980394,0.0055365633398085645
2021-07-02,0.004690547948600354,0.004671848979051374,0.004455583393723206,0.003941407154912424,0.0039407550451977524,0.007643559489438179
2021-07-06,-0.0011204335642844843,-0.0025349539470238547,-0.000262409372393857,0.0008551139187580326,0.0009102330818431259,-0.0018214121703516994
2021-07-07,0.0027599286182415916,0.0016750385145176683,0.0015963903510980426,0.0011594808699950665,0.0011712243270736167,0.003534001975728396
2021-07-08,-0.005226930329394808,-0.0037027446852193613,-0.0024632522812407798,-0.0009008166463865264,-0.0008854493640226835,-0.00814804833063687
2021-07-09,0.007603214140939452,0.006326132863316625,0.003184789885283701,0.0006133076917518299,0.0005894312449084005,0.010674796987606872
2021-07-12,0.0027677066812807904,0.002075444165143825,0.0018247843105321238,0.00149187117243188,0.0014906353256960436,0.00358188562706907
2021-07-13,-0.004099871963480273,-0.0026727235172788744,-0.0023448785179398524,-0.0019600136997922624,-0.0019752366316753145,-0.003408934198575464
2021-07-14,0.00414968941713556,0.003860785813266876,0.003823788198797695,0.00307891269429561,0.003108690721251195,0.0014922374716741515
2021-07-15,-0.00016500771249594592,0.00025981451778767095,0.0012355004964308414,0.00126083418821743,0.0012900993776496783,-0.0034154231981865513
2021-07-16,-0.004598017898149287,-0.004064728319128186,-0.0028369098750566923,-0.0013426036931705188,-0.0013418292157688638,-0.007843543117856955
2021-07-19,-0.008870677094525936,-0.008400894167963191,-0.003863026061441288,-0.0007599143728086455,-0.0007044445279278388,-0.014768044600646846
2021-07-20,0.007504979034963499,0.005492052809503933,0.003056219979053365,0.0011897154829565437,0.0011870205968913528,0.014330406251251038
2021-07-21,0.00310811216259399,0.0027923736063120153,0.000573135635159705,-0.0004383618130220368,-0.000492771118820956,0.008096421390229258
2021-07-22,0.0016124415053730967,0.0024897615406900275,0.002949825728784772,0.003252571416841432,0.003241354771212457,0.00209399677094102
2021-07-23,0.0027905861149744027,0.0011919176274386434,0.00173922259874848,0.0025396020575307876,0.0025253138911149886,0.010287867278016671
2021-07-26,-0.0009387431442050564,-0.0010718104961302544,0.00011132683006787047,0.0013054319802572323,0.0012931801943216747,0.0024549503948168017
2021-07-27,-0.0012742267895370363,-0.0011761765060765983,4.3140248280115756e-05,0.0013496695688675064,0.0013751660208780603,-0.004557526359756037
2021-07-28,0.0033621453590380046,0.004430693455214074,0.0035952236014031858,0.0026476475419054957,0.00263714867607856,-0.0004100374916921057
2021-07-29,0.0029280977509986705,0.003802746093025444,0.0015663319013485832,-0.00024477343195705714,-0.0002612114810571775,0.0041474451730294515
2021-07-30,-0.002614964117099383,-0.0026772793105954706,-0.0011475655942903007,0.00022232934706534202,0.00023078335647963577,-0.004856491563494658
2021-08-02,0.0010344809265385724,0.0008493574432650863,0.0011593506773239781,0.0011852399468563757,0.0011839370211443878,-0.0020980209755931956
2021-08-03,0.003333661268570154,0.0019657781936555097,0.00166228741015928,0.0011295720753634608,0.0011205008897603452,0.008135507169542144
2021-08-04,-0.0021965037354783057,-0.0023946677248183335,-0.001942275722041087,-0.0018864724974867464,-0.0018699904696795056,-0.004918933594026398
2021-08-05,0.0029157438397633406,0.0021354444454286803,-6.743633457761966e-06,-0.0016723367222858387,-0.001686173539182767,0.0063328452415967185
2021-08-06,-0.005868146992839218,-0.008058783024927574,-0.006913287506426058,-0.005652205418373524,-0.005676574324846806,0.0016524834112305875
2021-08-09,-0.0035467489313004696,-0.004996037667578834,-0.004156892266837242,-0.0037249699115947665,-0.0037410630854995963,-0.000813699190750472
2021-08-10,-0.00048785494421899056,0.0007598221811688788,0.00035356725243418374,0.0003344930015596326,0.0003021639705924617,0.0012438090185238337
2021-08-11,0.004126821357745669,0.0047648986990243,0.0035639803773166445,0.0026792394514565387,0.002681463845182197,0.002484970318287205
2021-08-12,-0.00011144244240446355,-0.0009133224247935834,-0.0005436469130245536,-1.2532277765542332e-06,5.7830600925790066e-06,0.0029970136550161453
2021-08-13,0.004877445898971988,0.004991712828632977,0.004956806852542961,0.004512264721779458,0.004534829187770262,0.0018198451591113773
2021-08-16,-0.00047242622833354453,-0.0006723090875895288,-1.951655621879045e-05,0.00014179356798393883,0.00015945812997264497,0.0023546620250503025
2021-08-17,-0.0056027281854055255,-0.0057060566593553075,-0.004400801751974659,-0.0032488791690524765,-0.003224561344576049,-0.006555241058919692
2021-08-18,-0.0045723309683664,-0.003426338479812885,-0.0022121352178074982,-0.0013527829766931676,-0.0013446276622556264,-0.01094486718297305
2021-08-19,-0.0014647693069856915,-0.002782210959603182,-0.001157231534153813,-0.0002676552351645878,-0.0002318931341716013,0.0015481417206537618
2021-08-20,0.0019373697318432193,-0.0007777923253405872,-0.0009957345151906383,-0.0017902524124903119,-0.0017719234600016565,0.007957231836766221
2021-08-23,0.006955068467266123,0.008732309715084208,0.006104463303614027,0.004030362368523166,0.003995650302563547,0.008796439327796834
2021-08-24,0.001917553931340521,0.003217313287446011,0.0014347107877290544,0.00013320611518907732,0.00010312196276851537,0.0015874839828013965
2021-08-25,-0.0006124646983325377,-0.000755354353910942,-0.0010641685638960174,-0.000927810141254759,-0.0009482811993676288,0.00209825109783357
2021-08-26,-0.0029188073414582183,-0.002631615045727065,-0.0016101682318213628,-0.0008511819181153957,-0.0008315749683777129,-0.005903126406536674
2021-08-27,0.009438583327717298,0.0097933401587178,0.008678563789147997,0.007333582282224693,0.007338611678375795,0.008940927698898538
2021-08-30,0.0029909427540981692,0.0021509253034297515,0.0015698628760687505,0.001066063472748402,0.0010708221328239453,0.004397670172489043
2021-08-31,0.00032720912664041535,8.540920282862352e-05,-0.0011643460903231206,-0.0023692331429152613,-0.0023586772406282153,-0.001481661933569911
2021-09-01,0.004941056721234016,0.004128914672088202,0.0028177794860855254,0.0016528380434144285,0.001659716210076878,0.0005314015355761814
2021-09-02,0.0026057209812972992,0.0026243167286748026,0.002130321056354356,0.0020512974152848695,0.0020389161929053046,0.0030766471130352357
2021-09-03,0.00041317031828769224,0.0007696924743059164,-0.000479783451965865,-0.001599322265382619,-0.0015994875244944584,-0.00024287816169399346
2021-09-07,-0.005336575322162029,-0.006199412361936885,-0.005262237152031002,-0.0042199536854498065,-0.004253058322723935,-0.0035752336982025623
2021-09-08,-0.0003838479037919784,8.539597513634867e-05,0.0015094724563067263,0.002896283096391006,0.0029118330397119863,-0.00121824861789821
2021-09-09,-0.0023576585925030313,-0.0009197630229951237,0.0016948177443387724,0.003864712254054492,0.0038581446302583533,-0.004280367472914937
2021-09-10,-0.005629331232313017,-0.0037297804926051947,-0.0035487019312985257,-0.0023615002823647036,-0.0023953476966074305,-0.007884613538522212
2021-09-13,0.004268666281614042,0.004401129456422348,0.00324767027694417,0.002414182375383378,0.0024069262095305355,0.0025594421946579793
2021-09-14,-0.0008925704837483561,0.0002640804677007669,0.0009371739762260578,0.0013207258482144102,0.0013395465630519077,-0.005396524415419823
2021-09-15,0.002780474459513016,0.0023038744764956043,0.0014216345006221598,0.0008771894788157653,0.0008532249109198808,0.008352554994092154
2021-09-16,-0.004090755352929243,-0.005557250171774553,-0.004089519014860765,-0.002112259631531832,-0.0021307831842040104,-0.0015851406352110908
2021-09-17,-0.007116581785209242,-0.006244161446374963,-0.00506574618510236,-0.003952313144699793,-0.003934575196452905,-0.009741131466684094
2021-09-20,-0.008098420316170807,-0.006088650726385869,-0.0030029116165883885,-0.00041791707625427055,-0.00036639396196946894,-0.016674266547585526
2021-09-21,0.0020290421779081136,0.0024420803949674053,0.0013573495679350955,0.0006228952837399326,0.0006112539915814619,-0.0009445475028054817
2021-09-22,0.006627753680410686,0.00575979742792887,0.003868052637266528,0.002110859741831339,0.0021014949302076147,0.009754715380821954
2021-09-23,0.0013005765837206251,-0.00019827532056349018,-0.0021851940528202496,-0.003083407253164472,-0.0031420855019826943,0.01215013828667244
2021-09-24,-0.004682693568690888,-0.004555651436011998,-0.003854565597339099,-0.002870873373292726,-0.002874940756886546,0.0016470694509267414
2021-09-27,-0.0017787049689419465,7.850595624625534e-05,-2.8245986627539743e-05,0.00031406606765838063,0.000288265096619833,-0.002860969773436417
2021-09-28,-0.013540396511578345,-0.011968745757673593,-0.00989221977264132,-0.0079988863503474,-0.007975644947839422,-0.020151823803327584
2021-09-29,0.00034394295256956475,-0.0003095424253446444,-1.9899221502250874e-05,0.00018906712675370585,0.0001970170271097249,0.0016832946197833376
2021-09-30,-0.003928040293005752,-0.0004859369805993996,-0.0007148453361179863,-0.0011363245466443628,-0.0011336582964599495,-0.012222353410422104
2021-10-01,0.007907042465993053,0.006992470532243944,0.006471801856264836,0.006213765874343746,0.006152957005773674,0.011884165713622163
2021-10-04,-0.004944342188996753,-0.0023516580986771007,-0.0020230541865980944,-0.00045290795839181275,-0.0005144973288959687,-0.012895949528209716
2021-10-05,0.0019447844665130276,0.0013846429201358479,0.000458502726658816,-0.0004523006203243085,-0.00042980418208771187,0.010405041072690357
2021-10-06,0.0009838253838254651,-0.000849801210479395,-0.0003268565744407592,-0.0010474811363905268,-0.001076754804297142,0.004155905096174806
2021-10-07,0.003912248099964932,0.003344853359817934,0.0011868718081358143,-0.0008178073333440228,-0.0008334734363497631,0.008645695760987504
2021-10-08,-0.002443810992434625,-0.001680239037047171,-0.001791581453117752,-0.0019937489006732756,-0.0019599215200344355,-0.0018238637746419428
2021-10-11,-0.002209486508549463,-0.0011014890838743074,-0.0012777866862948573,-0.0007806698325411032,-0.0008203782798869019,-0.007239654999523948
2021-10-12,0.0036974030069769626,0.003936441401757529,0.004026717106420774,0.004043217767752738,0.003999881714759068,-0.0024614657514153704
2021-10-13,0.007728375803171872,0.008580338348861405,0.007337815419211635,0.005638600835328189,0.005673174304049455,0.003597650695814858
2021-10-14,0.009030711929229662,0.007273407138753019,0.005969223291614201,0.00463617953118356,0.004609367639965667,0.01682082056238232
2021-10-15,0.0021091323637911774,0.0010108621613333924,-0.00027426122967322275,-0.0013606573797614319,-0.0013740287153510833,0.007615728713266323
2021-10-18,9.173767004977407e-05,-0.0009069701329877944,-0.0009753738905849962,-0.0017732229569211722,-0.0017949220479743788,0.002960225798245286
2021-10-19,0.0021520481854602203,0.001322022302036041,-0.0004487378182413959,-0.002449448818976352,-0.002426063216600882,0.007715051202346723
2021-10-20,0.004179223069300297,0.004046534834672322,0.0026861529400119544,0.0016463068570502504,0.0015890891879364322,0.003927555420862872
2021-10-21,-0.0012973246391342341,-0.0027655204143306467,-0.0014379485003209735,-0.0011459436384388955,-0.0011437618252194692,0.0026083665284473145
2021-10-22,0.003225882803091995,0.003886682838211586,0.0036545206884017745,0.003490825012689047,0.00349872095980297,-0.0010362264508908536
2021-10-25,0.0028729826120488244,0.002828588350525907,0.0023708243881324087,0.001604338476235645,0.0015873064008971038,0.005362778200538765
2021-10-26,0.001452826582480915,0.0011326551017689646,0.0021013782332766073,0.0032836899391941454,0.0032622441047123196,0.0009002339965367145
2021-10-27,-0.0016750561747762571,-0.0015237442447336713,0.0010890243082113393,0.0025336200263592623,0.002596701579541616,-0.004430449909882728
2021-10-28,0.004796092899128412,0.002950404240332105,0.00011243373902702913,-0.002359171088549994,-0.002392514266280732,0.009648742605433025
2021-10-29,-0.004021980423517646,-0.004825581966643511,-0.0036044851942607092,-0.0027195740342566,-0.002701528008922538,0.0020292632904317376
2021-11-01,0.0025673171784019733,0.0027041395779849875,0.0006623046021692058,-0.0007464217588754041,-0.0007331970292241419,0.0017201935642989774
2021-11-02,0.0017915231318232916,0.0012109922527210326,0.002191212394659914,0.0032861179394831908,0.003247703840656646,0.004043210592775903
2021-11-03,0.0001771999192017315,-0.0028741427596890023,-0.0023277196907283138,-0.0024523862392507034,-0.002404051282351438,0.00610522102729405
2021-11-04,0.0019058004918179883,0.0020807021811999338,0.0036521741855870538,0.00409207501119524,0.004167617111551003,0.0047125311193321195
2021-11-05,0.005715588101062208,0.006813509146480046,0.006276796132192564,0.005733509915821333,0.005719220162308636,0.0034696168552568185
2021-11-08,0.001301913454008874,0.00197049009181538,0.0015597704226835152,0.0007885525502326907,0.0007878822251572437,0.0008538285886485752
2021-11-09,0.0015643576743458176,0.002942660621328308,0.0035589696240259094,0.003873379388232845,0.0038530297959686877,-0.0033054422114333626
2021-11-10,-0.0074216912512135025,-0.00693234598668202,-0.006653382417071252,-0.006885599251771679,-0.006868593605593887,-0.008044803319036786
2021-11-11,0.0025989984811403133,0.0034243518678942486,0.0017194656926968754,-0.00029407067092046546,-0.00028833862965726986,0.000323357254234935
2021-11-12,0.002158552024019267,0.0011253196267067,0.0006638173527941937,-0.00013428675094040443,-0.00010282373842995796,0.007546821290859151
2021-11-15,-0.001354524658634615,-0.001999409988826195,-0.0023305530690195253,-0.0027221698865766975,-0.0027649070072403026,0.00034242455671651406
2021-11-16,-0.0012547813494065974,-0.001986672799422884,-0.0018447991872018177,-0.0019865261054162753,-0.0019792891557154357,0.003957841605981338
2021-11-17,0.0007185443219923648,0.0008833399097132322,0.0016994448322062983,0.002132975422942218,0.0021509644116768367,-0.002429290252051519
2021-11-18,0.0004688731385307232,-8.582775845467072e-05,0.0005031651413363036,0.0013316217213528159,0.00132189053640408,0.0033965374965490014
2021-11-19,-0.0026050749175972054,-0.0033111423715381783,-0.0019484263416339465,-0.0012997709488266063,-0.001294309591070908,-0.0017882446197797774
2021-11-22,-0.006656342425151451,-0.007246814877490126,-0.007775009955155343,-0.007471088432370432,-0.007534508621391045,-0.002815241914222888
2021-11-23,-0.0006964052721019076,-0.0008336476571191298,-0.0025532136782154824,-0.0031946796230639674,-0.0032867301870900256,0.0013259393143303377
2021-11-24,0.0036245330568287493,0.0028968935497797332,0.0033619466896137595,0.0029907986140877973,0.002916479742959499,0.002669917710558467
2021-11-26,-0.015532345974213713,-0.015187307481235979,-0.007393650631567494,-0.0017402298126218962,-0.0016122192454660622,-0.02230308160114325
2021-11-29,0.004090255526857378,0.001993221104002574,0.0009394712023733653,3.7837579706989644e-05,2.193271619632675e-05,0.012266478619664234
2021-11-30,-0.008901240065510851,-0.007209143141222896,-0.0041625978180512835,-0.0019960968090615427,-0.0019119863140889537,-0.019457471248907288
2021-12-01,-0.005379876865469924,-0.0035215770748870945,-0.0029660512814695394,-0.0027998739180955523,-0.0027274516435109586,-0.011107284804171225
2021-12-02,0.011455719641122908,0.00887349976309637,0.006797503124694959,0.004807205043891649,0.004700196810600188,0.01531644101796048
2021-12-03,-0.001580637500113946,0.0001989982463104223,0.001727350483031742,0.003938192243272631,0.0039532465112543935,-0.008701575007491025
2021-12-06,0.005753459835638797,0.004138514603184484,0.0009690034089033794,-0.001433368477507635,-0.001508503468099831,0.011843440611738476
2021-12-07,0.011487764068147888,0.009361546829116163,0.006584535446912065,0.003998769872937125,0.003998001771134518,0.02068501014620705
2021-12-08,0.0005359736177676933,0.00042582430543669503,-0.0012032569356896783,-0.0020790329083826276,-0.002127138347694957,0.0026477878477970673
2021-12-09,-0.0063492002325469254,-0.0061693702009814055,-0.004920380864550489,-0.004309870007410677,-0.0042637490559165325,-0.006751341731426108
2021-12-10,0.0038629459052963444,0.003329832800678778,0.00231926530527371,0.0014563376364804537,0.001439685255577361,0.009413195041800382
2021-12-13,-0.0013570807331142465,-0.0006792566398654554,0.0005225171864862155,0.0017510194621990216,0.0016867826845312628,-0.008858222869726262
2021-12-14,-0.006518171546714413,-0.006239581503125757,-0.005391733907646357,-0.004806964633415678,-0.0047749685311253565,-0.006880181308023481
2021-12-15,0.007166812411738999,0.004802052222753428,0.003650076256894952,0.002935301452523742,0.002925928726852156,0.015625181094967244
2021-12-16,-0.0008707140521652112,0.001291491002461953,0.001155192687579687,0.0014132496043168796,0.0014301714355937634,-0.008818598552019496
2021-12-17,-0.004121491738983907,-0.003288418461119269,-0.0018076180011475929,-0.0007519763267320734,-0.0007791633421282418,-0.010642753244063607
2021-12-20,-0.007250745136164971,-0.006585647866985567,-0.00504384589410134,-0.002990122695056052,-0.0029609422773774208,-0.010633603996973107
2021-12-21,0.009876781038355542,0.008614675225681712,0.006252186917109048,0.0041868484596401245,0.004142253402399376,0.017759105226925698
2021-12-22,0.007675979281561274,0.007272428655329399,0.005801404487424611,0.003989492483153834,0.003978958428222601,0.009998751145454676
2021-12-23,0.0017477250352782026,0.001241119673827118,9.674480910737415e-05,-0.0007612023096842391,-0.0007385766887606504,0.006221915422616409
2021-12-27,0.009090545058465294,0.007615797894781506,0.0061917057032296885,0.004713167902505644,0.004650079794592754,0.014152260355331459
2021-12-28,-0.0007946297514657141,-0.0012807524313566132,-0.0011571621090151751,-0.0007391789480912792,-0.0007604475054111548,-0.0008173349213839165
2021-12-29,-0.00031891969829223044,-0.0007507090194344146,-0.0011038701057287659,-0.0012394580663165344,-0.0012820873389214338,0.001279478001269263
2021-12-30,0.002495535284338546,0.0032705740710821107,0.003711912610949941,0.0035775117567611314,0.0035722664440722696,-0.002764561633340379
2021-12-31,-0.0005428957354458586,-0.00042905498518708285,-0.000589919122674254,-0.0011219302433794764,-0.0011158850516322927,-0.002520062687896174
2022-01-03,-0.003284331617220526,-0.004765095824879828,-0.005828535524887712,-0.006022928535443395,-0.006106574707873236,0.005789748379317672
2022-01-04,0.0005462191159697483,0.0014477709645779324,0.000368227739260929,6.944695192068195e-05,8.149635285858992e-05,-0.00033485479984340927
2022-01-05,-0.01400473210041564,-0.01107842921736335,-0.01007918835246957,-0.007618238882034278,-0.0075864692044100845,-0.01920225973659051
2022-01-06,-0.0009209478411763561,-0.0008041391020362498,-0.0018453655899999255,-0.0025754713612592406,-0.002599947486203291,-0.000939470784411256
2022-01-07,-0.0017030047410865334,-0.0004863032457358418,-0.0011832420950348421,-0.001868820038871899,-0.0018616410451248733,-0.003953480086906103
2022-01-10,-0.0020740518563566734,-0.0016556672360310554,-0.001085288541828655,-0.0013324659727181887,-0.0012713858177313409,-0.0012441457337992734
2022-01-11,0.009099845963028041,0.0104124340077143,0.008667290589994936,0.006341799945621895,0.006353900572804827,0.009108160291804612
2022-01-12,0.0031138334072926543,0.0034292060921981005,0.0010419326650474847,-0.001220125758506052,-0.0012542146957160716,0.002703380088170171
2022-01-13,-0.00554101849949884,-0.004486758052279938,-0.0026849849936025905,-0.0001333457784600256,-0.00011754906750294225,-0.013778477871309147
2022-01-14,-0.003610399067004111,-0.0030062805269132076,-0.004235060341959751,-0.005091160222966518,-0.005089482436857029,0.00040893967116972796
2022-01-18,-0.011678835309304136,-0.00910974820881627,-0.008777178007001063,-0.007432019130017786,-0.007354684357763652,-0.0177094041336342
2022-01-19,-0.0023983031361691776,0.0009521437278685596,0.0003244363042633758,-0.00025657856115002264,-0.00017142619713950147,-0.010383659319630145
2022-01-20,-0.004501257141407589,-0.0023892248738366373,-0.0017550252271040234,-0.0008526274018266777,-0.0008401427844049181,-0.011068126909007936
2022-01-21,-0.006021905894923352,-0.0031024963086844215,-0.0006448768448686915,0.003364816633024903,0.0034213933042468447,-0.019630741852963984
2022-01-24,-0.0017410816481324698,-0.0027095906849979867,-0.001713851330429228,-0.0015459640434608568,-0.0014693265467776717,0.004246800200298884
2022-01-25,-0.0043036034932197875,-0.0017982754388893296,-0.0022546991122216475,-0.0021879537988918063,-0.0021335561762060307,-0.012208983271492557
2022-01-26,-0.007936918245238678,-0.008110034951325451,-0.0077918728655744784,-0.006118844194974216,-0.006172118400922466,-0.002508660683505526
2022-01-27,-0.003582079198686805,-0.0021829429804842704,-0.000675150854888118,0.0017134008188284255,0.0016802906282227248,-0.004938037293699349
2022-01-28,0.011985736682543768,0.007125025526802942,0.006070116009259774,0.0030149742115175293,0.0029810784375716715,0.0248353509440844
2022-01-31,0.011196081396492863,0.00931995460752999,0.007101462874357534,0.0035358703121233237,0.0034897406210228077,0.018011160543593308
2022-02-01,0.0023468049122319368,0.0017745768646910687,0.00031469676908280064,-0.0006945227064569792,-0.0007364462845340647,0.006756878529592836
2022-02-02,0.005974502552788641,0.004406317916088698,0.0035715277072543294,0.0019202417009838157,0.0019000044329200438,0.009714099253073982
2022-02-03,-0.012256120005195825,-0.008932740160458641,-0.008798634493111024,-0.007821528545731149,-0.007741489602586582,-0.02350501722143461
2022-02-04,-0.0021273462975719415,-0.002152887767119971,-0.003784502468492823,-0.005796831582920436,-0.0057939634822539166,0.004702247060859532
2022-02-07,-0.00016335687620849804,0.0007951731133772899,0.0007120369052411313,0.0009098124792994433,0.0009378066561120946,-0.003209189310508842
2022-02-08,0.001415836985210861,5.010193070753566e-05,-0.00037127218598165257,-0.0018822664399201772,-0.001900436752561907,0.008227810741425978
2022-02-09,0.011819754570522312,0.009937230995099577,0.007842872217356911,0.0051794755676450865,0.005114806997774446,0.014635989372095315
2022-02-10,-0.014117600959427823,-0.011694828843426097,-0.01152037341676182,-0.011001172660107472,-0.010951735931269968,-0.017965477718014267
2022-02-11,-0.004488409974167662,0.0008673983559703835,0.0026060479854030927,0.00528862954605569,0.005473316968512165,-0.019718839751998174
2022-02-14,-0.005088239407816664,-0.004079222435329988,-0.004490699785136276,-0.005263988399934361,-0.005196912318017555,-0.003269299789003033
2022-02-15,0.005878308531843457,0.0016930794325911158,0.0003527477296147996,-0.0020756479813099915,-0.0022317446313424583,0.016126842141035436
2022-02-16,0.003732288603659484,0.0042090046827878425,0.0035731449855336272,0.0020946692004257805,0.0021252846963339955,0.0011208236396071936
2022-02-17,-0.007458682266854422,-0.0027839068419731605,-0.0018845360555900248,-0.0005422114131653499,-0.00038023311846846486,-0.021361425001345302
2022-02-18,-0.0022314341624957157,-0.0007604962753835487,0.0002485168019259465,0.0018094015112288808,0.0018306587819483244,-0.006474886291358506
2022-02-22,-0.0044291356111204605,-0.0018425564859391175,-0.0012893379770613222,-4.906081976829846e-05,3.415512788595976e-05,-0.010731840889404265
2022-02-23,-0.009968120175510742,-0.00632695280187201,-0.005762782160077196,-0.0041069187037893196,-0.004030579503074949,-0.017738434704715922
2022-02-24,0.0033439611255567936,0.0002593725205635167,0.0015273178574701785,0.002435139432135802,0.002471934358755812,0.01504891011085685
2022-02-25,0.012656164827240524,0.007453732559949078,0.006279393810351364,0.003941199459635669,0.0037807100214706235,0.022063995226180966
2022-02-28,8.687080175207029e-07,0.003506000341034987,0.006373520530024379,0.009497483048536814,0.009657586494029813,-0.002558398805398876
2022-03-01,-0.0023543716594094377,0.003960980581291462,0.0034845105544529797,0.0037980076572365906,0.004028924287136082,-0.01523043088150633
2022-03-02,0.004716545020996055,0.0023408792092780573,-0.0017210664146052324,-0.005057783284709072,-0.0051422458410290695,0.01839640140066212
2022-03-03,-0.0010340689748413734,0.00029910674509792123,9.428223690499671e-05,-0.0005224488189905507,-0.0003847260721937529,-0.004978578690444935
2022-03-04,0.00013519490716573657,0.005163993763357633,0.0041857688054516284,0.0027963687680168103,0.0030526550727918433,-0.008124714433550007
2022-03-07,-0.015406792164733507,-0.008535654564327921,-0.007151205737750299,-0.005057920854313225,-0.0048034020978525716,-0.029478981859226483
2022-03-08,0.0008377244096280378,0.0047233018588193065,0.0033727929140350277,0.001808542550464587,0.0019258108340172164,-0.007581649755233011
2022-03-09,0.0056932108441809515,-0.006815512661334844,-0.004287933841805036,-0.0036778801453245524,-0.004102046526608394,0.026810688027282925
2022-03-10,-0.006675844124776509,-0.007639741180163195,-0.0067532067330070555,-0.007229411160321941,-0.007156961372184134,-0.004515507415775222
2022-03-11,-0.005739027569296562,-0.002703667401693366,-0.001191258608728707,0.0022566128766703386,0.002284207356807677,-0.012715178417882167
2022-03-14,-0.011513535556624266,-0.014400525711570689,-0.013002352693716412,-0.011089840020465092,-0.011223641515535232,-0.007308356109775649
2022-03-15,0.004359307719340233,-0.001965854309984749,-0.0012143997335999357,-0.0004458923610715093,-0.0006114151000685686,0.02199058284238009
2022-03-16,0.018738564578111516,0.016190382928694458,0.011462029168669785,0.0048772811983093245,0.004720054858760481,0.022174191324148218
2022-03-17,0.010642717093584775,0.012160607582976102,0.011360440334916344,0.013353392285310406,0.013363275756289816,0.012510859164271082
2022-03-18,0.005637054431041122,0.004379317691264095,0.002756258397224487,0.0008232054755024087,0.0007325867341214654,0.010952941984483378
2022-03-21,-0.004156164441187271,-0.0016180887180637926,-0.004987737062188469,-0.007663502772159214,-0.0075547696585648305,-0.0002924781401503207
2022-03-22,0.0034149334996353975,0.0011473582142953465,-0.00026364953224200516,-0.0018171953997665469,-0.0019031128623103744,0.01170138420250555
2022-03-23,-0.0011272893424036923,0.004440927201561529,0.005067883275440499,0.005925062509392731,0.006080410140515857,-0.012878538183721533
2022-03-24,0.004882523341056322,0.0017477931443572459,0.0007093315114008458,-0.001635225525710382,-0.0016530076080238931,0.015074278191415935
2022-03-25,0.0002294664212920683,-0.0013259485495369372,-0.0030642958794058206,-0.0050245657259069265,-0.005038356181173653,0.004883844598067455
2022-03-28,0.0002153841242638066,-0.005446334594880864,-0.0025849611512442916,-0.0012476991648759928,-0.0013652510121892059,0.007113064788972112
2022-03-29,0.013014225150997927,0.010416606842310161,0.007928108946009926,0.005361499786965318,0.005246751989026688,0.0123707261914352
2022-03-30,-0.00040419646034994816,0.0028377152533582972,0.0027059562967299833,0.0032767779128672903,0.0033534822621137383,-0.006174825662262684
2022-03-31,-0.010320417315908381,-0.009259893061655089,-0.007248049552554869,-0.005558150047733634,-0.005481639529976823,-0.015391153519545342
2022-04-01,0.006333176663446238,0.0054880547541174,0.0033091303023267127,0.0005451670039344769,-5.623259471243536e-05,0.002834071543572181
2022-04-04,0.004474057494568751,0.005016911297516913,0.0034670351366992147,0.002570341925699937,0.002792069376535977,0.008566637373526031
2022-04-05,-0.01213309001362517,-0.012378308768040469,-0.012155526289423069,-0.012276939971686107,-0.011766754608656727,-0.01263152232154563
2022-04-06,-0.004966457868049723,-0.005234116473745498,-0.004930284751332836,-0.0061159217625164075,-0.005870181455001733,-0.009999301760781565
2022-04-07,-0.0014363456306172306,-0.0018890704408350834,-0.002026211408298395,-0.0018332363558986042,-0.0012657995985252413,0.005038925002299077
2022-04-08,-0.0004902986015621336,0.0003250488742905233,-0.000585408026508083,-0.0016749416557745311,-0.0011733853880117051,-0.002673948016917338
2022-04-11,-0.010735594766357992,-0.00900130406059052,-0.007888844694701191,-0.006316445557343009,-0.006106213739077049,-0.017092239446961477
2022-04-12,0.00024702399371401285,0.0024695626219974898,0.0013148427666795914,0.0006182675830139761,0.0007708750243999862,-0.003705267038601967
2022-04-13,0.008588663038387567,0.008397674749892836,0.006129077703387553,0.003882835605042434,0.003980093581008148,0.011453481775540508
2022-04-14,-0.0078058125553936986,-0.006633207083379666,-0.006539942934872034,-0.004968605167360751,-0.004921865583232821,-0.01245167064047481
2022-04-18,-0.0015434537965810513,-0.0010610342284542718,-0.0018665519817436804,-0.00335091664516185,-0.0026991724090039693,0.00041115548206072106
2022-04-19,0.002911352726709948,-0.0028740411411710687,-0.003080967560613268,-0.00589934571600903,-0.005311255415673566,0.016142681638574574
2022-04-20,0.0063869803210900855,0.00658730983435718,0.007403904576686271,0.00810526581900306,0.007509061691830299,-0.0007414206083833363
2022-04-21,-0.00919360470567232,-0.0077862540346919085,-0.006392818903286912,-0.0042190146770697545,-0.004196653550428864,-0.014953636463574838
2022-04-22,-0.015239875360786526,-0.012438733134201296,-0.010023741335485115,-0.005450713140999541,-0.006552820594847519,-0.027439060170246332
2022-04-25,-0.0002579232827891742,-0.0017652283260251034,-0.0002878089877967893,0.002655387375169793,0.001761891650406744,0.0057975986017519965
2022-04-26,-0.012610526154052892,-0.007412989989457275,-0.005663430980234363,-0.002622787450800357,-0.0032602733099094117,-0.028961021459332548
2022-04-27,-0.001192534776739751,-0.001374567313587427,-0.002761281793160375,-0.00361402978393921,-0.0033529428757305135,0.0028117815863080153
2022-04-28,0.01371202800351723,0.010639103608903966,0.009140823173567236,0.005931689341368562,0.006730806994884153,0.025259332442223226
2022-04-29,-0.020916357395774576,-0.014617188726370745,-0.01371010763143854,-0.00965358073554945,-0.010400464394542341,-0.036955526728131405
2022-05-02,-0.006356727775431836,-0.006836712386646848,-0.008705598066971687,-0.008183260706483453,-0.00827010906284631,0.006019496853815864
2022-05-03,0.005122474121812326,0.0038295985175933467,0.004522012181150226,0.004398960330552315,0.004225456527669591,0.004584146159092528
2022-05-04,0.01707120063265255,0.015135996866845192,0.013133264819416679,0.011089176027795355,0.011757707048434929,0.030452812052934597
2022-05-05,-0.02478465936862917,-0.021164673640701293,-0.019154252586353837,-0.015085981261593107,-0.01523788475873522,-0.03554279651150083
2022-05-06,-0.007509353622705661,-0.006894321303973272,-0.006473124773859862,-0.0056340367977421035,-0.005160770095112399,-0.00596902339938743
2022-05-09,-0.024173404330853243,-0.021235407512936844,-0.015315700705988755,-0.006865624420069216,-0.00818986984851544,-0.03201712518495736
2022-05-10,-0.001339594509251918,-0.0011946366534441033,-0.001119564108399862,0.0004005520695602449,-0.00017959662775224317,0.002310441217777681
2022-05-11,0.00014656711120375476,0.004658749144875518,0.005349719828077415,0.007241510189587963,0.006654214213321907,-0.015885949125912235
2022-05-12,-0.0012099957254418925,-0.0020702723575778403,-0.002469115571051117,-0.0019577131103960532,-0.0025492754509210958,-0.0010441344596231472
2022-05-13,0.01404529672593502,0.010409455966300829,0.007417172558162655,0.00428623137065931,0.00467919552007201,0.023907923212204807
2022-05-16,-0.0001553325796928018,0.001821955556490673,0.001285710190093159,0.0017373112441521066,0.0017586405827039187,-0.004057524578399585
2022-05-17,0.007788383028192847,0.003643578843666173,0.001457919846595157,-0.002367430347913313,-0.001766100588712849,0.020570293372055737
2022-05-18,-0.017829339936001998,-0.011986492906202906,-0.007062649594646309,-0.0001337429293752912,-0.0014752328773852685,-0.04031160759513819
2022-05-19,0.002437868904007434,0.005059865571310107,0.003265323249926899,0.001768732850239818,0.001651174314845294,-0.006124491248475361
2022-05-20,0.0038157691833162755,0.003971259289557327,0.003591200112066373,0.0031095135795509155,0.00273999523526558,0.00043652428043849945
2022-05-23,0.00755115986890087,0.004731282227843359,0.002564967373234639,-3.737896026001497e-05,0.0007109951662016556,0.018709990459243375
2022-05-24,0.0017266200321517378,0.002921703383133023,0.004792566692468636,0.0071656542779741095,0.006445917111197685,-0.007633593382790793
2022-05-25,0.0052397646793413966,0.00424840165064877,0.0041325102515188394,0.00464671883072354,0.004204813964490128,0.008834639437124592
2022-05-26,0.008096141724349026,0.006292153202271944,0.005001748898090241,0.003788491773495606,0.00427689909049378,0.01998147079208712
2022-05-27,0.014177974090382017,0.010771529614022057,0.008959148071177259,0.005603004757236185,0.006080844482194259,0.024549127212522226
2022-05-31,-0.007128471134220993,-0.006875956037814879,-0.007365485373196479,-0.007082926588263261,-0.007127715926506628,-0.005610956743573925
2022-06-01,-0.005135902882391741,-0.0035881658014339513,-0.0039627281080856225,-0.005080297278399981,-0.0046788032521590806,-0.008088466516075754
2022-06-02,0.013610322803147001,0.012613257792864152,0.00986466204112646,0.00627431973523862,0.006992628628423203,0.0190435126241284
2022-06-03,-0.00902696823766036,-0.006354696730750287,-0.004736533952092059,-0.0006481506787543445,-0.0012687454798460118,-0.01641146415777439
2022-06-06,-0.0015703276635521402,-0.002289793613584279,-0.003754117776613386,-0.004664773030554237,-0.004411776883835095,0.0030445513226673437
2022-06-07,0.007601605143886081,0.006695751862302091,0.00602134882500982,0.003902960904777597,0.004171022080972309,0.009592277370673807
2022-06-08,-0.008129318811956776,-0.005259626751047852,-0.0055002118734927,-0.004755506458872016,-0.00467686445561688,-0.010871966881763506
2022-06-09,-0.01410600286499264,-0.010436188614262099,-0.008675420870007389,-0.005531905896537737,-0.005866798719096233,-0.02378311608458472
2022-06-10,-0.015426289184786168,-0.011174837967836249,-0.009816346759760175,-0.009148123260771746,-0.008829436603052687,-0.02899547128494062
2022-06-13,-0.032158769589686,-0.02860294877930558,-0.026824909403584396,-0.021333880219636447,-0.021902185361603266,-0.03796837420416044
2022-06-14,-0.0060164556474715525,-0.006491821122326602,-0.007622024588532117,-0.00961603040506609,-0.009530594730573827,-0.003013382300687928
2022-06-15,0.015268538526163056,0.01406466871329437,0.014642844345699624,0.014487951165017332,0.01432496168266617,0.014256530019678415
2022-06-16,-0.014906200739614572,-0.009255964945289685,-0.007156094065051355,-0.003320418789525159,-0.0038906914217604616,-0.03309606295452783
2022-06-17,-0.0016641588690859965,-0.0043841876679553415,-0.002140116143383719,-0.0015467278505454374,-0.0016728751861747604,0.0021557036196331314
2022-06-21,0.00766674793898825,0.0031790956860027197,0.0007679703613485689,-0.003551388802718658,-0.0024352732605256167,0.025173506462879303
2022-06-22,0.0016074799164340625,0.0007688574010746851,0.003147443252129456,0.003458912972426731,0.003333164609530037,-0.0018127578012577805
2022-06-23,0.004699616326436118,0.0015383307868579443,0.0030109624200225227,0.0028467485058625286,0.0026969149178948104,0.009802490066717295
2022-06-24,0.015552003489784916,0.011077711167971405,0.008288834308255222,0.005251938021201719,0.005825755562177459,0.03179387349826457
2022-06-27,-0.003939050068105798,-0.004016144860889748,-0.005104073989940616,-0.007214242493383871,-0.0068211099161294975,-0.0038196869409972134
2022-06-28,-0.007176676259155967,-0.003427924859813025,-0.0035598155787385233,-0.0019014064557585364,-0.0027069852909189507,-0.020432874236847143
2022-06-29,-0.0015294483876859832,-0.0018245582452716125,-0.0004507536171259874,0.0002385064615255672,-1.663658701955839e-05,-0.0008143084860704475
2022-06-30,-0.005058476861735328,-0.005649683850388332,-0.003310545048055058,-0.0015101790466870435,-0.002024651527153587,-0.008124412080311116
2022-07-01,0.00872740713864717,0.007484929714953958,0.00895375078923899,0.010955550987094664,0.010600762492287696,0.010576621106817674
2022-07-05,-0.009119681979197214,-0.012576088892571446,-0.009392967935563878,-0.007506007469668008,-0.008173280722120202,0.0018885553075462802
2022-07-06,-0.004885881826467431,-0.007181119942483383,-0.007503922614686576,-0.007332785860005853,-0.007468705934825293,0.0033772974540255962
2022-07-07,0.00929732314322873,0.009097957160897119,0.0057153661043845005,0.0026290215470337053,0.0028372599503274643,0.014977206954569278
2022-07-08,-0.0008199734746608955,-0.00016596207045882494,-0.0007800407898529427,-0.0002895676237576472,-0.0002144318731207573,-0.0008227546065899816
2022-07-11,-0.005739103117163635,-0.004740384341085924,-0.002894885870180941,-0.0010782133220815782,-0.001475002773902001,-0.011423432536426636
2022-07-12,-0.0060089381485357585,-0.006462262433779231,-0.003988152221943042,-0.001569344301900033,-0.0016913698726986892,-0.008849048114201286
2022-07-13,0.0006930707528118862,0.002396531030715243,0.0034460680796306598,0.005292324755577615,0.005139488171543416,-0.005251616794116232
2022-07-14,-0.007468723236654484,-0.008241371481610194,-0.007469418960661445,-0.0062801270824125455,-0.006516487294641049,-0.0024284870642866663
2022-07-15,0.011853847988816835,0.009753995150248551,0.008577133335198495,0.007111127262629857,0.007022498528959309,0.01910521014708877
2022-07-18,-0.0024177719018293464,-0.0005933624163633189,-0.0016528678461910085,-0.001843555238762118,-0.0015514823708248082,-0.008257092094534624
2022-07-19,0.014914837061928532,0.011067326149957424,0.008225503816544188,0.0038609565739866625,0.004160427679093637,0.02701934075859813
2022-07-20,-0.0005711682111112504,-0.0017521922511632981,-0.0018191230917927736,-0.0022665780228876553,-0.002489777750462663,0.0063730337255705205
2022-07-21,0.008942008801422263,0.008339145243541513,0.009214297409288363,0.009318757047026782,0.00927615720902053,0.01018323428028256
2022-07-22,-0.00028687126497295434,0.0008537118992673065,0.0030492245238280535,0.005523974866362469,0.0052939685813080395,-0.009278126136273324
2022-07-25,0.0008792228068621455,0.0008642767403486129,-0.0008825788063854256,-0.0026894161138162342,-0.002370376357559767,0.0012147923705694286
2022-07-26,-0.00479721678218481,-0.003520070160063171,-0.0027054906211599894,-0.0016163584629305117,-0.0018118432338549706,-0.011830912827611395
2022-07-27,0.014325258212609215,0.01264183576175082,0.010783626132955026,0.00925572624739135,0.009538683300288175,0.025966351381424335
2022-07-28,0.012255995864160152,0.010531224442527742,0.010413676378668413,0.008724867705046435,0.008754688965870727,0.012542395277273188
2022-07-29,0.006505785534772324,0.004679676682640688,0.004480774277899613,0.0044478919250219295,0.004604394075768736,0.014578720077760288
2022-08-01,-0.0012014102288810946,-0.0006685442582947676,0.0006005228513796812,0.0006088247040159089,0.0006640155407930948,-0.0029610081055760906
2022-08-02,-0.010571139043241029,-0.010825775957870154,-0.011204958622383354,-0.011477489825233889,-0.011409318804534108,-0.00659756514193266
2022-08-03,0.008077525764362159,0.006652248522384108,0.007020441602596517,0.00674780286397314,0.006524383078968521,0.015659899129951027
2022-08-04,0.0012942333402514716,0.0018386216506065534,0.002187578405758339,0.002161932087957341,0.0024792296941267278,-0.000675966973785469
2022-08-05,-0.005981606991803279,-0.007469293655079201,-0.008851911608745433,-0.010646764713900025,-0.010517022508906626,-0.0016902054830937319
2022-08-08,0.005231868067606671,0.006424799923671509,0.006358882972189228,0.005529848801238524,0.0055926133704624625,-0.0011607912316814462
2022-08-09,-0.001229274199241126,-0.0009154214433073626,-0.0015740541960563847,-0.0028669999308227334,-0.002736573257004382,-0.0039710615544553685
2022-08-10,0.011950882841095245,0.009421871610049815,0.007267837560374968,0.005434478524955155,0.005375670094860396,0.021003959031440145
2022-08-11,-0.0021414923103904027,-0.0021630961964432815,-0.0036311012249589103,-0.004371507238475014,-0.004114695905242494,0.0
2022-08-12,0.011190879149594934,0.00929416434139152,0.008948024947596833,0.007362470194274939,0.0072644002426778265,0.016928998806866824
2022-08-15,-0.001351541816796864,-0.0031367163964248768,-0.0028257438660500567,-0.0028321981586586498,-0.0031283190170453556,0.004120732090829637
2022-08-16,-0.000838303866218526,-0.001437827326826402,-0.0012400777666889962,-0.0018429864472290225,-0.0017566371658304103,0.001958862094352032
2022-08-17,-0.006159030761872297,-0.005725338517905132,-0.005941333580292807,-0.005916137989386505,-0.00583992808511602,-0.0070980250156345015
2022-08-18,0.0004941143517165347,0.0008766621699640709,0.0013247249463999022,0.0027988249622876715,0.0026271427397825953,0.0029062759034150787
2022-08-19,-0.010794443237541307,-0.009954587408443571,-0.009106097204043095,-0.007268542424928692,-0.007205203283743411,-0.013437946500116427
2022-08-22,-0.012198275876939446,-0.009043204565668317,-0.007976723261103102,-0.0052873100114764204,-0.005415597203335176,-0.020822408449857832
2022-08-23,-0.0007043537517336107,0.0010472507144687615,0.0010272394308850075,0.002356023308631938,0.002458161696312189,-0.002419302265500356
2022-08-24,0.001875030629457708,0.0014838054796937339,0.0006497835014414033,-0.0004293696638605349,-0.0002646196859138472,0.0032012362102740166
2022-08-25,0.010342923779002033,0.00871455034341273,0.00820592125467523,0.006317455842973718,0.006190371630770741,0.014117244378025973
2022-08-26,-0.01714540979676349,-0.012411515781570959,-0.01034745683460847,-0.0064739957062993625,-0.00684438775239804,-0.03384877749821302
2022-08-29,-0.004394107387088342,-0.003233545370176505,-0.0038767781527891954,-0.004059354207018195,-0.0038446807094084656,-0.006612174187944686
2022-08-30,-0.009052511314417533,-0.008714207009195896,-0.006313817479491557,-0.0028668993905091034,-0.003154631183634349,-0.010977941368727206
2022-08-31,-0.007693573249043295,-0.008122957538442499,-0.0083330496217906,-0.00926187906227427,-0.009162621723558972,-0.007609203936819964
2022-09-01,-0.005997048533651239,-0.008546636712002953,-0.00815835249870589,-0.00812927373744543,-0.008275604713452567,0.0031378794852889857
2022-09-02,-0.004061334039932807,-0.0015767814541092218,5.977707255189202e-05,0.0027607880111173433,0.002818924851945459,-0.010544313346625644
2022-09-06,-0.005849308142261589,-0.00755499094838985,-0.008521100348481525,-0.009976052756222487,-0.009693813075541513,-0.0037731261979798703
2022-09-07,0.011171022221244664,0.008525312669146246,0.008976925561849258,0.007663440714439362,0.007531162469006869,0.01796489426500103
2022-09-08,-2.5650081200812025e-05,-0.001635608430723634,-0.0025576923565112653,-0.0035316696957954363,-0.0035643173259143346,0.006536301604186168
2022-09-09,0.012308583562156139,0.01163710947254848,0.008678450878035537,0.005111728121482972,0.005459513702953389,0.015535158930205517
2022-09-12,0.007136505561564643,0.0061646462435684946,0.0037764393808112917,0.0005768663491696469,0.0009197950200343641,0.01074771179894296
2022-09-13,-0.025341238507727515,-0.019865632541977152,-0.01606252347001036,-0.009170727428819414,-0.009634130207969216,-0.043482371874841164
2022-09-14,0.0008992149331490396,0.0012724735149054478,0.0015855574718268706,0.0030014055532643358,0.00282335037763759,0.003815730151196739
2022-09-15,-0.01188629283222098,-0.011941431354245302,-0.010114728824336172,-0.007387189267169858,-0.0076946270185287435,-0.01135333784346959
2022-09-16,-0.004429916437656556,-0.0040125047721177864,-0.0035857058080022153,-0.003016065980798066,-0.0029225153666688763,-0.007628853047778161
2022-09-19,0.0025879131516741705,0.0018319889343585416,0.000857021175914463,-0.0006683022322611087,-0.0006653255948866343,0.007755024516774567
2022-09-20,-0.011278185242209138,-0.009729767946815793,-0.008646182654925894,-0.0064771918858612665,-0.006481908203918363,-0.011478573406658144
2022-09-21,-0.007645101595924242,-0.004810770826467858,-0.0024098510762576852,0.0006803753218795894,0.0004812400966380803,-0.01744404493417817
2022-09-22,-0.009063219309386583,-0.008705747632029026,-0.009652378067005807,-0.010054397577796137,-0.009662959477223843,-0.008399785224316503
2022-09-23,-0.015607190080251243,-0.015561617282039752,-0.012363788069199577,-0.008868535423201318,-0.009502585015158771,-0.016754671251490216
2022-09-26,-0.016444122570453912,-0.016896791216964413,-0.016562218908714454,-0.0161753064774367,-0.01603711358546067,-0.009892734383536661
2022-09-27,-0.0066908790851472055,-0.006493205657038259,-0.0073469235317019654,-0.00774219473342963,-0.007313550782944933,-0.0025525262159130646
2022-09-28,0.021148429367717325,0.021410403883407758,0.020860008421706544,0.01949899817309264,0.019558628647550647,0.019676152026220306
2022-09-29,-0.015389228002703703,-0.013046975443157582,-0.012115013420963106,-0.010241121830052546,-0.01016299434926049,-0.020889000226280263
2022-09-30,-0.005779292875424558,-0.005251912261326708,-0.00500906144897717,-0.0045101059076515515,-0.004476315318819424,-0.015463547614675055
2022-10-03,0.020346917687511956,0.01936777535245926,0.01856766894931794,0.01674252957351463,0.01684449113822306,0.026401310366315656
2022-10-04,0.021139928951508402,0.019039213708077485,0.01553696931625459,0.009471862334366588,0.00995605734092675,0.03098650330184749
2022-10-05,-0.005869604157081931,-0.004902551140672506,-0.0059463880540858716,-0.006001752133970029,-0.006007111616936456,-0.0023282840664340387
2022-10-06,-0.009569054751687345,-0.007485218478294642,-0.006504672987901028,-0.002913819855498212,-0.003065367262854668,-0.010315564162865165
2022-10-07,-0.01558374049111666,-0.01198787688691616,-0.01060752408282617,-0.006584671601233993,-0.006633065980002906,-0.027894005545312406
2022-10-10,-0.009680011940883748,-0.01037433191858994,-0.009923081378972243,-0.009003896516716625,-0.00902657287800368,-0.00763539784404188
2022-10-11,-0.0032009592656351282,-0.003694320152876518,-0.0021175874900779545,-0.0007344367795620865,-0.0008279833321857,-0.006332808694032854
2022-10-12,-0.0016509173828480606,-0.0004988402160608363,7.457135946609128e-05,0.0012035133694199285,0.0012463471404091653,-0.003298750497196634
2022-10-13,0.011300525212390555,0.007350893739201059,0.004926836671057089,0.000167187563719029,0.0002962221783919805,0.02639129080479452
2022-10-14,-0.01604216902871347,-0.014144862682597958,-0.011651092981222133,-0.006660362553351562,-0.0067548145613801625,-0.02278880868402766
2022-10-17,0.01683593953151985,0.01301681261113341,0.010681421360114074,0.00586358129637965,0.006033012325737719,0.025697217334643918
2022-10-18,0.005178910594464403,0.002951810977227076,0.0026803267735251435,0.0009945413697853844,0.0009651549536813242,0.011749485785729652
2022-10-19,-0.0124421734292961,-0.012480961418080416,-0.011953251798203723,-0.010217180211705146,-0.010182248978512942,-0.0070865426789512576
2022-10-20,-0.004861713171682824,-0.003933626372827126,-0.004032351841045778,-0.0028500799010781064,-0.0027171699839459995,-0.008385254835684308
2022-10-21,0.01095970943606428,0.008220462417120933,0.00740162647298459,0.006128702351382076,0.006440855401860235,0.0243016929872637
2022-10-24,-0.0003923696779252195,-0.0034999798010157956,-0.0026734555880693067,-0.003066989876617243,-0.0030320265695656934,0.01223626808857059
2022-10-25,0.01726396844515632,0.015357090016269836,0.01349126388101829,0.007551508441296706,0.007543747091565356,0.0159684924117649
2022-10-26,0.0035464475880588875,0.006557233193102974,0.005322509047056334,0.0038975562830356747,0.003971596414665379,-0.007534021503047605
2022-10-27,-0.000863149536870389,5.1252049873662386e-05,0.001319075748405174,0.0035749530207425106,0.0033571138417827218,-0.005339985213381637
2022-10-28,0.007771037607931186,0.0025810617543888803,0.0016131440970066357,-0.0019199669914166106,-0.001951425207670443,0.02379066697200849
2022-10-31,-0.005618066614956563,-0.005555191270512405,-0.005165759316660634,-0.004062766454025701,-0.004144358082683541,-0.007223186064624465
2022-11-01,0.0043443594787178075,0.006896359649945394,0.006116742834851641,0.005845891842705564,0.005878348000504241,-0.004375904382629026
2022-11-02,-0.013570049968607889,-0.009547798972385113,-0.008383232907054783,-0.004176313662178854,-0.004299253620965948,-0.025096391168034193
2022-11-03,-0.005403080394700277,-0.004373311227839238,-0.005212370254819687,-0.005813194934323418,-0.005882697343597809,-0.010296597006592134
2022-11-04,0.017426113788162834,0.01863154031214287,0.015529204551509634,0.01184593104196252,0.012559113741573924,0.014392938889704388
2022-11-07,0.0008208755188754413,-0.0012119851615093324,-0.0011841531700592656,-0.0013825972856946755,-0.0013163891079409629,0.009565696326924833
2022-11-08,0.00583744578180978,0.005860415569151067,0.0063661357922983886,0.005615700880047703,0.005880282919267454,0.005395237086219362
2022-11-09,-0.011981715633496481,-0.01053642649099662,-0.008278407111767416,-0.004904269433394504,-0.005063289889414735,-0.020601883365751417
2022-11-10,0.044268166387221086,0.038772576842396544,0.035778399718120024,0.026314708034375967,0.026542913326687456,0.05495397235024457
2022-11-11,0.008683076291934988,0.00927623160212887,0.007246753835408182,0.005033364983243471,0.005266862328924038,0.009678642332070053
2022-11-14,-0.009655205005176137,-0.00871526577144155,-0.00759209194478816,-0.005429023809706446,-0.005427127002086141,-0.008506706218896154
2022-11-15,0.010548812908345528,0.011119955436821538,0.010450861309963866,0.010189725936066374,0.00997827065837753,0.008529055770629679
2022-11-16,-0.0031172465755046064,-0.002132358104390941,-0.0003308086995251758,0.0015280345032442355,0.0013062987473277943,-0.00762883019534677
2022-11-17,-0.005353804654330774,-0.006016674523083965,-0.005955359115974335,-0.005731569657770663,-0.005709266474731245,-0.0030598289434083936
2022-11-18,0.0007191293133457233,-0.0013033028134787905,-0.001882838566385714,-0.003684524936830247,-0.0037229066808697198,0.004540435526897424
2022-11-21,-0.0020962823498078542,-0.0023731910208861784,-0.0015025647281263765,-0.000666293130780149,-0.0007729207228861501,-0.003636073358136205
2022-11-22,0.009149403954926028,0.00825555080313256,0.007541283680787991,0.005439682212616592,0.00543609751601748,0.013456788458222402
2022-11-23,0.005927996519596634,0.005725363236284364,0.00654293508224435,0.006932303031875753,0.006891669827821856,0.006301791503457332
2022-11-25,0.00028658286591842774,-0.00042218326178045107,-0.00017693819248654208,-0.0004905046004961555,-0.00043780442858676327,-0.00022380537011779111
2022-11-28,-0.01152423919041401,-0.009214328488064916,-0.008089769782249068,-0.0052340607585575905,-0.005319136056725293,-0.01595709370411469
2022-11-29,0.0034882105052143064,0.004099844944985831,0.0020812620953509775,-0.00020887645018030643,-3.3802209220779034e-05,-0.0017174384179642344
2022-11-30,0.02123150048664124,0.01915180300435515,0.017571220122445386,0.015284182452453665,0.015341010152761125,0.0315005458822597
2022-12-01,0.005973682010855796,0.007685729521682116,0.009409105330371093,0.010563387034234095,0.010600233070442444,-0.0007357373133877187
2022-12-02,0.0006928847925389281,0.0011255533366574255,0.0023547113243955753,0.00446054530970863,0.004265392147748903,-0.0011537267957001385
2022-12-05,-0.01555469280900379,-0.015136973999589687,-0.013909872467781526,-0.011214426926347998,-0.011370157755921206,-0.017989268403534542
2022-12-06,-0.005177778456513904,-0.003079330577815287,-0.0015917388184309988,0.0006822423459278415,0.0005779404580044112,-0.014414877919263547
2022-12-07,0.00313283129565467,0.004063421796608235,0.005220645639097299,0.00591556633917012,0.005770798005138911,-0.001701026966333119
2022-12-08,0.0039297598030501035,0.0028928043164333506,0.0019262114380782513,0.00015297499374100632,0.00027610700662150656,0.007834028174545704
2022-12-09,-0.00597449333447253,-0.005920621264945858,-0.006317179138419227,-0.006279450168520495,-0.006057963052115922,-0.007470341681085402
2022-12-12,0.005056598875309071,0.0029066583206989183,0.0015721470926419734,-0.001504655638651653,-0.0015125862510546595,0.014417150605379847
2022-12-13,0.011128372186854696,0.011383202586332297,0.010348440009678272,0.007798206961148635,0.007964712090072323,0.00756996564374246
2022-12-14,-0.0020942761517612762,-0.0007046140035701365,-0.0009175548213764539,-0.0007714281908647314,-0.0008218988120841653,-0.006393530088300681
2022-12-15,-0.014613538178154695,-0.012582757212871054,-0.010061510671323215,-0.004965067236436749,-0.005454398738200861,-0.02446171770119565
2022-12-16,-0.00948719974921386,-0.007573714766143214,-0.006234801974691506,-0.002536405784004492,-0.0024742288690011716,-0.011806116040452341
2022-12-19,-0.00717043689908492,-0.0063782468788546876,-0.006306395428467004,-0.005104046465018164,-0.004945015709727274,-0.008479764597451256
2022-12-20,-0.0005880559966580101,-0.0005822448939171165,-0.0008940205413886515,-0.0014976268516342373,-0.001013831396664333,0.0013682851293894682
2022-12-21,0.008939130169859366,0.00766850369219374,0.006763876001691038,0.005497302582276653,0.005453516347662779,0.014952570906706208
2022-12-22,-0.008182987081599258,-0.007435737536253817,-0.006679083114102369,-0.005278551266387876,-0.005494800550843615,-0.014266225474321326
2022-12-23,0.0027937678952885125,0.0020095523156640205,0.0007086628122179306,-0.0010439342461094903,-0.0008851429727231297,0.005752377417121535
2022-12-27,-0.0015672408310494212,-0.0006662705202928887,-0.0020279392221744796,-0.003155371566457954,-0.0027803836838298235,-0.003943595901320984
2022-12-28,-0.01000090485103955,-0.009055285064020535,-0.007344936115749046,-0.004018362274077925,-0.0041170637393099785,-0.012427664909946845
2022-12-29,0.013095560152548646,0.011138148104562928,0.009910282556645278,0.006597027859756022,0.006670942130652113,0.018000269624434795
2022-12-30,-0.004780305810679453,-0.00461628056980623,-0.00443655544211119,-0.0038459099783869632,-0.003759253969198073,-0.0026341695582156044
2023-01-03,0.002281156274058116,0.0030758288394825417,0.004150146963414647,0.00443747104266734,0.004396884348496277,-0.004210012930646823
2023-01-04,0.010575476199592648,0.009756040565284563,0.008656847086105035,0.005397883547806126,0.005530347767971122,0.007720286893833084
2023-01-05,-0.009203970432732356,-0.007245261369574707,-0.005828496056101917,-0.0022105104629833727,-0.002352356035048242,-0.0114134512657873
2023-01-06,0.019981547672539346,0.01834750952685127,0.017150566066787,0.01368004139660739,0.01371610597055728,0.022932033473707092
2023-01-09,0.0030195484941042405,0.0041050378809839305,0.0037630471155285505,0.0036426283403516724,0.003663314744091428,-0.000566721529521419
2023-01-10,0.0012712515501720478,-0.0001440786062106847,-0.0009524106863260107,-0.0018650958199087908,-0.0017139959362252322,0.007012948754661519
2023-01-11,0.013124517461736263,0.01177126526474237,0.009922190130396524,0.005720742269556656,0.005612752719371672,0.012647754958123425
2023-01-12,0.009700351628708193,0.010543131579274556,0.010486200408867274,0.009405952192311107,0.009357922165032617,0.003640823803058746
2023-01-13,0.0011264085306381677,0.0011424452917661032,9.151910011162556e-06,-0.001831270129396767,-0.0015859296027969094,0.003879593273452775
2023-01-17,-0.0012881651323662924,-0.001608336381988651,-0.002274675713228924,-0.0034178154251537363,-0.003443251017379967,-0.0018320670112847992
2023-01-18,-0.004380701421670352,-0.001291818083326346,0.0011375862632618805,0.00564502538662226,0.005326860277139467,-0.015787984647704256
2023-01-19,-0.0003674837876800341,0.0018235207669816678,0.002538700583200937,0.004688000641646983,0.004958497395681327,-0.007279890457202232
2023-01-20,0.0064078963878408945,0.003290622281929778,0.0008880410454323862,-0.0032557933338784872,-0.0030733099611052195,0.018629035377387693
2023-01-23,0.004293527902877514,0.002638641740237313,0.0016234036536839636,-0.0005508030064251823,-0.0004214661512904616,0.01199873845152677
2023-01-24,0.002018177276164268,0.002701347780024621,0.0035270096941681928,0.004443642412468307,0.0043753971748405895,-0.0010733205477034824
2023-01-25,0.001626291411862324,0.001707919748863862,0.0018588058350479386,0.0015177862493560568,0.001557690863902339,0.00037482571601077375
2023-01-26,0.004370047805919208,0.0025396302482971755,0.0012922728107287451,-0.0005143504898702522,-0.0005245328637212276,0.010990396019216142
2023-01-27,4.639522660276896e-05,-0.001428384674584171,-0.0016231099035453056,-0.0028908465471612077,-0.0029033038567195524,0.002297637316317269
2023-01-30,-0.009567144341293798,-0.008909544854928786,-0.007596133198125021,-0.005594768206400591,-0.0057148579559229695,-0.012546829046435226
2023-01-31,0.009982792342804636,0.00835284567700545,0.006914909009326564,0.003773212388626046,0.0036888676366073625,0.01470332345925307
2023-02-01,0.007838786057978053,0.006903427021838882,0.007678044590450517,0.008085509884011799,0.008075680600563073,0.010627809031882984
2023-02-02,0.004289499475156777,0.0004914335673860126,-0.0006792638219665914,-0.0034944942164691906,-0.0037886009946882515,0.01455698041578124
2023-02-03,-0.014657562827648185,-0.015730605569979073,-0.014907098323855394,-0.01334850959689049,-0.013554763276509063,-0.010629124038788351
2023-02-06,-0.0063593628072072805,-0.005988299895757998,-0.005621802917545327,-0.005031660198480559,-0.004965047890826968,-0.006111295280818552
2023-02-07,0.004873095087936985,0.00369169918132517,0.0026361034243347348,0.0009750142298619036,0.0011063737563861142,0.013078532718526326
2023-02-08,-0.0031145192026253987,-0.0009725917481097079,0.00015378567254353825,0.002734492986525394,0.002735455178101809,-0.010934803514228375
2023-02-09,-0.006271581386883884,-0.0057292866474347726,-0.005922310508647111,-0.006086627773545739,-0.005989038088361931,-0.00866904735609253
2023-02-10,-0.0009817847545521285,-0.0016716654713385681,-0.0024607261942252157,-0.003826973168221892,-0.0037199160628921257,0.0023336657509502867
2023-02-13,0.0067831791799477514,0.005200554568405513,0.004290200099433372,0.0018305577705859388,0.001763773899552623,0.011739090917765926
2023-02-14,-0.0016211220524137149,-0.0014260885338465146,-0.0016593652591884167,-0.002117123928553344,-0.0020691434467601244,-0.0004603828034691615
2023-02-15,-0.0023811092235481723,-0.004282989556693817,-0.004035330999478948,-0.0037030564629874085,-0.003809448631588719,0.0032473677448867644
2023-02-16,-0.007826962028825157,-0.0063597971418795085,-0.005851502015058907,-0.004068500190211544,-0.003930064197689376,-0.013768724773373986
2023-02-17,-0.0009482320259034394,-0.0006600603206364797,0.000376381942396975,0.0015135770832248596,0.0013793420460954664,-0.0024982167041566194
2023-02-21,-0.013822590360160203,-0.011782711553433911,-0.010858355067617453,-0.008224769319712388,-0.008082256297130996,-0.02006094338822695
2023-02-22,-0.0031340333279786803,-0.0031138101819457864,-0.002201207738587785,-0.0008021393719349623,-0.0009676762458433741,-0.0013780769013614913
2023-02-23,0.005690075188627297,0.0056525685901955836,0.0052772914224141765,0.004715476333818414,0.004610669834900438,0.005319308248879828
2023-02-24,-0.01218273657601232,-0.011795102444071004,-0.01069328202576958,-0.007931427503612087,-0.008024748697240569,-0.010682377041181801
2023-02-27,0.0037364490473654755,0.0035925577515405482,0.0032196328163716093,0.0018229345351152837,0.0018941608456284342,0.0034057811319017084
2023-02-28,-0.0013435913779288322,-0.0004418681545672598,0.00038535578786480507,0.0018703368824748434,0.0018662127469419865,-0.003695863725286519
2023-03-01,-0.0005596917699619564,0.001265253108348574,4.997338024259612e-05,-0.0008509499670287246,-0.0005016680493692416,-0.0038360264799957022
2023-03-02,0.0033136182354156496,0.0015556501806242018,0.0011616855635836476,0.0006232735459212879,0.0006195831844360011,0.007777275140007589
2023-03-03,0.014496215275851654,0.014167323723535352,0.013484901025365037,0.011043913220833312,0.01102889665131701,0.016037916364971094
2023-03-06,-0.0030240934374616835,-0.0038726911120445795,-0.004071864442983797,-0.00423399370425992,-0.0042664247097055075,0.0006927414780084629
2023-03-07,-0.013736042197172393,-0.012635506355973436,-0.010975971273036178,-0.007833768289945309,-0.00810804489698047,-0.01532871315113793
2023-03-08,0.0022019794172718488,0.001346878605040347,0.0003049558729737445,-0.002495474577152046,-0.002451464117637636,0.001631982334041604
2023-03-09,-0.010400127626543965,-0.007778905711684714,-0.004917918997614068,-3.597667699506424e-05,-9.406999830796625e-05,-0.018449716274527628
2023-03-10,-0.00233529169153468,0.003473670630291803,0.007009654231777462,0.013978662511936468,0.013912554340949068,-0.01442953266305036
2023-03-13,0.003112967246768683,0.003756451878567324,0.004883292584630938,0.0062141030616684745,0.006432471892739766,-0.0014252252547302113
2023-03-14,0.0036307947164953003,-0.0004231458097676555,-0.0016480105222655972,-0.004532799998189563,-0.004554838796471006,0.016530054316691523
2023-03-15,-0.004200930908813683,-0.003085034595545877,0.0006655166611269081,0.007326710080602705,0.00707625275871715,-0.0062543100020726605
2023-03-16,0.005719381572395266,0.0032853423782133184,0.0008799456388741689,-0.003715434395798356,-0.003563609200680884,0.017545198774913118
2023-03-17,-0.003933436616150754,-0.0002307876801234121,0.002131337386319876,0.006069340958447578,0.0062329883851808265,-0.01169252045623037
2023-03-20,0.005481006386751863,0.0036226494977908974,0.0024496645418363716,-0.00026104274756921786,-0.0001708901696959586,0.009615523367842327
2023-03-21,0.0033882738600043982,0.0011190687543476407,-5.5260526949929556e-05,-0.0009800141744761293,-0.0012056914157762,0.013130339721821427
2023-03-22,-0.0051774114272138405,4.293583065062556e-05,0.0033271476460012828,0.010237856002995427,0.010337329966770614,-0.017046346685379188
2023-03-23,0.002301838593564476,0.002930431790982624,0.0032615489055847213,0.00426767402047501,0.004432963484972907,0.002703329257135678
2023-03-24,0.004212988161349074,0.0024248755768316865,0.00108659370657338,-0.001420784998441893,-0.0016071196813259858,0.006561910930938275
2023-03-27,-0.002329553946659013,-0.003602851493307302,-0.005472642423718477,-0.008350921582785165,-0.00822956539205888,0.0018699203843737244
2023-03-28,0.0015703386910861372,0.002925836464566789,0.002831098438664359,0.0028807187026185233,0.0031000851351998815,-0.0022445277907262584
2023-03-29,0.007927215709057522,0.004902048615010868,0.003986417139927312,0.0016889460660842737,0.0015584904006060718,0.014534646580518285
2023-03-30,0.0073209239963938355,0.00708310983140259,0.00593680454617429,0.0030742217179977605,0.003221478376198128,0.005855416509812583
2023-03-31,0.009647566452340994,0.007921673754494263,0.00703238256987504,0.004807335908435295,0.004589951559134997,0.014094559244955063
2023-04-03,0.00375512530353439,0.004641453089011538,0.004579296861283666,0.0052085414154039444,0.005190823620743856,0.0038104829909897386
2023-04-04,0.000655021388752175,0.002205270755595956,0.002949606680028971,0.0031500688269221477,0.0033566305282988207,-0.005547878000687345
2023-04-05,-0.0013446198373132656,-0.00039458866131147907,0.0002337763675490656,0.0021599095913436006,0.0020298962444074142,-0.002618448093366643
2023-04-06,0.0023494055696005045,0.0014536768334296735,0.0010275886107495857,-0.00022279153266246965,-0.0002637649299767064,0.003900853362376111
2023-04-10,-0.002094950235645543,-0.0033015282193312734,-0.004190986399032592,-0.00516850222103471,-0.005166521066904517,0.0010262812061787585
2023-04-11,0.0027150247082985413,0.003241415577925677,0.0029340222620948264,0.001942702356823478,0.002064949299401597,0.000268726749838466
2023-04-12,-0.0007990670964902469,6.960861760996195e-05,0.000177538383277831,0.0003555423730694507,0.0003985481163930604,-0.0040759909042351605
2023-04-13,0.006062909606275424,0.004640372273264637,0.003998337872630708,0.0014011420070938474,0.0016341830902895094,0.013282855609419775
2023-04-14,-0.006477983561355871,-0.00672272741372737,-0.006584749597630668,-0.004617777080722307,-0.004816729599752545,-0.00244279178796869
2023-04-17,0.001285926860199016,-0.0005437426661359934,-0.0018795522848509272,-0.004799796218376895,-0.004702821553776992,0.0035880966491261823
2023-04-18,0.0015581580620147584,0.0018252803731144684,0.001976334555474857,0.0021351284262987047,0.002110498059902932,0.0006522692741461888
2023-04-19,-0.0023619126109222233,-0.0037163786476941407,-0.0036150643996417653,-0.004517691827321202,-0.004545352514149004,-0.00016887152753120027
2023-04-20,-0.0018295297271726518,-0.0007152054398422703,0.00046289455033243776,0.0020461863180059048,0.0020203161087537502,-0.005457083840833099
2023-04-21,-0.0012237610631113949,-0.002207061988123371,-0.002054643735805217,-0.0010498872908940582,-0.0012505989198404732,0.0007768032635153688
2023-04-24,0.002156619511442859,0.002940847889819409,0.003238505336820685,0.004166114679683863,0.004098893931399505,0.0010431613806292095
2023-04-25,-0.007055701167680506,-0.004755387155179092,-0.002290165325056659,0.0022433688124896545,0.0021031810513221227,-0.01587383410999621
2023-04-26,-0.005029725001148622,-0.005348997312316084,-0.004947260677306331,-0.004856031695262386,-0.004791299589856357,-0.004235609735740442
2023-04-27,0.009386676127329352,0.005803971430054844,0.003531509909231012,-0.0020549994484219125,-0.001892696418928197,0.019908154315971816
2023-04-28,0.006948648137480973,0.006655064232093277,0.0057642105325201864,0.0045353740681195465,0.004422147849283853,0.008535242694053258
2023-05-01,-0.007154740286159367,-0.008812401127492153,-0.009221308105810677,-0.01070443581734637,-0.01047511258509548,-0.00100980342544299
2023-05-02,-0.003404390277226499,-0.0008243796929849889,0.002266158897415105,0.006541484698853406,0.0065031238877961695,-0.011239278071068948
2023-05-03,-0.0011657101883685295,-0.00015073976070256734,0.001051057628399299,0.0018900111678816778,0.0019640533449452047,-0.006863977183122594
2023-05-04,-0.0005426513191011395,0.0005430602939260343,0.00035966669549547525,0.00020791775513329114,0.0004018493614945662,-0.0070827725057233115
2023-05-05,0.009098494066398066,0.006556026075870802,0.003674446828513034,-0.0009781839945069981,-0.0010258093239767785,0.018512289520169256
2023-05-08,-0.0023460311010544688,-0.0026180720820330183,-0.0029672362196800917,-0.0035408236406545557,-0.0033901919601734276,0.00026652877135324715
2023-05-09,-0.002355482750676763,-0.0015583264707447197,-0.001142117543256993,-8.408148843175312e-06,4.1992097864262945e-05,-0.004385267559327111
2023-05-10,0.0036579096676203626,0.0030836836588876704,0.003202222498878138,0.003764202592380528,0.0035961885035717955,0.004672523711374943
2023-05-11,-0.002980565774184374,-0.0031090271240491463,-0.0019798356079711033,-0.0003548625428194674,-0.0005479485134395334,-0.001744028036294254
2023-05-12,-0.0036856422511449827,-0.004702927839091986,-0.004644955933251316,-0.005091490026483014,-0.005074714332727104,-0.0013104219588023769
2023-05-15,0.00250952175977992,0.0026548775595141016,0.0016040239451498017,-0.0005402757340023934,-0.00029188527541257336,0.0034501455398587844
2023-05-16,-0.009556186976463987,-0.009158538363244428,-0.007996391089165722,-0.005419310826454193,-0.005524493327719093,-0.006682723226651199
2023-05-17,0.006067352177142604,0.00438621928809102,0.0029682737288441174,0.0008336111596105589,0.0008159059702024241,0.012139015210756332
2023-05-18,-0.00168372398499117,-0.004287825336991902,-0.0045562143376008946,-0.005173056741681559,-0.005286952590144889,0.009633195523003346
2023-05-19,7.255394330507592e-05,0.00021465174043888702,0.00019265630948761547,-0.0006330260883496974,-0.0004810660872267558,-0.0014550025391444343
2023-05-22,0.0010124464124092736,0.0008555855080905062,0.0002639629770628815,-0.0006856523711972207,-0.0006493228143129581,0.0004060348043068984
2023-05-23,-0.006304718497427753,-0.00431876635824846,-0.0027715213602168554,0.0018864976833516955,0.001746712755756441,-0.011222692886000751
2023-05-24,-0.008873888903323746,-0.007850732609518518,-0.006908520862560108,-0.003681043215741142,-0.00376143549586061,-0.007244843953220448
2023-05-25,-0.0007901165270199906,-0.00336913469483624,-0.00377576776106181,-0.005573920586994241,-0.0056342437571622606,0.008660022907257092
2023-05-26,0.010031211921307959,0.009479403183658253,0.007865752886379695,0.004696922654474189,0.004781329412868018,0.01295058381717995
2023-05-30,-0.0007381727168569441,-0.001470638295042237,0.00010610655048326478,0.0021281707932836458,0.0019983598736972308,0.0003808365414137427
2023-05-31,-0.0022752052419479085,-0.00186240711856267,-0.001021278349378263,0.00040418918973417206,0.0003037795468079363,-0.005545187619041769
2023-06-01,0.008130139340739584,0.008303736603114231,0.007211459823578403,0.004764001085961533,0.004918578522532968,0.009501039442507908
2023-06-02,0.008085350562066385,0.00535176754804767,0.0024619564149730433,-0.0023535791263126216,-0.002372984368464004,0.014461138742315915
2023-06-05,-0.002101778999744286,-0.001590274791673063,-0.00093665181150826,-1.5198441622565895e-05,9.931930881923456e-05,-0.0019162097000630096
2023-06-06,0.004479207907833516,0.004422156493655294,0.003670181577943188,0.00152798384152808,0.0015680836450218116,0.002177387434340261
2023-06-07,-0.002947432189385979,-0.0038742260260203887,-0.005015021888733928,-0.006020161571760774,-0.006034341348299499,-0.003457724968653264
2023-06-08,0.00570867745382464,0.006175551574520988,0.006556564992836522,0.006080232993581403,0.006167709963225354,0.006048627395324635
2023-06-09,-0.001328311036991603,-0.0018078707038825526,-0.0019359532868317153,-0.002759038964903815,-0.0027045807655370346,0.0017942614751009778
2023-06-12,0.0028121774883826944,0.0010142803036454762,0.0011253911339290656,0.00014512895154750183,9.971588853052715e-05,0.009071871555161648
2023-06-13,0.0032445523501554163,0.0021802650748754537,0.0003642004288542111,-0.002642848722376856,-0.0025846949218131243,0.006592812836485384
2023-06-14,0.0031819109495818676,0.0035971648774233422,0.0033811453089582777,0.002726478783441788,0.002728600953403326,0.0011909349144894055
2023-06-15,0.010007435377741736,0.010020467227823238,0.00937854764459467,0.008878836945989343,0.008853968294300518,0.012397651683216271
2023-06-16,-0.0015820740881820061,-0.0008419792363113521,-0.0012147843185692508,-0.0006911809778658018,-0.000712086410775914,-0.0034062534638480413
2023-06-20,-0.006615700102771016,-0.006416222491261059,-0.004811726416982576,-0.0004410971120902829,-0.0007763644550122795,-0.005188076887479687
2023-06-21,-0.0014917059705071845,-5.991378067338182e-05,-0.00012517013127133492,0.0007994446251817777,0.0007565630394312794,-0.005123691950710607
2023-06-22,-0.0057053019003738825,-0.007633476303455011,-0.00700150192731841,-0.0062597297875703894,-0.00629446358158714,0.0036096366125319967
2023-06-23,-0.006228112494977567,-0.00505452726408262,-0.0031887914617492186,0.0005610997024010356,0.00044259657043999034,-0.007560070623939152
2023-06-26,0.0028429757330319383,0.00314546188437137,0.0024241238478937,0.0010142651274533954,0.001037695488993462,-0.004085668666200859
2023-06-27,0.004587111341392225,0.001822311654304798,0.0007662718208825137,-0.0031574906080890086,-0.003106489259027123,0.010963234372568964
2023-06-28,0.0004560346045430208,0.00021087452062662493,0.0006182258766389559,0.001695402742268426,0.0015431067397237985,0.0005044557107349856
2023-06-29,-0.0007211926256318613,-0.0026475774127237006,-0.0037149604361734756,-0.00573058150872896,-0.005641011887995928,0.003941423212513007
2023-06-30,0.009073092478298017,0.008498290983074863,0.007915789606047108,0.006237488660612467,0.0062320412938705605,0.011800551533056591
2023-07-03,0.0017160532790196914,0.0013548220472272554,0.0007111431032977844,-0.0009371368055157703,-0.0007773354280991018,0.0011505852470690137
2023-07-05,-0.0036212967846310784,-0.0039028470370822133,-0.004420637234831659,-0.0045090258516172765,-0.004437827134895045,-0.001487096684625211
2023-07-06,-0.009742384650530012,-0.009750994059180118,-0.00924354158455254,-0.007716622940483364,-0.007607461188965936,-0.007830644259084751
2023-07-07,0.0013233146774997984,0.002481409090428155,0.002085858249863959,0.00127718931994103,0.001504296909316638,-0.002524735811275769
2023-07-10,0.0026420592726843495,0.0024709250704937347,0.00256089820337313,0.0032966180063001005,0.003183341824785746,0.0025311262363274523
2023-07-11,0.007381288582004819,0.00713633195815877,0.005799811505042607,0.003510909959824282,0.003503826513416408,0.006368325826803689
2023-07-12,0.011111330185642254,0.011837149971603012,0.011796726033582283,0.010546282469193091,0.010707765786541978,0.008046042268032405
2023-07-13,0.008837031033862353,0.008993781385434163,0.008236710625543875,0.007308152376826804,0.007181275463295833,0.007936863607577394
2023-07-14,-0.003826885809737224,-0.004739162003628006,-0.004981704148803279,-0.006374244705623089,-0.006264671529063182,-0.0006228156708004695
2023-07-17,-0.0001368606071476819,-0.0007411879647506447,-8.905947267834335e-05,0.0005540090418618693,0.0005418344081042914,0.003472145595752707
2023-07-18,0.003709310547528988,0.0035917497394346576,0.0032705853714944944,0.002193289520010522,0.002342939034105207,0.007430577273401573
2023-07-19,0.003916119848601962,0.004079481008770758,0.003849775386029375,0.004089101826844965,0.0039349811006974544,0.0022239252144031774
2023-07-20,-0.005249961805859793,-0.00482765019827236,-0.004552063634180481,-0.0030609762389525175,-0.0030385907041677873,-0.006634424141490403
2023-07-21,0.0010584900911458917,0.0010893335155626183,0.0007982419495793369,0.0011367954914738299,0.001011182769812935,0.0
2023-07-24,0.003587610176584155,0.003783169190240576,0.002681829803816038,0.0025886092590221566,0.0025560298346203325,0.004467060351200036
2023-07-25,0.0007942801673663791,0.0010324783373261148,0.0007812964599840377,-0.00015525048778086692,3.76972094455752e-05,0.002730066608185311
2023-07-26,0.0020607704497130896,0.0020989259459340825,0.002184114597457487,0.001884890945995199,0.0019074100537022076,0.0001536415303140526
2023-07-27,-0.010617566991835359,-0.011062024401536363,-0.01073422313566097,-0.009224813604851279,-0.009317017662160976,-0.006629980099906563
2023-07-28,0.007692088802885744,0.007825298596035868,0.00748811446123443,0.006634508309785625,0.006738853545648293,0.009790476302485862
2023-07-31,0.0023977314835144092,0.0023772701807505126,0.002081473983032156,0.0017952657976427755,0.0017827364678362212,0.0019039338074666734
2023-08-01,-0.007314167586500497,-0.008573730415666447,-0.008572116420167308,-0.008012802126687202,-0.008039379689201098,-0.002861302692278689
2023-08-02,-0.011676278309792565,-0.011295353833040478,-0.009823335168959946,-0.0066374196634277904,-0.0066703498537080685,-0.013910938847328969
2023-08-03,-0.004710823367593653,-0.0043936984152477265,-0.004801273367766923,-0.0045439059559049255,-0.004321046787119309,-0.002865658995657494
2023-08-04,0.0012319726415939147,0.003363439408906377,0.004705880937908136,0.008064341676450981,0.007876161822707894,-0.004522885223336215
2023-08-07,0.003984981026535772,0.0017072028292011154,0.0011119823918819272,-0.0007274661123385373,-0.0007237851419084063,0.008728348746574577
2023-08-08,-0.00321227560725601,-0.0024852138961635184,-0.001912883717195113,0.00032208501435349035,3.444222977044831e-05,-0.004348656336598977
2023-08-09,-0.0011700659677179592,0.0003802152239831269,0.00012912783644281056,0.0010412402186850134,0.0009139780646658657,-0.006685170977103638
2023-08-10,-0.002464947292652897,-0.0035682076177241395,-0.003844531426865583,-0.005359326946773324,-0.005194946874456541,0.00035901784315828245
2023-08-11,-0.002663738542927341,-0.0032637978265106504,-0.0031132040157234586,-0.003036182009526711,-0.003008088288942945,-0.0005831590983617074
2023-08-14,-0.0012627792521577863,-0.0025695709129618383,-0.0023174207778479117,-0.0019758703269917577,-0.0020468734435695746,0.005519965181954856
2023-08-15,-0.00932807621308085,-0.00847761765900179,-0.007449857645010827,-0.005534592011865014,-0.005494088220157511,-0.011648832108919538
2023-08-16,-0.007361044135000827,-0.0068652691535067145,-0.0061908521511981895,-0.004164879181899783,-0.004211590975669699,-0.0073381579205229475
2023-08-17,-0.004406737506712832,-0.00290869699359364,-0.002532685932029599,-0.0007475708078711341,-0.0007086017896469343,-0.007620017234869825
2023-08-18,0.0012277036992323076,0.001490086649022171,0.001513352998012918,0.002572869741429784,0.002448342236849088,0.00048137370550960235
2023-08-21,-0.0005052193296272156,-0.001948310803682074,-0.0020236697309164997,-0.0034334527564108264,-0.003212678257341839,0.0065063764390449474
2023-08-22,0.00037820759443785157,0.0011295711149257315,0.0012979153617904693,0.001844041420924425,0.0017951370874302874,-0.002708630796397271
2023-08-23,0.012516367373027082,0.012432477121370411,0.01214724734986472,0.010595918617416489,0.010531025265343441,0.011137594364060366
2023-08-24,-0.007419283534003784,-0.005401892344053638,-0.005149146991105691,-0.0032786084197781173,-0.003213846103728768,-0.013858931041398459
2023-08-25,0.003747265106969433,0.0031457135477632736,0.0024447769131958896,0.0013792398087664193,0.0013283766653602314,0.007049798194985968
2023-08-28,0.005596818111223589,0.004607757617487884,0.004033905042038821,0.001946681511063586,0.0019725245609971687,0.0063413039300805885
2023-08-29,0.011026632002362424,0.00976983431702605,0.009142172822460992,0.006602828829084473,0.00666702745280201,0.014454760432480285
2023-08-30,0.0012493556980777143,0.00043325052409293185,7.520233902225115e-05,-0.0011300328106151891,-0.00105283137101142,0.0041187296588311995
2023-08-31,-0.0020970736652604627,-0.0015961116766445294,-0.0009846913288076298,0.0011343916280053268,0.0010004847737918876,-0.0014632204067307475
2023-09-01,0.00022466350880412378,0.00011724746422370202,-0.001053251681481182,-0.002602770799379872,-0.0023812569489601865,0.0018652396366587443
2023-09-05,-0.006617721825830758,-0.006390330729807658,-0.0060334406711977095,-0.0037113438708625823,-0.003753955947992438,-0.004321984169855297
2023-09-06,-0.003070498432318547,-0.0020761934053117326,-0.002065203685781558,-0.0011672520547775234,-0.0012694829194527246,-0.006722513446366762
2023-09-07,-0.0004979064355611351,-0.0002818055704316702,0.0003801229166495723,0.002163161944049863,0.0020331776268316393,-0.003070160493406471
2023-09-08,0.0005587742839969767,0.000828657311961134,0.001031938680307043,0.001589682564532957,0.0015835151034360173,0.0015061261901749834
2023-09-11,0.003843284511435785,0.0031282086759323313,0.00236856883049108,0.0004747069808761495,0.0006042014148635033,0.006576575301879606
2023-09-12,-0.0020584521253809163,-0.0009803806916504065,-0.0009499346643354611,0.00017675936048577867,5.2519590307387176e-05,-0.005485570735918599
2023-09-13,-0.0013267054684850121,-0.0010380469906321466,-0.0005033768257467486,0.0016202366475182028,0.0015055805998043237,0.0011659670580213
2023-09-14,0.006734150756790402,0.005067346922970506,0.0035514716641114052,0.0001495749299407212,0.00022174932046770124,0.00862247792166082
2023-09-15,-0.004819643311315014,-0.003067303247895947,-0.0026492665880312183,-0.001906801176963957,-0.0017349616646451516,-0.012048457170638294
2023-09-18,-0.0004034180138197119,0.0001915967320684775,0.0007867358385551526,0.001608827694712378,0.0016876518222632697,0.0005865743601718432
2023-09-19,-0.0026249003918833447,-0.0027262919592151436,-0.002743353673316018,-0.0027118255076230557,-0.0026733271669837633,-0.0020738997647606894
2023-09-20,-0.003438565001682381,-0.0024787438718545385,-0.0021593977504493767,-0.0019698897110683733,-0.0019682185685947484,-0.009193334898152217
2023-09-21,-0.016493049756361344,-0.014787377996454909,-0.013052129598437934,-0.007656956135368098,-0.0076313487832241345,-0.016528360624534222
2023-09-22,0.0011392786949766531,0.0026706228447972435,0.0031802120359720742,0.004644969470771088,0.0046090308742690045,-0.00224842835750505
2023-09-25,-0.003884695439053676,-0.006210077779087886,-0.00663840770260915,-0.007759765190903822,-0.0076433872020784666,0.004205062487775857
2023-09-26,-0.010577963822501646,-0.008551192238594019,-0.0074465271410194545,-0.0033570229169941346,-0.0035190030889694635,-0.01469117974189249
2023-09-27,-0.002416349402546092,-0.0026112018750481525,-0.002904673909581601,-0.0020090661392305753,-0.002170706017537327,0.0003990548684880135
2023-09-28,0.004360117363718441,0.003192049878353309,0.003090832917653996,0.002568239154200125,0.002424928455199815,0.005797545769094192
2023-09-29,-0.00249651172077181,-0.0031700265009727557,-0.0031401049336167164,-0.0032544091729523883,-0.0034113896778890096,-0.00242686943566206
2023-10-02,-0.008609167819008667,-0.009871651914882928,-0.009224772167913509,-0.007713673482103278,-0.007631192439722212,-0.0003977827543490964
2023-10-03,-0.012504650298898579,-0.01177527264317657,-0.010811236398970858,-0.008142623944496497,-0.008014249644664573,-0.013386095672356046
2023-10-04,0.0037273895648364253,0.0018743790008408645,0.002249806027917245,9.148375239420581e-05,-1.5708006504411287e-05,0.007281911588457257
2023-10-05,0.0008784114951108091,0.00027030200951849714,-0.00015124101183716654,-0.002110729087873575,-0.002098541900008577,-0.0003767125629625667
2023-10-06,0.005408220726815793,0.0033920364045547657,0.0022666968678284327,-0.0014050733443553565,-0.001012676701776738,0.01187277664751174
2023-10-09,0.009035197483057589,0.01057423404482627,0.01077076443903735,0.013006371494864721,0.013009908327274777,0.006402197793960784
2023-10-10,0.004570743801227906,0.0037118407647682705,0.0029690917126967697,-9.968656810188659e-05,-5.675366999335907e-05,0.005204839419969964
2023-10-11,0.0069854885417259815,0.007210540232418294,0.006526639476507778,0.0034231443336749656,0.0034469038898878868,0.004096329371875207
2023-10-12,-0.009167816275863827,-0.009750780717139529,-0.009043146453924455,-0.006641781791468349,-0.0064446564715905374,-0.006096529615446378
2023-10-13,0.0034591670438204325,0.007477567568082932,0.00795327690441927,0.010568882969567372,0.01089719986186144,-0.004980802640899729
2023-10-16,0.0033408047061624924,0.0003472995257778333,-0.0007465335382925709,-0.004205073841844431,-0.003891801217024149,0.010521349064222862
2023-10-17,-0.0018441616653257498,-0.0024668025687589745,-0.0029386629630353545,-0.004182411651710072,-0.003876008703651679,-4.589631226759039e-05
2023-10-18,-0.009542793740139,-0.006918873279290083,-0.005639109500359285,-0.0017079782007105582,-0.0013659230178998394,-0.013325020458822001
2023-10-19,-0.00749093138080803,-0.00577840770182203,-0.0045124531725390105,-0.0009221365747681398,-0.0005517314820899788,-0.00878652455064377
2023-10-20,-0.005633304486905244,-0.003581096724254773,-0.0021849015242038083,0.0011355309613343412,0.0008833707149831227,-0.012287905368894014
2023-10-23,-0.0009332968684745424,-0.00023724348115106153,0.00033899125876857283,0.001475237861564338,0.0011263119967863666,-0.0017333794288801885
2023-10-24,0.006109611373593449,0.005133329478401061,0.00428941571045649,0.0005696184650463287,0.0005259739798835206,0.007539618488352495
2023-10-25,-0.010441452311999444,-0.00871655489600609,-0.007556033212503754,-0.0037037613957872084,-0.003546112227505227,-0.014352265498730699
2023-10-26,-0.00043383983880496135,0.00166810379517357,0.0020366940407068324,0.0030596876118973437,0.0026781371494566386,-0.011974614723953003
2023-10-27,-0.0021280616265231256,-0.00025866782943195776,0.00044025760380850265,0.0027075340118478675,0.002923982822228277,-0.004532738343679177
2023-10-30,0.0040398045166589736,0.000983076940205052,0.00016343658401374306,-0.004563012957640389,-0.004352914979533051,0.011955796396435847
2023-10-31,0.0024630791602933133,0.0002437242835713338,-0.0005594505746548961,-0.002302751255831903,-0.0022648343197952947,0.006280319349446284
2023-11-01,0.008907123761320968,0.008567014398658479,0.008637179807315043,0.008897996081326687,0.00849366760099901,0.01066469251754354
2023-11-02,0.017400409310946552,0.015713990972715974,0.013534602906972948,0.008429588156950052,0.008365495034116766,0.019164265161966787
2023-11-03,0.009819039777949401,0.008766178154714366,0.007626172099238326,0.003258486715561393,0.003326737136334801,0.00912352756858259
2023-11-06,-0.0029984809376012445,-0.0034296702919880406,-0.0033438654533713974,-0.0025740021018434422,-0.002534747633409107,0.002300272021308558
2023-11-07,-0.0010537326677736436,-0.0015128094680904036,-0.000513209772495582,7.515137921276782e-05,-0.00018421839094906467,0.0028461186856993947
2023-11-08,0.00018375068657361382,-0.00012585168117840162,0.0001101083931300817,0.00035198393169189046,6.877551839146179e-07,0.0007324839775000314
2023-11-09,-0.008056711087674695,-0.008117425146348056,-0.007756036573065783,-0.00742917597620274,-0.007108609797715992,-0.007798756576629651
2023-11-10,0.006940512399785215,0.004536922267768029,0.003644874444765245,0.002586374267244951,0.002414579070472156,0.015604787846028811
2023-11-13,0.00016263853158871022,0.0011078516415123918,0.0011721338870711584,0.0024717325652001687,0.0025326070324134253,-0.0009532526504951733
2023-11-14,0.022101262424616408,0.020045940773063542,0.017413987251363228,0.00947135267113497,0.009439851122285958,0.019400700655952452
2023-11-15,-0.000974948382688301,-0.0022517410844979935,-0.0027839398867167686,-0.004799570412270526,-0.004619428441039131,0.0021170158623191604
2023-11-16,0.00041695301225375125,0.00017179956210089387,0.0012794671590115048,0.0009736267713236213,0.001014758943236771,0.001223162378403364
2023-11-17,0.0035885176242282935,0.004120162180479614,0.0037582014524240037,0.0038611174921152625,0.0037382886768764223,0.0012438929741640514
2023-11-20,0.006271966021008657,0.00606660356238109,0.005370777558512785,0.004813129574032349,0.004728870429955512,0.0076975556449827565
2023-11-21,-0.001450880346599126,-0.0005895347093775039,-0.0003073382321209239,0.0007132519314296815,0.0008851545802330829,-0.002179354867042904
2023-11-22,0.001624169505020534,0.0005721139858567703,0.0006241358972944866,0.0002595179397733016,0.0001137524983365612,0.0038607640202614757
2023-11-24,-7.799929057139554e-05,-0.00110950258194642,-0.0015981899288673995,-0.004382361851304917,-0.004058397295339744,0.0006154686302466406
2023-11-27,0.0014886577184081151,0.002538984649909537,0.0029588137750740096,0.003447118378204328,0.0032945124840282336,-0.0018009687252493745
2023-11-28,0.004537517497906984,0.0057084548024464166,0.005545736028683468,0.005704223719892321,0.005837520341245073,0.0009901425392697671
2023-11-29,0.0030253814259970646,0.003918431482833551,0.004085307349267486,0.005784642450613164,0.005496748226221371,-0.0007035714159333573
2023-11-30,-0.0007397071653847398,-0.0028960416509486997,-0.003150973614556518,-0.005560696937398246,-0.005355417549137154,0.003937496923179573
2023-12-01,0.010541760962718305,0.010672489284591968,0.009945550323845254,0.006681097876395592,0.0067439372994477775,0.005915863686980938
2023-12-04,-0.005541204845697312,-0.006484739943560469,-0.006698833666658244,-0.005635338698895209,-0.006021094289154427,-0.005249346358470519
2023-12-05,-0.00010124740910699703,0.0006735086180740257,0.0016177494431184325,0.0034709088376283503,0.003122205225124519,-0.00019712552008965822
2023-12-06,-0.0010743472869177983,-0.0005462928329628136,-7.137725120243132e-05,-0.0020019049668958955,-0.002059158036935238,-0.004029702690346748
2023-12-07,0.0032316020952003477,0.0018781097455577989,0.001463159521671864,0.000208233766210153,0.00036390235381089653,0.007630426110675437
2023-12-08,-0.0010144168395933573,-0.002646868002940339,-0.002833009129074915,-0.0023825823814419556,-0.002421950785732152,0.004299109572013071
2023-12-11,0.0007750618147299715,-0.000421123750593444,-0.0009124960624770084,-0.001947298249266538,-0.002102357316558723,0.003889530902242866
2023-12-12,0.0011446831813943792,4.992485389965218e-05,0.0002895578761616946,-0.0004473582495191364,-0.0005462927083280666,0.00456728078917501
2023-12-13,0.018478038720187273,0.01852946174434078,0.01753163028264737,0.014900488021235336,0.014988355529950592,0.013790063422416399
2023-12-14,0.0121410314754411,0.013860010097751063,0.012767467807258015,0.011307053804253453,0.011062185122453938,0.003209432476292795
2023-12-15,-0.004931438901394025,-0.004715634034444749,-0.004085183631956535,-0.0014233807603201143,-0.001601268189585725,-0.001646595592390887
2023-12-18,0.0010859941016385655,5.889250809909541e-05,-0.00034091961668392123,-0.001292852064089578,-0.0009677899783152588,0.0056251551127679544
2023-12-19,0.006017798251646722,0.005817396747554993,0.004929826316553143,0.0023956146000332357,0.0025812829951770144,0.0060808794940740984
2023-12-20,-0.008296362427243631,-0.0063608365273235545,-0.004520780375550815,0.00018807619186445024,-0.00023291137308467658,-0.013857328835340188
2023-12-21,0.0073402404840419155,0.0059698404798993465,0.004684377761769998,2.1342987564842986e-05,0.0003422907337762293,0.009481879397938542
2023-12-22,0.00045663262371120616,-0.00032255210512144306,-0.0005348672128140386,-0.001444632473085683,-0.0012474935849297042,0.0020097300784456262
2023-12-26,0.005028174653655126,0.005178103502920806,0.004474106835738123,0.0030184051827193414,0.0031563336201214653,0.004222601411330462
2023-12-27,0.004872163052625611,0.00568301133110416,0.005688967519221544,0.004864450629644468,0.004668286121406462,0.001808100974468374
2023-12-28,-0.0006056173899242623,-0.0015126144980969203,-0.002081707275802258,-0.0038734215052431686,-0.003878117233695466,0.00037771222115745573
2023-12-29,-0.003927491434500441,-0.003983416171467025,-0.003417427933820494,-0.0028493261966862082,-0.002785902981934041,-0.002894986119617915
2024-01-02,-0.004434238452088679,-0.004964974316296167,-0.0050309971596702585,-0.004618549325677845,-0.0045485772834606975,-0.00559638348657121
2024-01-03,-0.006748910747899628,-0.004162139420699096,-0.003302680968344518,-0.0004659069490308143,-0.00036479341544526367,-0.008166680634763557
2024-01-04,-0.003343835366073966,-0.004008426041472779,-0.0038791331089947922,-0.00411415224390177,-0.004154019906420059,-0.003221075305737564
2024-01-05,-0.0006766183921548263,-0.0010414948492228904,-0.0010926448828467716,-0.0005465366438028862,-0.0005725562634265602,0.0013696013623756276
2024-01-08,0.007623469387988635,0.00437853677536526,0.004174860742419462,0.0026201954168143526,0.0025749558903753744,0.0142760527784358
2024-01-09,-0.003593767870828768,-0.003359875010483626,-0.0028072208704239543,0.00020521775852611057,0.00024705391757362527,-0.0015171279191281695
2024-01-10,0.0012652974984397325,-0.0005411124830140279,-0.0004132276736399376,-0.0005179567231128335,-0.0005765108843774902,0.0056553985717209265
2024-01-11,0.0008046769373015739,0.00227098250856117,0.0029337391920531974,0.004231134203238618,0.004294298299519328,-0.000440607070651744
2024-01-12,0.003210407563006612,0.0035915851771395335,0.003669796773156042,0.0035902346461638146,0.003576591797836093,0.0006927820257085493
2024-01-16,-0.009846850605022328,-0.011393507799264069,-0.010522982961137073,-0.006535130939095191,-0.006578548703633169,-0.003671306660289475
2024-01-17,-0.007945999494623046,-0.007448556247158122,-0.006562466136914469,-0.00390039246114926,-0.0038421126441294806,-0.0055586288622798685
2024-01-18,0.003693870681537703,0.002716526945693465,0.002779700432129273,0.0031923087254384086,0.003101387609138806,0.008892810333086754
2024-01-19,0.006775303613235417,0.0047824983672593024,0.004067339673214043,0.0030613310740161825,0.0029670613664112278,0.012466148799797905
2024-01-22,0.0017837385982641951,0.0013279744602689991,0.0011064254702415344,0.001305791569082837,0.0013371910444537338,0.0021143216898256156
2024-01-23,-0.0003322102023998186,-0.0003940115918024123,-0.0005816759566777963,-0.00024518136776996435,-0.0002954399087672366,0.002916478516551635
2024-01-24,-0.0007944248942364229,-0.0004344429736373723,-0.00037014867263318596,-0.0006080338010181485,-0.0005795105466329664,0.0010932628205506667
2024-01-25,0.005841084749393266,0.0055948081305630115,0.005174000448195937,0.004987519891632708,0.005007764591916208,0.005438776457945549
2024-01-26,-0.0003903996775578289,-6.639744281966564e-05,-0.0002130377653430937,-0.0005727138844670021,-0.0005724606227467399,-0.001270398623401059
2024-01-29,0.005499349798965714,0.004328348107546676,0.004323166591073679,0.0035699438962086827,0.0034999817413796652,0.007919372812505543
2024-01-30,-0.0008890115695499023,7.51978961566202e-05,0.00023488710180763483,0.001221325096137038,0.0012646661610038468,-0.0007734281174205382
2024-01-31,-0.0062968253126608476,-0.003291040008722379,-0.00211728862426086,-0.0019123393275420897,-0.0018009385040709258,-0.016317324590489846
2024-02-01,0.010482882938967375,0.008566726339327646,0.0075495003529857385,0.004013028511463235,0.003915146010220472,0.013088179485211349
2024-02-02,-0.004483037234157106,-0.008193267430090412,-0.007809987082036063,-0.00555254551747042,-0.005695321611156268,0.0105272959921896
2024-02-05,-0.0073848750953893205,-0.007199236810049525,-0.006591865142442144,-0.004573782234040702,-0.004595536641438525,-0.003641132568705019
2024-02-06,0.0072206485002883625,0.007988153400801945,0.007050677527835836,0.0038596409111797403,0.0038750898498056685,0.0029033178002926263
2024-02-07,0.0017494862468365735,0.0003222465381991224,0.00011778766567904775,0.001108222605653797,0.0010375899703660707,0.00834030485462911
2024-02-08,-9.468292096481701e-05,-0.000661077536181276,-0.001031074211895855,-0.00042598157683371163,-0.0004533289147851116,0.0004418136475479173
2024-02-09,0.002143184512591212,0.0010700193801584934,0.0007335915587982633,0.0004793243293719218,0.00044829913461086335,0.005779398672015157
2024-02-12,0.0006615890033272454,0.0009731679822690964,0.0008013463894305239,-0.00010031296546220148,-8.586403491417371e-05,-0.00043895545913064105
2024-02-13,-0.014243683004100616,-0.013583668990706066,-0.01248525813700574,-0.009326647942405342,-0.009282594343357653,-0.013772988606368997
2024-02-14,0.006681964263359541,0.005131909819166003,0.005038939686250021,0.003074710610196041,0.0030248415960312247,0.009087666286839324
2024-02-15,0.008359966875233216,0.007191693359309914,0.006075695384992086,0.0034690776411918645,0.003430710338271359,0.0068997297830211135
2024-02-16,-0.0026717331437151604,-0.001473064294326587,-0.0012517099825311018,-0.0014660724715921392,-0.001466310125173731,-0.0049800358939333655
2024-02-20,-0.0006751726001248404,0.00035213792875010697,0.0006039240261985768,-0.0006305029474453772,-0.0005997938420898574,-0.00550550720653431
2024-02-21,0.0007036205270745111,0.0003011383573743309,-1.1686763741303174e-05,-0.00012293000056540215,-0.00013926720693002714,0.000906009374880723
2024-02-22,0.009044696172039401,0.005959689167567284,0.005258856263846701,0.004575186750076954,0.0044447736688901784,0.02069542385601153
2024-02-23,0.0012192221678894999,0.0011324673785182426,0.0013408701308483817,0.0002104893932428631,0.00017197477924368876,0.0006896579493562704
2024-02-26,-0.0032336886270288856,-0.0022094519387393374,-0.0018981732152399955,-0.00046027502549228494,-0.00042746069160715106,-0.0036625789483393234
2024-02-27,0.0008709193818978722,0.0005914516094633893,0.000390024834627134,0.0006226306814183236,0.000621622806068034,0.0018577482984671878
2024-02-28,-0.00022552703823663922,-0.0004683420740213551,-0.0003930419490961734,0.0005742373978476767,0.0005667618585267764,-0.0013215788271536688
2024-02-29,0.003692950402686579,0.0033014702473972424,0.003023293483516376,0.0024326551658162554,0.002392901590485552,0.003594781530766644
2024-03-01,0.009555930123543943,0.009259617428859501,0.008616744401253262,0.0068749155273502005,0.006801832101192007,0.009388455619500746
2024-03-04,0.0014295752239337212,0.0017772592285385524,0.0013183826006772925,0.0010005051842194579,0.0009430820814300134,-0.0010725214798540383
2024-03-05,-0.003670723157139233,-0.0012739862922611644,-0.00028759259395694237,7.057961409895341e-05,0.0001454771654325615,-0.0099940695152958
2024-03-06,0.006555813186206905,0.006874064549466707,0.006027242822541634,0.0035145395533231483,0.00349059872837465,0.00506719125229993
2024-03-07,0.005546617845741952,0.004232297511508998,0.003998712047579733,0.0032136269227367453,0.003148282389890067,0.009926452199480407
2024-03-08,-0.00011787541525443146,0.0007105573583772173,0.0005240004119277941,-0.00037737340220667104,-0.0003624974855545027,-0.0060022091803608735
2024-03-11,-0.0009650979106906599,-0.00010372415548320912,-0.00024066841434067232,0.0004542180240383331,0.00047664553226978157,-0.0008598627660008074
2024-03-12,0.0026281645751533578,0.0001537052721425347,2.7550143334220678e-05,-0.0003659390773504967,-0.0004350096586525076,0.010757473089254121
2024-03-13,-0.0005256574771754785,0.0004938419101865321,0.0004314615388048004,0.001435193473979579,0.0014483436764549662,-0.0015675902540027709
2024-03-14,-0.006210250427999053,-0.0064433465756125186,-0.006067309840061985,-0.003991588548497127,-0.004014179803152995,-0.001976761069401922
2024-03-15,-0.002838791217541714,-0.0017353663724155588,-0.0016109295090194209,-0.0015215249442196432,-0.001448796618764625,-0.00686664601516096
2024-03-18,0.002159391382775322,0.0015510168946404335,0.0012306344796990665,0.0020445410384475338,0.0020070164066934293,0.0059432785460682425
2024-03-19,0.0018452714495351685,0.0008525819976661353,0.0010898209321075214,0.002063720529601465,0.00205006124673357,0.005556966175373823
2024-03-20,0.007068975404472599,0.0059389018575382035,0.005800048726277707,0.004595598183852134,0.004493591127344265,0.009249342703349317
2024-03-21,0.002206146922144603,0.0015439394742602364,0.0014108295235293333,0.0013822459890178163,0.0013710396449986284,0.003304671689740246
2024-03-22,-0.0029413123260227936,-0.002583363688736351,-0.001617380777440891,-0.00020166974874402666,-0.000148606225521819,-0.0018957534270992449
2024-03-25,-0.0019623048385397635,-0.0010729925350269065,-0.0012669469608002082,-0.0009827101987971432,-0.000980398794448445,-0.002762893714458925
2024-03-26,-0.0010069322293506655,-0.0008275824143714194,-0.0005785494481095332,-0.0011069734969597622,-0.001128733561096551,-0.001846911701943399
2024-03-27,0.008807574534134499,0.0074432095538994325,0.0065443011746364466,0.004732185914139597,0.004698271182732583,0.008403804513425595
2024-03-28,0.002530965759623083,0.0035494539909977085,0.002935403020425831,0.002745174635135461,0.002722892440042868,-0.00019109890074997526
2024-04-01,-0.0045947781182903435,-0.004565589645591173,-0.004304347142229159,-0.002939812393361607,-0.0028777860474279437,-0.001739871634885537
2024-04-02,-0.002879206749694996,-0.0005697736842087409,-0.00014046580441673395,0.0013058295702892408,0.0013772176826312155,-0.00635795652991511
2024-04-03,0.0027336291203874374,0.0033488137362969184,0.0029714430666394342,0.002951184145174368,0.002983281325501963,0.0010985352802523884
2024-04-04,-0.005279627519800711,-0.002450864012830456,-0.0019103561681673709,-0.0008534105158047867,-0.0008508346795320643,-0.012206089715914747
2024-04-05,0.004452166944123093,0.0023609843051650703,0.0018253490972635067,0.0019730735591123594,0.0020237884347058532,0.01044661225145016
2024-04-08,0.003173231632436435,0.0031085222395879075,0.002430983334748227,0.00045123193181173527,0.0004729486815853168,0.0005595560887270423
2024-04-09,0.003990002871739451,0.004185880408686948,0.003690112448251792,0.0017512959162944153,0.001757696127206998,0.001156611044448308
2024-04-10,-0.015029739342158455,-0.014137381987774478,-0.012748075344415133,-0.008168646270956592,-0.008154199922132399,-0.010012985450947975
2024-04-11,0.004535636140737598,0.003450713204605549,0.003127569264562702,0.0023360557404630278,0.002395623247424039,0.0075469239004943844
2024-04-12,-0.00972622051155314,-0.0073864133643665175,-0.005985206481599059,-0.0020125297681701237,-0.00203778846682956,-0.013803088195717739
2024-04-15,-0.007180214083063019,-0.005094793631703509,-0.004452939745729245,-0.003533917007248921,-0.003417908839366879,-0.012528166703078103
2024-04-16,-0.005599135050732729,-0.005787090774068249,-0.005095803223466255,-0.002643060501271499,-0.0026283566136875436,-0.0018237255045222556
2024-04-17,-0.002810497225615327,-0.0019428412861699496,-0.0010542626864481486,-0.001878318377033894,-0.0019093359207890126,-0.005918361884868162
2024-04-18,-0.0009337446600146126,-0.0006143001293098527,-0.0007144572697104223,-0.000984303042869561,-0.0009634390049197972,-0.0020577059283769517
2024-04-19,-0.0011684567279202085,0.0007506013270672796,0.0005950595211945409,0.00013016219343597868,0.00015888011348241804,-0.008728335232320639
2024-04-22,0.003908943728193837,0.0014568329474855535,0.0010011083108665275,-0.0001796417850359333,-0.00029656329260863146,0.009209260845719713
2024-04-23,0.006909954149460162,0.004895888481472044,0.004293654202640829,0.0033576548394729233,0.0033225599566577557,0.011866510660843987
2024-04-24,-0.001065422149569839,-0.0014671218923415497,-0.0016589028835021224,-0.0019138041876735068,-0.0019126551660304525,-0.0004746523967652516
2024-04-25,-0.0022019123382027717,-0.0011736551409105012,-0.0011146686876424283,-0.000395837374442487,-0.0003587972805380035,-0.0037988363571601624
2024-04-26,0.0059368267774453365,0.005012484592666011,0.004820536351569871,0.0038876573416788407,0.0038733029466504476,0.009473829213620055
2024-04-29,0.004435778522006162,0.004263409320774514,0.0037112991370669146,0.0020094016692007166,0.0019863496698409033,0.003541489000252085
2024-04-30,-0.013423676583092847,-0.012373326111560057,-0.011258122935301929,-0.009690966010883262,-0.009725546501267113,-0.015841227166982663
2024-05-01,-0.0002383312654969938,0.0003587560245839061,0.0006900579434452325,-0.0007279951829568532,-0.0007005964789383867,-0.0032470879194256286
2024-05-02,0.009285850183007982,0.008497960334308274,0.007551725657145347,0.0044933565038891565,0.0044521582737997445,0.009353449666312796
2024-05-03,0.008101276330566787,0.006684701938614479,0.006479097790667909,0.005702965795443049,0.005661859918498546,0.01239526971699556
2024-05-06,0.006186002025187598,0.005363647936768912,0.004955207594809163,0.005330091463745079,0.0053458019665819645,0.01032679554268845
2024-05-07,0.001380489438849608,0.000806183407711103,0.0003629330202425951,-0.0003376536485226733,-0.00035790389821166446,0.0011034840926713585
2024-05-08,-0.002435855624719041,-0.0029576466003528035,-0.0024713747911917494,-0.0018971430553897939,-0.001904928227095426,9.648176106846762e-05
2024-05-09,0.007857656416660586,0.007371966211357384,0.006518716711793715,0.004852003357702639,0.004895868762850419,0.005761926346433022
2024-05-10,0.0002814301035796163,-7.352722741138518e-05,-8.225595779520756e-05,-0.00040880545102173205,-0.00037600399073989266,0.0012881085271954085
2024-05-13,0.0006794162766037282,0.0009833869331312695,0.0005239430290362446,0.00017343756757659534,0.00013272772936678834,0.00013436765336738432
2024-05-14,0.004954783195629586,0.004413122923908608,0.0040705554358848595,0.0022455724595011883,0.0022604135138353243,0.0045881020522700044
2024-05-15,0.010970539424417058,0.010147805859350933,0.009445779112621011,0.007603542888891424,0.007609620010381013,0.01238312772645056
2024-05-16,-0.0017050659986925787,-0.0012681734452469895,-0.0014523596541767825,-0.001192338065801879,-0.0011987149016470244,-0.002057639461244154
2024-05-17,0.002542329593279602,0.003033184451901816,0.0026921505711603455,0.0026290828986625936,0.0026948026156932148,0.0014376621237919274
2024-05-20,-5.920917829360661e-07,0.00022335396223760462,0.0003824242169603309,0.0017423307612673966,0.0017585765619849703,0.0011521723456615618
2024-05-21,0.00019883893286420928,-0.00037938258147296455,-4.028572450076595e-05,0.0007075562844820471,0.0006923418602653442,0.002452466390780561
2024-05-22,-0.006015221113898406,-0.00655729329675514,-0.005770633042239792,-0.004807967405906277,-0.004872413494956707,-0.0028792783967770408
2024-05-23,-0.009282907269796192,-0.009026237794177994,-0.008061095929091544,-0.0063061076695164475,-0.006358037920455972,-0.007304161171391543
2024-05-24,0.004318466962405898,0.0036850890838389105,0.0034707173725341267,0.0033619774656694634,0.0033487852563260923,0.006616393611422522
2024-05-28,-0.00046711502134633154,-0.0001010810321179223,-0.0002351352316568578,0.0016790473691710162,0.0017328692769671417,0.000698751458297453
2024-05-29,-0.00935789264291309,-0.009698019367196276,-0.00854674846807335,-0.00565571571642709,-0.005668692327497671,-0.007002629786867498
2024-05-30,0.0015030504550404,0.0022248622511162885,0.0022053497749772166,-0.0006517629817572868,-0.0006467484735119822,-0.006633697941680561
2024-05-31,0.00583194243795071,0.003368549872414306,0.003211262556639838,0.002815465809464124,0.0027652168653040654,0.00910845407554195
2024-06-03,0.0030023981047007098,0.0037484103793019585,0.003941131875410342,0.001615670555174642,0.0016291430581611976,0.0008152402260612757
2024-06-04,2.16677292150802e-05,-0.0008990995353677089,-0.0005845211885859847,-0.00023034494685902906,-0.00027620976299458366,0.0011176521585258836
2024-06-05,0.007686470746426144,0.007003871153695718,0.00659258809826202,0.005514712217744577,0.005528289466707026,0.011885062660881296
2024-06-06,0.0022459843556938974,0.003112670328795808,0.0025224792103004656,0.0021754220277727665,0.0022078979234412266,-1.8405780399799454e-05
2024-06-07,-0.010354699704580472,-0.013270918075896754,-0.01256611683970299,-0.010392705604491903,-0.010508930739571376,-0.0012158589936518416
2024-06-10,0.0026297129725663115,0.0028350819178299957,0.002233088037284725,0.0027017874866102076,0.0027369238692316333,0.003089653838339146
2024-06-11,-5.38403144710875e-05,0.0003005838286596063,0.0006808329162915072,0.0023293997738218497,0.0023263433927411814,0.002408456253496727
2024-06-12,0.007428060060411967,0.006680087196970552,0.005981223077357045,0.004004655218427855,0.003987035196127531,0.008212992649689665
2024-06-13,0.0001349735116911166,0.0005084046096051065,0.0005433366654952199,0.0021282301287288696,0.0020859967558584103,0.002013509852188289
2024-06-14,0.00045264426720770246,0.0011572505937893496,0.001109800290335805,0.0013205110659681996,0.0013629560305898902,0.0006083856691376788
2024-06-17,0.001470735661623257,-0.0003445475345005278,-0.0003619057369583789,0.0003324044557571071,0.0003068185295846959,0.007958943634686966
2024-06-18,0.004598549357483606,0.005521874575782126,0.005143349214766335,0.004444211798476205,0.004447504719630624,0.00254083472097566
2024-06-20,-0.0007569622877039439,-0.00014529492586490278,7.074590630384847e-05,0.0004314893385142238,0.0004889530986083024,-0.0027167866743630364
2024-06-21,-0.0031257737322372137,-0.0038846891044063137,-0.003758963490256506,-0.0034469799664483824,-0.003503689467389326,-0.0013406079179634212
2024-06-24,0.0022013195077073,0.0032947778789058635,0.0026740030298999518,0.0013055286961130008,0.0013273757676206532,-0.0032506251621496896
2024-06-25,-0.001115423622112921,-0.002212906181640939,-0.0013994705207427405,-0.0006621194638971595,-0.0006904779440479736,0.0038507542067618417
2024-06-26,-0.003417421333224868,-0.004607616481167587,-0.004346067893868377,-0.0023839426003433584,-0.002409213636881402,0.001248271227491493
2024-06-27,0.0036900745143784164,0.004095409359273328,0.0036367860457324763,0.003162097850086143,0.0031975408371021086,0.001576461654494432
2024-06-28,-0.002108099586832557,-0.0028049367354703314,-0.002933660590886067,-0.003682664796505586,-0.003663798516174932,-0.003935179546855183
2024-07-01,-0.0011257215608387883,-0.0016764244342336587,-0.001559886445571923,7.947136634767205e-05,0.00011934311619943294,0.0020581387752909297
2024-07-02,0.004422266420945453,0.00378677732556687,0.0036239234594566128,0.003438013562588882,0.003408913667726221,0.006729662300142714
2024-07-03,0.00684771699389497,0.007881450293825809,0.007426618148809183,0.005223735172616317,0.005249776129871764,0.004462520721040919
2024-07-05,0.005932506868169707,0.006072139350412398,0.005890035411037831,0.004892880105338948,0.004959271566083112,0.005766711601198793
2024-07-08,-0.0015997400023942676,-0.0027636310958624177,-0.002587460825203114,-0.0030836291160653007,-0.0031266699677083842,0.001153871456714528
2024-07-09,-0.0007070835561158173,-0.0013302935764424317,-0.001365302199444418,-0.0022073386920585802,-0.0021576906369317195,0.0009723971750748017
2024-07-10,0.007014696981194168,0.005367106909073716,0.004951973343252369,0.0029695196943388957,0.0030071665507465095,0.00989550646434112
2024-07-11,0.004858991119393474,0.007519567246940584,0.005952456142937823,0.0019193924206870605,0.0019771691790477774,-0.00862289760659718
2024-07-12,0.004967424053490044,0.0037641743977085973,0.0034843689636951947,0.0016229353064438623,0.0016228230365871177,0.006307739308701876
2024-07-15,-0.001619515095335755,-0.0034995043800115644,-0.0032534080267673238,-0.002377365023527367,-0.0022846907306566244,0.002749841314541479
2024-07-16,0.007640463712444978,0.00773140914427306,0.006772185851353418,0.00330072757593447,0.003433511286623947,0.005930449982725738
2024-07-17,-0.00559659500762677,-0.0036058383416240902,-0.0034174470667526213,-0.002220840318655881,-0.0022974919534106686,-0.014021235655336084
2024-07-18,-0.0074351905251826,-0.007093507519204234,-0.006345906990607775,-0.004710313021049295,-0.00472553814662402,-0.007684978589016733
2024-07-19,-0.006939248986171154,-0.007516851127620794,-0.00687767685745011,-0.005989399286955743,-0.0060731601369737875,-0.006640641781359258
2024-07-22,0.006305749054365206,0.0042420203555559866,0.0034788476791336453,0.0016559461751504134,0.0016818608119160139,0.01030996941834772
2024-07-23,-0.0023686261185745794,-0.002753487504950858,-0.002451808529868149,-0.0024534626412540117,-0.002396960015732419,-0.0015685071166898767
2024-07-24,-0.013258639679095907,-0.009891461839452442,-0.008951360785523277,-0.006425742413370572,-0.006470030055531262,-0.02266253442422783
2024-07-25,-0.003298493323058982,-0.002024964724121503,-0.0014492921063787856,0.0010726003151515506,0.0009063861110583105,-0.0052101936151491834
2024-07-26,0.009620503583133155,0.007726319422020733,0.006869027920876292,0.0024080852032593025,0.0025100183497868134,0.011199551971502908
2024-07-29,0.000306787288436583,0.00013533673499033227,7.64585313932642e-05,1.9126643005851207e-05,9.635434623067596e-06,0.0005876872126906463
2024-07-30,0.0005540920034030616,0.0015231835960822782,0.0010923008673708878,-0.0007863573113741085,-0.0007219856627217469,-0.005066441562850521
2024-07-31,0.01215757297168052,0.012160228413398144,0.011567816822361188,0.011105918270079007,0.01117246246066883,0.01625473240430919
2024-08-01,-0.00750899875318245,-0.005398109295455589,-0.005165502519000498,-0.003608074116002835,-0.0036574941914681025,-0.0141609832922176
2024-08-02,-0.006511395043512724,-0.0022964963225116097,-0.0019718585085334306,-0.002774691330559853,-0.002849955286447936,-0.018618256361918384
2024-08-05,-0.018139509971833667,-0.012866543060689573,-0.010668574236012196,-0.004696725325724627,-0.004846574865867481,-0.02912374802470874
2024-08-06,0.0022678978953605267,-0.0017969222815954478,-0.002480961620344835,-0.00411442263153039,-0.004079220892676205,0.009219485933714466
2024-08-07,-0.0025317570441646398,-0.0011858072427863853,-0.0013717864913146416,-0.0014805696037265559,-0.001499247962781669,-0.006684044376339737
2024-08-08,0.013255355269548907,0.009799125154610344,0.008585017113935667,0.005531189033789019,0.005677902899279497,0.023117240661508554
2024-08-09,0.004663412412494239,0.004932822376610524,0.004542962754656488,0.004075451153582099,0.004051209248196352,0.004409575387478881
2024-08-12,0.0021775342500574,0.0038138630863158163,0.0038239732463110077,0.004775391877367863,0.004847624508537818,0.0005256396444828226
2024-08-13,0.009507434665784853,0.006494605606891524,0.006135002270398093,0.0030561183582249463,0.003067974926192818,0.01644525985399259
2024-08-14,0.0010155505489419792,3.938775258838234e-05,9.080258251015216e-05,-0.00020405468378104086,-0.00026898456609358856,0.0031551268390497267
2024-08-15,0.007027076912958119,0.003959911719941367,0.0035449565468157473,0.0029689013779501394,0.0030351302691493665,0.017140163092787875
2024-08-16,0.0042350218731386224,0.004643349750222514,0.0040298647686716205,7.958297896482058e-05,0.000253067354922365,0.002241993650433649
2024-08-19,0.006339110885417165,0.004535932231511719,0.003972324888887435,0.001235254621088755,0.0012486310696815384,0.00956143118372177
2024-08-20,-0.0004891937631812393,0.00013333576147900317,0.0005598318184829587,0.0011538284064955828,0.0011711415429591643,-0.0016261722061099437
2024-08-21,0.0031985204409592516,0.0023525275741465013,0.002344808952736921,0.0009302302665901152,0.0009284627630186115,0.0034365717663653594
2024-08-22,-0.005959898779289929,-0.005935903667423026,-0.005652901724415127,-0.003882180394397694,-0.003962733333587987,-0.007848402853028458
2024-08-23,0.013009579006890037,0.012723501531125114,0.01137224646321866,0.008872243566560467,0.008892577975398552,0.010625161263435823
2024-08-26,-0.0014130474454484565,-0.0007375842112776754,-0.0006315758527929427,0.0014776165968071187,0.0014721747269137442,-0.0023836972271040757
2024-08-27,0.001083685636301901,0.000511414229403151,0.0004453126760501913,-0.000853288402463348,-0.000807878531675299,0.0013730708321384455
2024-08-28,-0.004695037428093962,-0.004579014084543087,-0.004029222576636959,-0.003975345792849749,-0.003992618697003847,-0.005805185814678704
2024-08-29,0.0006968376106240015,0.0011365448558131597,0.0009352707364640445,0.0014305371416174495,0.0014475538806602017,8.941711011511977e-05
2024-08-30,0.0021230702307120097,-0.0012389680085563848,-0.0014651264454476065,-0.002662687229705085,-0.002636494943814127,0.009546185515074246
2024-09-03,-0.009658077050714753,-0.006366213630033202,-0.0058397850837988985,-0.006009077842071275,-0.006057703014955562,-0.020579026837119763
2024-09-04,0.00047930578247190603,0.0014108412969304762,0.00139067493947298,0.0006444415850730412,0.0006216588079888119,-0.0020469440190744592
2024-09-05,0.0006602604003020929,0.001986721283697479,0.0019465340143638432,0.0015368836817084564,0.0015519240932506673,-0.0024320674546598475
2024-09-06,-0.010128749096467327,-0.008138907471892942,-0.007284105258063112,-0.005351553490913319,-0.005409567747853505,-0.016830317648955262
2024-09-09,0.00788107921151937,0.006315507326416947,0.0056357032677036845,0.0038650388589662743,0.003902226497044081,0.011196370429751079
2024-09-10,0.0029597860001522314,0.0017512347150625551,0.0013738339246294196,-0.0004718258389232455,-0.0004027565110678033,0.004355572316210532
2024-09-11,0.004342966528355863,0.0030067402814115685,0.0029604879130828987,0.003707655079749239,0.0036924034692207286,0.010259078447624193
2024-09-12,0.006861641482305059,0.006486860832481289,0.00574367159959599,0.005349990563449758,0.005454963683999781,0.008423235345493163
2024-09-13,0.005339246863287794,0.004973234097849444,0.004560360966618271,0.0034713930180954033,0.003534085371676543,0.00522267149470057
2024-09-16,0.0037606149213225137,0.004456461242248189,0.004253711010233641,0.003997906352826819,0.003945981145934807,0.0014770382037720964
2024-09-17,-0.0019671754303624,-0.0018701416511052171,-0.0013802081324689741,0.0011354380318975288,0.0010717881215740466,0.0004085115150294083
2024-09-18,-0.004169667323860593,-0.005025628373262703,-0.004731644943009927,-0.004274404384093211,-0.004292238740400411,-0.0029658253212330177
2024-09-19,0.01143588469236767,0.009905334849814373,0.009359357096224041,0.00801638368116131,0.008120719263192688,0.017064492025055333
2024-09-20,-0.001599001368315145,-0.000997930792926982,-0.0008884583351174147,-0.0003695128958860483,-0.00028121910694822727,-0.0017286027009622007
2024-09-23,0.003143845401226031,0.002614295082128848,0.00198507896464184,0.00028642048282945254,0.00031703538899763295,0.0024986851621617845
2024-09-24,0.0067987634279291775,0.00853869899034021,0.007597921003266395,0.005369621394845758,0.005422720948707882,0.002861487494578041
2024-09-25,-0.004955404682308595,-0.005813411125965451,-0.005408037949568123,-0.004824063317756533,-0.004770960301472726,-0.002205682811472598
2024-09-26,0.00548788889275742,0.005603584410548423,0.00489912675736659,-0.0014780783586413326,-0.0013981947573620257,0.003964800214346642
2024-09-27,-0.0007789988614266274,-6.744050272089464e-05,0.00021692849267607173,0.0023657303458881618,0.0022530016194528546,-0.0014503989358952696
2024-09-30,-0.0008334417744743083,-0.002860363635095342,-0.0026319566511157078,-0.000721857447052443,-0.0007498829209572344,0.004007306781378839
2024-10-01,-0.0009641415163978984,0.003038657347006035,0.0029846746019737136,0.004509279429176338,0.0044868822913646245,-0.008958495996637117
2024-10-02,0.0006122546562872255,0.0013138661429714649,0.0008017086972589293,0.0004709309843657916,0.0005001704785951855,0.0004221832658779512
2024-10-03,-0.004655926998790916,-0.004236778963836008,-0.004205843459619607,-0.0013601780419356668,-0.0013040184224187845,-0.0018282872845175602
2024-10-04,0.0016916485282922888,-0.0004798340362295317,-0.0014150571340205698,-0.0028100222721220147,-0.0027488960993193867,0.009087424667289845
2024-10-07,-0.004445864611846484,-0.0019125233769271555,-0.001999381223892649,-0.0006184310082001376,-0.0005927411603745547,-0.00904048317953321
2024-10-08,-0.000724659508411829,-0.004748248030554181,-0.0032161519668711946,-0.0018486790741328862,-0.0018773624108426867,0.00945755137938109
2024-10-09,0.00019447421692353473,-0.002346102340426759,-0.0021030309408898162,-0.002026082283356212,-0.0020117095404804664,0.006926482951566726
2024-10-10,-0.00022323139902813427,0.0016842101546212795,0.001725551731150743,0.0037394455633810164,0.003778575134574691,-0.0017501446222122352
2024-10-11,0.005311464912362673,0.004136009746190217,0.003213348011706252,0.0008684283105873103,0.0008898184762278216,0.005988234357958255
2024-10-14,0.002303874183289256,-0.0005758487061264805,-0.0005621423524132529,-0.002138580307098459,-0.00214433629183719,0.008178455361924408
2024-10-15,-0.0038706639367782625,-0.0036346089921668323,-0.00290198423505561,-0.002454605287386058,-0.0025422588991306228,-0.00776970892320461
2024-10-16,0.004620085461733092,0.003937486218819952,0.003163547726185101,0.0011015351174090693,0.001094046054909148,0.0043464140096862725
2024-10-17,-0.002406775385230042,-0.003077793069861001,-0.003082354998561798,-0.003221454080230557,-0.003180513482327285,8.56834873372847e-05
2024-10-18,0.004557193618825339,0.003843163596980226,0.0031283427845789635,-0.0001518174259707017,-0.00014416260498140154,0.00384676270381501
2024-10-21,-0.007512220071885123,-0.007900710550238776,-0.007593393775738755,-0.005636342867298971,-0.005583100124706752,-0.0016422798462758514
2024-10-22,0.0012568824499841202,0.0027039165840601065,0.00227246460399666,0.0034978323700802783,0.003530586039534267,-0.0005310729434451211
2024-10-23,-0.005462312768210409,-0.004974024243841857,-0.0048345040949149265,-0.004153281963266586,-0.004176349112672062,-0.009137578372479305
2024-10-24,0.002912287931958968,0.0028873285718720165,0.002625504929675948,0.0015034730352880832,0.0014940576681312656,0.0021628025973028375
2024-10-25,-0.002061618068149529,-0.0016528676409821585,-0.0016677076848456984,-0.0005735493583671758,-0.0005484057914443285,-0.0003454048306994473
2024-10-28,0.0008669218469805617,-0.0016190441528347588,-0.00159182188628193,-0.005389837646134765,-0.0054288700800090295,0.003091322620721204
2024-10-29,3.267900775738575e-05,0.00018374253260211582,0.0005557311120882868,0.0008388500262204168,0.0008343569818036745,0.0016184870427735643
2024-10-30,-0.00044320088067795194,0.0008138147879959146,0.0006982817360539073,0.0021998539942660322,0.0022211424722431428,-0.003025102116200995
2024-10-31,-0.010792094224050586,-0.006731280128890238,-0.005646620999623542,-0.002323003766520726,-0.002362127091763422,-0.019603298940374936
2024-11-01,-0.0025562109634075236,-0.004710447752156455,-0.004337688629507008,-0.004713121473141513,-0.00469296992117052,0.004220588805548209
2024-11-04,0.004114279278867761,0.006405507803489252,0.005441677954038493,0.005622170219921507,0.00561126227014519,-0.002154001685066964
2024-11-05,0.00905488877771532,0.0075542712786389465,0.006363139809624663,0.0043913392756007585,0.0044173624099073105,0.012091924203754711
2024-11-06,-0.004301112802758911,-0.011517652719878146,-0.009127854326409834,-0.002641549521072095,-0.0025315423428146078,0.02486548513056608
2024-11-07,0.011550681376134575,0.012334575029291805,0.0109220493135318,0.007794656127975141,0.007779120123244887,0.007732272756398428
2024-11-08,-0.0003969141772144358,-0.002647619876092633,-0.0017864919283003822,-2.4792468868217732e-05,-5.892702222232149e-05,0.004331606609927707
2024-11-11,-0.004636224584045223,-0.006858211776933354,-0.005867773908449614,-0.004559708302512067,-0.004577636457374634,0.0009529898599045517
2024-11-12,-0.00961513840334538,-0.01073991525592699,-0.009621081642324225,-0.006154401881065308,-0.006128388960774278,-0.0031065437781114813
2024-11-13,-0.002352980718733688,-0.003795973798390695,-0.003549203482523966,-0.0023620091719402936,-0.002347074622365164,0.0004857686989643284
2024-11-14,-0.003420140142890049,-0.001988168474030716,-0.001567240003092607,-0.0011453840355267753,-0.001166873548323566,-0.006430102827616024
2024-11-15,-0.004888094777435681,-0.0028203402646795883,-0.0023699683027122997,-0.002260785981896718,-0.0023148114654882868,-0.012808535846547398
2024-11-18,0.007122134131421598,0.008501196053976923,0.007124933767119979,0.00598518282720617,0.006033050749948199,0.0040973033512390344
2024-11-19,0.0031855207922681927,0.0030871982499189876,0.0027300799610345816,0.002277731037438002,0.00228473866787704,0.0036555804977529416
2024-11-20,-0.00040857335526389704,-0.0005758202464372086,-0.0006492629937642214,-0.0009392527776315163,-0.0009268025874932251,0.0003387221816493202
2024-11-21,0.0034763311796448537,0.0026746793078495923,0.0018137091177752307,0.0010594475232001965,0.0010970495677207204,0.005368247246335223
2024-11-22,0.0038810774643631696,0.0034759564395745457,0.0028577573880688156,0.0011236002618817409,0.001130632235845308,0.003099394453447868
2024-11-25,0.0031362517353807906,0.0022091345043342425,0.002994238774833402,0.0038377473105859483,0.003757049987352712,0.003392210018917652
2024-11-26,0.0007747503259507571,-0.0007236305606864724,-0.0010760108028103899,-0.0010182074334744717,-0.0009878941515113482,0.005221589170701257
2024-11-27,0.0015632026841929658,0.002230155399300271,0.002282984574875968,0.0010242864354030878,0.0009849220954645244,-0.0030302951740415196
2024-11-29,0.0051184759932352275,0.004997970741108526,0.004979922117237079,0.003960932011102702,0.003951144777378124,0.006212258421129713
2024-12-02,-0.001820901104434447,-0.0021572673490340977,-0.0014143379521547317,-0.0007519008206517963,-0.0007678737811402936,0.0017921204384327982
2024-12-03,0.00021846978909945136,0.0005264779540974374,0.00048058317217281044,0.0011059485535758196,0.0011472784616699538,0.00046394552024797697
2024-12-04,0.0030952469339506905,0.002535450561398145,0.0027804641813737874,0.0024613096478620644,0.0024464241798591857,0.006209613761900323
2024-12-05,-0.0004906242972405606,-0.0001578537307537209,-0.00030988906932960525,-0.0010003113286056742,-0.001006838753266348,-0.0016458419887134257
2024-12-06,0.0002288932215850359,-0.0004324666558770396,-2.785814641570461e-05,-5.4369064891535146e-05,-7.448828076483949e-05,0.0018957974675537503
2024-12-09,0.0007083502405715869,0.0025209001138786213,0.0014120589831734254,-0.0005414629568547547,-0.0005271832887190353,-0.005149570589002672
2024-12-10,-0.004414167502258759,-0.003673399156757906,-0.002818378719544934,-0.0006273042667538364,-0.0006252932138431921,-0.00310899072195836
2024-12-11,0.0037526888086458765,0.0028036793454462305,0.0021096043509940543,0.001752154052133692,0.001815867420401851,0.007730635410842401
2024-12-12,-0.00622967986256584,-0.006694373613627902,-0.006139520520947461,-0.0043407738543167484,-0.00433629493288934,-0.005152741655185644
2024-12-13,-0.0031120407473715916,-0.00398566016287083,-0.0038184647375223424,-0.002884599404960664,-0.0028572934807421513,-0.0001985150947229064
2024-12-16,0.0002034806703452574,-0.0008231745615695507,-0.0006424201980895772,-0.0004338265522172424,-0.00043654380305513385,0.004270055990104105
2024-12-17,-0.0029085687231417134,-0.002447928479162087,-0.002023831838486201,-0.0018973728079656471,-0.0019243927716391385,-0.004120195940533811
2024-12-18,-0.024081656644868943,-0.019838300915311136,-0.017187654310765965,-0.011681106853316692,-0.011733003580975065,-0.02980356423151731
2024-12-19,-0.0038251483832132394,-0.004178541337658825,-0.0039089618880474575,-0.0032756796332498173,-0.0032487269099059635,-0.0003069402929415377
2024-12-20,0.008100080883765681,0.006547169648760898,0.005528561460638626,0.004617289096108479,0.004648567995831021,0.012010906155728973
2024-12-23,0.0023168935919102296,0.0005418731058872694,0.00018130316608155894,-0.000488978066497614,-0.00045292347714043224,0.00598841886167123
2024-12-24,0.006211494526208838,0.004687066341652946,0.004286241089780596,0.004260971165338967,0.0042926316106211004,0.011114887732055045
2024-12-26,0.0011639176040416643,0.0009045777417702183,0.0007894570670043954,-0.00020758365644968357,-0.00021761541975606757,6.659179477574995e-05
2024-12-27,-0.00659049394264144,-0.004842142701110719,-0.0043810690789480855,-0.002809602825778912,-0.002813600603180366,-0.010526584203640499
2024-12-30,-0.004428304032663699,-0.00116112615922348,-0.00036453463012930953,0.002544838153197615,0.002502332405378116,-0.011411586367528481
2024-12-31,-6.3626389728010935e-06,0.0004687146488233651,-0.00011705035763531768,-0.0007933577522335478,-0.0007821012528435034,-0.0036379248440820966
2025-01-02,-0.0004084882692498848,0.0012452303135084275,0.00112948211379571,0.001751482381098013,0.001776874266237849,-0.002457123996579935
2025-01-03,0.005333407598686168,0.002048296523911919,0.0009774040838015363,-0.0012777516002434597,-0.001138059191041041,0.012503510745669022
2025-01-06,0.0009740624063854231,-3.801322215124525e-05,2.077583660065052e-05,-8.667112514681996e-05,1.3188666933672266e-05,0.00576050990496646
2025-01-07,-0.00586339703950578,-0.003981106798043754,-0.0036221874141529886,-0.0026400686417652475,-0.0026764903905112103,-0.01130394116073763
2025-01-08,0.001047328995055663,0.0007401427250859349,0.0011222644389388137,0.001479490805217143,0.001465692920520567,0.0014608004313110268
2025-01-10,-0.009859380351971536,-0.005629571764582675,-0.0052294803091302855,-0.0008310143879868281,-0.000812653131686325,-0.015267429606369842
2025-01-13,0.00045836155846279425,-0.00022561893019767965,-0.0004205460025995533,0.00025715912205459546,0.00033742270646142103,0.0015504779606583252
2025-01-14,0.003382978813804227,0.003303590521817279,0.002472219913447482,0.0006091533833290086,0.0006058065759311226,0.0013759504239274634
2025-01-15,0.01303516803456195,0.012179898349584217,0.011407027622079013,0.01119610276307359,0.011274115740074642,0.018190137415575514
2025-01-16,0.0034685342582716494,0.003451209413080303,0.0027542275600374033,0.0003456332789193439,0.00028321008787779434,-0.00192320642202648
2025-01-17,0.003561849358677982,0.0015593555041726326,0.001407902534510841,0.0006813564415171225,0.0007548596738042868,0.010039901270404217
2025-01-21,0.010757036808614506,0.009388280881366118,0.00754393260518893,0.0024420116212602316,0.002438222943615287,0.009153480443916395
2025-01-22,-0.0009997805651543734,-0.0020472471122526814,-0.001799430008371683,-0.001178324627450822,-0.0010806615043469359,0.005621538331987974
2025-01-23,0.0030003888367513554,0.001134112381185215,0.0009411309960680736,-0.00016261857438837346,-0.00010028942069484348,0.00545805853915704
2025-01-24,0.0018320752101130822,0.0030582440038078307,0.0026594659728864656,0.00119078292833108,0.0011349922104983978,-0.002919264959769352
2025-01-27,-0.0043462887190613975,-0.002564086837872237,-0.0007630031570723395,0.00042641375643293067,0.00013148384765493404,-0.014145356222404648
2025-01-28,0.002203740201447424,0.0011897917211323161,0.0009934531892650256,0.0007025025904112692,0.0008121090832116096,0.008592315317060173
2025-01-29,-0.0037451349896291397,-0.002683594607025497,-0.0022152857270967274,-0.0010881180671163948,-0.0011097623729861006,-0.004482967158625062
2025-01-30,0.007901870213193662,0.007709050061573741,0.005951972555670704,0.0018406078678447901,0.0018681102075053246,0.0053671859760371365
2025-01-31,-0.004447285118317268,-0.004131807987923342,-0.0032767102580324448,-0.0016341519127307524,-0.0016508667424938173,-0.005322013686878346
2025-02-03,-0.0026265314240525584,-0.0003237473389876566,0.00016282434581227356,0.0020289422082593322,0.0019657464353501908,-0.0067295534034903515
2025-02-04,0.006462027860619557,0.006281883920715048,0.005133286062994236,0.0023954433271011766,0.0024462576155650506,0.006708369785656254
2025-02-05,0.006193100956932707,0.005866366956560398,0.005683603762996814,0.0036603430337933673,0.0035836997637663792,0.004054526223509436
2025-02-06,0.0017657278634979345,0.0009580317580295539,0.0003050552884662494,-0.0009629645700843792,-0.0009006548445251727,0.0034756291897781733
2025-02-07,-0.005213736104776268,-0.003768402989211217,-0.0037817218794157226,-0.0034015688099453545,-0.0034338842163083028,-0.00915361540214743
2025-02-10,0.006065950173740564,0.006136335997350084,0.0046807986953933955,0.003115891473151944,0.0032323963395464173,0.006791328320455037
2025-02-11,0.0005627793442830598,0.00011237975216760177,-7.58631346107208e-05,0.0003357016392528944,0.00040090647190749173,0.0007604384781254581
2025-02-12,-0.003529566711360066,-0.004164434758977431,-0.004548331646615167,-0.006312237772921669,-0.006310206149431563,-0.003221485072722685
2025-02-13,0.009763467052665842,0.009306824427441018,0.008586991677135059,0.006717185654584457,0.006735821961838084,0.01055750138825129
2025-02-14,-0.0005430700667837796,4.1709339169138104e-06,0.0007092211279915439,0.002180450820983948,0.0021279791909973866,-4.917697295880874e-05
2025-02-18,0.004012711693618387,0.003854733915410913,0.0019604010980902586,-0.00019655859558032063,-5.817503535754387e-05,0.0029358976669520143
2025-02-19,0.0002134631107157947,0.000344468397766029,0.000588576274369812,0.0024559452192340903,0.002500412426921894,0.0023548173146026308
2025-02-20,0.001267594828064933,0.002716097662844863,0.0024623761569626534,0.0014690803170063216,0.0013977778241998084,-0.004160245253420958
2025-02-21,-0.007318052922530294,-0.0037894629671505475,-0.002356064110014877,-0.0017344787469256717,-0.002007504042573549,-0.01710400613660845
2025-02-24,-0.0012728752012892697,-0.0008016920806784844,-2.7625972823352996e-05,0.0008303378749177082,0.0007364339351805249,-0.004550613350287058
2025-02-25,0.0012809436853897793,0.0022796632361816727,0.0030036643696893517,0.002239112249208919,0.002045243571604738,-0.004973079507837541
2025-02-26,0.0007880885379885072,0.001069846527447682,0.0010788994719201916,-0.00016647220737864288,-0.00022053209127625983,0.0005047975617609168
2025-02-27,-0.00946554297048352,-0.00777614193026821,-0.006452659438716091,-0.003227766033655377,-0.0033252670811054763,-0.015961911190013223
2025-02-28,0.00564778044129044,0.002345609910745061,0.003513941659202491,0.004598912796698329,0.004666294803618021,0.015605596661077747
2025-03-03,-0.0023779333510899336,0.0009340802189263808,0.0012903289550441066,-0.00032142835806303616,-0.0005613416412149075,-0.01751997766630431
2025-03-04,-0.004809753671698114,-0.0024408269530430404,-0.0028000294995207398,-0.003183269194370286,-0.0032441769441096113,-0.011836867992038314
2025-03-05,0.008857034769920835,0.0065560486341933455,0.003753502549934007,-0.002654253189338318,-0.0025169918065719443,0.010747839611165988
2025-03-06,-0.011828573375168627,-0.00854839442070321,-0.006688182702696555,-0.0036496117619512214,-0.003800264995359015,-0.017751050248379863
2025-03-07,0.0042347272787313095,0.0033276457806745707,0.0021474331762429966,0.0005748843810562398,0.0006816330388261793,0.005604668443293992
2025-03-10,-0.014014686285840572,-0.009038891974994967,-0.005908533321908105,-0.0003047925955848019,-0.0006335642459704971,-0.026635406729509925
2025-03-11,-0.0035272897204118303,-0.0014526863246483446,-0.0021988831008949994,-0.0033485539667749142,-0.003320799682687059,-0.008313111741900747
2025-03-12,0.0021942964911734197,0.0010513538444785198,0.00042630773909735353,-0.0010839457956054455,-0.0009940958969624214,0.0053067124815113775
2025-03-13,-0.00520343752768071,-0.0015403006440715128,-0.0007094253275027329,1.2864033330561853e-05,-0.000169786655533688,-0.013330436330021067
2025-03-14,0.012163888844973991,0.008158845941313109,0.00569685789278207,0.0014678710707940468,0.0016884097982541313,0.0206557912275962
2025-03-17,0.00868860993020859,0.00809126967244067,0.006141330177275917,0.0025447256130299856,0.002616238102702839,0.007711226486406764
2025-03-18,-0.0028898622425346243,-0.0006191428196333781,-0.0001633027852332436,1.0864524180309587e-05,-0.00013375806786819489,-0.010808379622018083
2025-03-19,0.005818601952537472,0.004818343288525151,0.0050548864884605305,0.006082728696218398,0.006131785946387636,0.010890735339307511
2025-03-20,-0.002764071222373543,-0.0023553137305409866,-0.0017528994235557205,-0.00013960812676638845,-0.00014078646124815464,-0.0028915897931346413
2025-03-21,-0.004240435090707373,-0.004999297038119299,-0.0039361832069841896,-0.0018265952474072478,-0.001826578651844879,0.0003298919546212975
2025-03-24,0.006204633007027116,0.0019468827189403903,0.0006884670992726161,-0.0004681889502196057,-0.0002257551948776637,0.01790848775160092
2025-03-25,0.00038444341713583796,0.0003007580666301024,0.000774904846699398,0.0014407490704451131,0.0014555606919997022,0.002403713718828193
2025-03-26,-0.0060958674291080595,-0.0045740952893766895,-0.00420315013886341,-0.0032253339842406303,-0.003291957490010766,-0.011938229589247729
2025-03-27,0.0009265034910030945,0.001974423738225095,0.0016591181690894796,0.0005924723130275034,0.000593162246253387,-0.002655627315210407
2025-03-28,-0.006392691883483792,-0.0020787943401765485,-0.00037064873886782923,0.00195502846422424,0.0016693160126408646,-0.02013843063199028
2025-03-31,0.005293479370822363,0.00554177469171524,0.004832700184003391,0.004996768684259356,0.005086657968242259,0.006712912760983514
2025-04-01,0.0019893740924818992,0.002105706994563139,0.001984840749096106,0.0018321484607832783,0.0018136513802715637,0.002824442743211364
2025-04-02,0.003638508284212083,0.0027158886027986995,0.0018857183215812423,0.0016012724425222835,0.001661414879073897,0.006328298292829215
2025-04-03,-0.025277308454773828,-0.017924172086034473,-0.0118622491001652,-0.0066935058445025675,-0.007396734461435073,-0.04928069685329273
2025-04-04,-0.03893197782593938,-0.030365730711678696,-0.022490133155564807,-0.010671669767903014,-0.011417006516755923,-0.05854299254528794
2025-04-07,-0.017484781007877093,-0.020987226572478757,-0.018925761686551246,-0.014836326605613626,-0.014641615291719257,-0.0017811884523963872
2025-04-08,-0.01256062794424373,-0.012216014534250363,-0.010357038170271893,-0.009993387644239182,-0.010060217328959897,-0.01566275431689801
2025-04-09,0.059761194430561826,0.04414054289849845,0.03335685360916707,0.018912307731205003,0.01986191922631031,0.10501925332407813
2025-04-10,-0.021548702198028846,-0.01638345797385654,-0.01590823936040342,-0.016174114435015374,-0.01643967388559231,-0.043819067516813415
2025-04-11,0.015399783323189586,0.013868454520530982,0.009912306024305373,0.003239394979620336,0.0034900613032771144,0.01784277787885369
2025-04-14,0.008142773968725647,0.006867891009366023,0.006381847201838209,0.005085931906704699,0.0050981137665306875,0.009701624027727895
2025-04-15,0.001734037893585283,0.0022692848128789134,0.0021238091371980072,0.001551433009465475,0.001430838279954827,-0.0028010217219820444
2025-04-16,-0.0026281439177762156,0.002334601784107271,0.002468363831711562,0.0029547238945575316,0.0027115968213213826,-0.022227850695285878
2025-04-17,0.0038256460936061387,0.003513257651264201,0.002764186385208145,0.0018957485012836006,0.001977557460086654,0.0014267171117980926
2025-04-21,-0.009344770498505572,-0.006327577537494911,-0.006756696571817211,-0.009034929952091209,-0.009156771224131499,-0.0238026483352638
2025-04-22,0.012836180025505683,0.00882457976336748,0.0073949919719080714,0.004807765514470708,0.0050563909974519206,0.026017697953237162
2025-04-23,0.003923930551818389,0.0017137587578603952,0.0023220677083859442,0.002915989882372072,0.00297721879660795,0.015495362918822586
2025-04-24,0.013031426342114516,0.011067815592364472,0.009996776932793328,0.008806949983434675,0.008913231065228011,0.02104903098185429
2025-04-25,0.0019894269508573537,0.0011865179819461336,0.0016001285886531047,0.002946198732613592,0.0029489077512663275,0.0072251980963009554
2025-04-28,0.00402468599947392,0.004098974171781844,0.003749516622512772,0.0015592264516504084,0.001504695510153864,0.00038127280597555213
2025-04-29,0.002015940977519781,0.0006759690866189327,0.0010462434032869616,0.0003083238265457755,0.0002860577959677979,0.006299614973591217
2025-04-30,-0.0019764577983050202,-0.003531643385691563,-0.002870761228496943,-0.003837194224734497,-0.003840728964362383,0.0003967183919115769
2025-05-01,-0.0008652881500580412,-0.002531558159039715,-0.0027077611119137313,-0.001633812642925947,-0.0014854165354800664,0.007086868861841733
2025-05-02,0.00974261124309117,0.007035177137350468,0.003737073533948365,-0.001444735297771782,-0.0012305386302036148,0.014844248983960195
2025-05-05,0.0012871701745356123,0.0021488146962296284,0.0010077070509189046,-0.0021355204395260285,-0.002201157339704496,-0.005734215590911473
2025-05-06,0.0005462400977136461,0.0033575280818847197,0.003142978848678535,0.003403040249948308,0.0033448892314893452,-0.00835843551316362
2025-05-07,-0.0018474974264185429,-0.003423473332132221,-0.0019835370840179944,-0.00016430751400520194,-0.0002023194327338551,0.004205638324408012
2025-05-08,-0.0018902149686665926,-0.0033129984593104345,-0.0033904459301865586,-0.0011959354287754964,-0.0009901999119199534,0.006967651505141115
2025-05-09,0.002965233480463292,0.003782133360158646,0.0028012814779299067,0.0011627763943189429,0.0011866828361482007,-0.0012742213508586397
2025-05-12,0.008667743280915463,0.0027817301043586706,0.0006580554567643393,1.4264295391974713e-05,0.0004045436852344597,0.03304754271395138
2025-05-13,0.001868109363681647,0.001754262211257851,0.0019243465022658057,0.003892523890161259,0.004018518006693617,0.006603860821533747
2025-05-14,-0.004283821230713913,-0.004906691006220099,-0.004172357852168629,-0.0029853159385768713,-0.0029151360199621834,0.0012780826440004223
2025-05-15,0.007607042018643373,0.006533934945108788,0.005820773343071739,0.002936091282634834,0.002840037227249015,0.004884285134641564
2025-05-16,0.0026819290137676255,0.0011882682563681968,0.001369536606873778,0.0013831603500933376,0.0014100675475152702,0.006334043929497213
2025-05-19,0.002874433306996771,0.00253790572327639,0.0018456750925601728,-3.772324880335631e-05,-3.2632068180271645e-05,0.0010938196429841618
2025-05-20,0.00067972328802135,0.0016572387135156408,0.0007098116115302755,-5.8682446456237436e-05,-6.551134083987442e-06,-0.003362153676216839
2025-05-21,-0.010927098529352253,-0.008709768057761025,-0.008351323388080867,-0.007939956087691935,-0.007965114494995928,-0.01685067094597681
2025-05-22,-0.0011408726750133935,-0.0010563217176374762,0.00033389224838886733,0.002489728004264391,0.0023940139511757774,0.0003946018551170827
2025-05-23,0.0015110874410022568,0.00346071085982369,0.0026120232912554275,0.0009364029482310521,0.0008719899384292962,-0.0068258512570531504
2025-05-27,0.00938786416741233,0.005466648989242762,0.005513459906586471,0.004943126243925011,0.0049990528610059926,0.02079068471986001
2025-05-28,-0.004725082324803842,-0.004255728835074746,-0.003815659176725772,-0.002738612812223762,-0.002780231428892055,-0.005785451740996206
2025-05-29,0.004659322868312943,0.00429767299411532,0.004002717993863092,0.0024803237823576296,0.0024341201590600825,0.003947547586719891
2025-05-30,-0.0016601961462928694,-0.0020728886983092387,-0.0005285906582260802,0.0013488657548503813,0.0012601729021206598,-0.001118715603297682
2025-06-02,0.00676002274437737,0.006476948674049909,0.003764852722211387,0.0007591575948817653,0.0009529929030913653,0.005633026900562443
2025-06-03,-0.00012870308079282466,-0.0007882216941434983,-0.000673143669548848,0.0011267859330816865,0.0012116654906617619,0.005702557269405606
2025-06-04,0.004094866807945907,0.005484049501208288,0.0052912259514907856,0.0038567218473917197,0.003725723192607111,-0.00026851243178294126
2025-06-05,-0.001949899710717684,-0.0008144256182252008,-0.001426311784485157,-0.002090705524342873,-0.0020785096711172235,-0.004832652403296889
2025-06-06,0.0017473475548188677,-0.0008074944361804448,-0.00205577402459467,-0.0026581835766893436,-0.0024157587248448964,0.010268821171307119
2025-06-09,0.0020510065542043154,0.0024553786609069483,0.0022231900189866316,0.001913562801914459,0.001881432467794486,0.0009014354786658352
2025-06-10,0.00385060591095554,0.003049591219560721,0.0024687610955875794,0.0012329594432027857,0.0012505048266922003,0.005669717805285801
2025-06-11,0.0005103268037154329,0.0025188534074058744,0.002442278283351973,0.00390839901918949,0.0038945770416509706,-0.002851974722322681
2025-06-12,0.005593545028994118,0.00567508769945313,0.005175010444856465,0.003600185305000725,0.0035591783169663938,0.003974274973224556
2025-06-13,-0.005594622187145681,-0.0027697154316870254,-0.0027734861824372237,0.0005334341876226389,0.0006298934257338296,-0.0111801611547373
2025-06-16,0.0018683869943889597,-0.00026238816883616956,-0.0006119434769401577,-0.0008496084192181064,-0.0007249800193890321,0.009514136167775744
2025-06-17,-0.003142036717567298,0.0001697928891424283,0.0015047789608271245,0.005808347559981275,0.005748903430996766,-0.008544966880486782
2025-06-18,0.000351379658301898,0.0005250917545156497,0.0006115181346588727,0.0009422830607614952,0.0009404960972023702,-0.00015071307483049967
2025-06-20,-0.0020626248759259003,-0.0014467323748532657,-0.0006737528320821529,0.0015911726170405593,0.0015745582608559516,-0.002348577608368929
2025-06-23,0.005200179119471349,0.0014901295000182557,0.0012601728438594861,-0.003374035290854005,-0.0034661835389108164,0.009877485739587577
2025-06-24,0.005112856983804592,0.002985598918475718,0.0027676026882410554,-0.00023934991451701748,-0.0002905643545400016,0.011047186039507384
2025-06-25,-0.0032806756435814766,-0.0028207027271505147,-0.0019457725290563666,-0.00039633967268171144,-0.0003774834282528339,0.0005602827185173798
2025-06-26,0.005055452351834022,0.004422846921680712,0.004188949183021151,0.003683271266961441,0.003730780484314522,0.007823912169541813
2025-06-27,-0.0001293512495134097,-0.0021305360179175725,-0.0017933659887144904,-0.0014676244910928338,-0.0014059564138403369,0.004968221436231435
2025-06-30,0.00504063302506319,0.0049798612961662325,0.004533894106361069,0.0035873373121506624,0.0035588603100720206,0.004781280167141189
2025-07-01,0.0021778966117234067,0.0026977180119578392,0.0018146381420984792,0.0012862780782494365,0.0012105248201015328,-0.00032361428413474336
2025-07-02,0.0034131467647924296,0.0032385027355290585,0.001964381440673346,0.0022095040254337395,0.0021148450836880883,0.004533365492089381
2025-07-03,0.0014826229288451565,-0.0005091912812674737,-0.001195920776408843,-0.0018803764088467512,-0.0018414677332201368,0.007881299997254843
2025-07-07,-0.006940240953903887,-0.006428585659419506,-0.005275844069693836,-0.0031293356812663875,-0.0032354819545489244,-0.0074520706056897534
2025-07-08,-0.00022052943559414118,-8.347613657488928e-05,-0.0005576872380234077,-0.0016210484572375394,-0.0015960887292798542,-0.0005476359239223738
2025-07-09,0.004426375488710832,0.0038845363422501666,0.00416668409613985,0.003912458613027914,0.003913137271370548,0.005996656078344209
2025-07-10,0.0018900620739561447,0.001193625280964783,0.0007170868557488941,-0.00026104531100623607,-0.00021507705925638554,0.002820258275139098
2025-07-11,-0.002225937193522709,-0.0016353904607486758,-0.002236901206424724,-0.0009773318340871029,-0.001107561736224838,-0.0035153098751226075
2025-07-14,0.0005909798473238137,-0.00046700881494354807,-0.0003252107278216565,-0.0011015874526812963,-0.0010223658372150446,0.0019080849682644452
2025-07-15,-0.005306792065130628,-0.0045997463377283054,-0.004187803459272721,-0.0030354488454896744,-0.002962836777747113,-0.004273212189356279
2025-07-16,0.004149121872160988,0.0038196059470301247,0.0034359208268301966,0.0024919237307658992,0.002518915658461518,0.0033431741923299896
2025-07-17,0.0029520527537032493,0.0025036538373686135,0.0020814826775550355,0.0023837802895427807,0.0023651719111452696,0.006119637877514572
2025-07-18,0.00017141690385358288,0.0005729268138321419,0.0008610217907014661,0.001520495620570106,0.0014881013453298397,-0.0007323346017438226
2025-07-21,0.004790464467336886,0.005119897700798903,0.00451420191331664,0.0031153384318243216,0.0031853666599734876,0.001896143492131186
2025-07-22,0.004461579896164691,0.004488051934075976,0.0035717419920837656,0.0015874327097771257,0.001606167878073217,0.0001431954391026835
2025-07-23,0.004635459003634823,0.002118683097744878,0.0002285148313045937,-0.0029935693624870696,-0.0028906511106776556,0.008507378219608341
2025-07-24,-0.0025043900263126417,-0.0026517513052626285,-0.0018097082429554545,-0.0004948830805997506,-0.0005462133858071816,0.0003310296833012316
2025-07-25,5.6349729118165826e-05,-0.001051827356363444,-0.00015399812175709293,-7.36586023013519e-05,-1.6522248025507835e-05,0.004224435835635587
2025-07-28,-0.005468931541643962,-0.005003309680766566,-0.003910543855091153,-0.0003325138605670963,-0.00046853634738242,-0.0002510690047468067
2025-07-29,0.0037379354704201173,0.006230846636192,0.006417233191616134,0.006528608604568165,0.006429107189441785,-0.0026375648019045794
2025-07-30,-0.006456856545778322,-0.0069020293193367,-0.005938324235733705,-0.004249541177686167,-0.004290481869175911,-0.0012593694992442117
2025-07-31,-0.004557533848615236,-0.004139136385429176,-0.003076005523293457,-0.0013812556985034474,-0.0013598572801102327,-0.0037512610547767444
2025-08-01,-0.003057930082877025,0.00047630561465994425,0.0031197351439717913,0.004919200760729048,0.004990186351509385,-0.01639041762130744
2025-08-04,0.009361148027689614,0.006482466036363821,0.005010227254420796,0.0020354460089100357,0.0021437534003665437,0.015199863419301796
2025-08-05,-0.0009523306636883833,-0.0003052350466860032,-0.00027636894924665256,-0.0012274365432920487,-0.001136646558951293,-0.005070023621000952
2025-08-06,0.001826204395181552,-2.1789691718399062e-05,-0.00041976322189829496,-0.0006618229743321491,-0.0006072674657087163,0.007659660445043404
2025-08-07,0.0028772453709027257,0.0032694086668063616,0.0022907987814089203,0.0008581904112261451,0.0009001864318176622,-0.000837636431655131
2025-08-08,0.001518699178177041,-0.0003767319570817662,-0.0008528028711469737,-0.0013651620554688826,-0.0013725040353790297,0.007797554830949682
2025-08-11,-0.0034843456137062523,-0.002909853921314931,-0.0017503294679752646,-1.3356987567658685e-05,-4.594822975456658e-05,-0.0019774044951013092
2025-08-12,0.005908382330556128,0.0033511427103840585,0.0017178236416541814,-0.0006460715905610703,-0.0005169950103185439,0.010645980769615315
2025-08-13,0.005353782752045344,0.00555079553036375,0.005154355593281368,0.0037069209141922244,0.003814430158181281,0.0034232284065640606
2025-08-14,-0.0031947782052306195,-0.003936648875623838,-0.0036946916919626815,-0.002389625504473969,-0.0025216222537988164,9.29178689290655e-05
2025-08-15,0.00011181636183232868,-0.00025614700950737923,-0.0008365769816177648,-0.001695473536116321,-0.0016601103805578,-0.0023411979263346927
2025-08-18,-0.0012749260243603011,-0.0011306639886579095,-0.0012596953398031907,-0.0011375473938085578,-0.001096571776681765,-0.00021771255650937515
2025-08-19,-0.0006825327830706218,-0.00020689361013848107,0.00038467999072810954,-0.0003632526506474054,-0.00036912372803332705,-0.00542510102815319
2025-08-20,0.0017193834723996382,0.0029937864925675406,0.002437294937799317,0.002459913380058021,0.0023621481910867104,-0.002657080804944645
2025-08-21,-0.0032311771625609387,-0.0024164503983213903,-0.002016658684717787,-0.0009873344384935256,-0.001050536534469515,-0.004011713095880665
2025-08-22,0.013536617640719228,0.011890953601679355,0.010197967924926665,0.007284054466272005,0.007410933660407348,0.015356734450693521
2025-08-25,-0.00475657247370298,-0.003813431953410218,-0.0032251687500713944,-0.001408716235455687,-0.0014936369477351885,-0.0044010200352035955
2025-08-26,0.0011716331225519738,-2.9179952985014523e-06,0.0005002986556694733,0.0007338543822472676,0.0007715179842198161,0.004186968758527643
2025-08-27,0.0010678115104587604,0.0004999808442842646,0.0008373255435749627,0.001318628834208857,0.001261881389106767,0.002278548405594716
2025-08-28,0.0031741237091660324,0.003425674926772926,0.0027193827535443305,0.002134695939332465,0.0021150967520213726,0.003541324132844581
2025-08-29,-0.001955042164547449,-0.0013192558943087018,-0.0015459006475552206,-0.0013345377040708817,-0.0013835765440920467,-0.005963639392962183
2025-09-02,-0.003137803258576377,-0.0007852988258396643,-0.0012342436745353957,0.0010750342223913023,0.0009414772302980268,-0.007410251972675752
2025-09-03,0.0038598684098869462,0.003252502531848833,0.0033851243649865026,0.002675507873763472,0.0027756325172292318,0.005419545640653167
2025-09-04,0.004359936597800873,0.0026376459734607227,0.0028615991234322014,0.002367722715504783,0.0023967640135196255,0.008357320883294106
2025-09-05,0.004746963232068913,0.006261199383486904,0.0060522068925461525,0.004003625620899065,0.004162954740502434,-0.0028961941058495144
2025-09-08,0.004776873223278022,0.005882708098758904,0.005017337281262968,0.003750616342020896,0.003770564927330966,0.0024565777359784047
2025-09-09,-0.00026244787593132646,-0.0007516199946545621,-0.001261636939672961,-0.0012377703165524778,-0.0012134543097447326,0.0023118846201510834
2025-09-10,0.00259958129121185,0.0031661991652320864,0.0028478236733584517,0.0028964315893587056,0.002899099477145395,0.002890805295761023
2025-09-11,0.007636985163265386,0.006165250449662318,0.004924738339523671,0.0016551470581696037,0.0018327185879660757,0.008310290457562264
2025-09-12,-0.0011919635185936306,-0.0010061197825822488,-0.0011961574656040863,-0.0004197452832469528,-0.0004693559952811954,-0.000334630409346115
2025-09-15,0.004909902334723881,0.00487708637754336,0.0038512381372008964,0.003456191436030265,0.0034450121521218957,0.005323962798345239
2025-09-16,2.3758053656841582e-05,0.00138567172655657,0.0010952399978740868,0.001359153643171629,0.0013415791143394085,-0.0013769781981408658
2025-09-17,-0.002358035083414367,-0.0027933032606438646,-0.00233516991891769,-0.0027518188920419018,-0.0026307952124975387,-0.0012423636756685452
2025-09-18,0.000405596038534739,-0.001696310531314027,-0.0021865140365249225,-0.0025922570134587763,-0.002577538683189773,0.004672499536354291
2025-09-19,0.0006243457002850228,-0.000829458280187878,-0.0008603127842405911,-0.00084006130029457,-0.0007977864092157949,0.004952868450893266
2025-09-22,0.0037129219964180393,0.002631227449570117,0.0009285061000063877,-0.0007760490366384154,-0.0007355205672491261,0.004730956629250382
2025-09-23,0.00045228206158820505,0.0026790295751286664,0.0028098362164745705,0.0032503876904930173,0.0031739457410193683,-0.005443378865093829
2025-09-24,-0.004531471527134623,-0.0038602347161061923,-0.003409231891432829,-0.002069224191018848,-0.002147738005424338,-0.003181757023221321
2025-09-25,-0.0025963567675787447,-0.0014039747251674006,-0.0013687845345571326,-0.00033070465747786493,-0.0004352297255872939,-0.004613374905433676
2025-09-26,0.004518306306578568,0.0031434775776264523,0.0022640103259481403,0.0011238915937585858,0.001102855812612047,0.0057290340826092745
2025-09-29,0.004399985080948188,0.004266138362044369,0.003558380701149666,0.0017661011767540202,0.0019067878953911155,0.0028104467833012237
2025-09-30,0.0030340002226900697,0.0019251822258699036,0.0010309536707824307,-0.00041840545061344603,-0.0003545524914226883,0.003766834755358328
2025-10-01,0.0035868227179931544,0.00321151066630998,0.002967222887789278,0.002201830038120356,0.002225371698511447,0.0034075722246513784
2025-10-02,-0.00016804543923520932,-0.0004278376630642011,-0.00018910844863906373,-0.0005266659640948967,-0.0005236502709697888,0.0011517326256851312
2025-10-03,0.002563268377763217,0.0024415516549867178,0.001275133996265776,-0.00015478757111775376,-1.3736922322538092e-05,-1.4805406382656372e-05
2025-10-06,0.0025403632992442304,0.0019318014322919907,0.0004842200547479081,0.0002819127901776408,0.0006415731805291536,0.003586271966467658
2025-10-07,-0.0019030623339301167,-0.0004863558533382273,0.0006067130590063918,0.00251045589553045,0.002399374303406976,-0.0037075138893177817
2025-10-08,0.004271179563313243,0.0033627733475700694,0.002257227933357031,0.0008093588405206908,0.0012110209342695022,0.005963055269571305
2025-10-09,-0.006377034736214204,-0.006568361596824279,-0.004903065985446431,-0.0034457014205675485,-0.003694121952364071,-0.002896974724933221
2025-10-10,-0.01381745572787163,-0.00929510021621116,-0.004786722719797409,-0.0006686531920770955,-0.0010566663092100859,-0.027027862178845674
2025-10-13,0.01279192216337477,0.011222804041843393,0.008282947661563789,0.00556313946699083,0.006121411502995278,0.015344118135168339
2025-10-14,0.0013411222823271896,0.0006911952016244172,0.0005936908043837619,-0.00040697216958052174,-0.0003722546702175089,-0.0012216462876413203
2025-10-15,0.007214443150493688,0.006554828732039386,0.004230229789994544,0.0013385924119038162,0.001732490409285914,0.004439529909605389
2025-10-16,0.0023089064675609894,0.004177637136522083,0.0037873167211472936,0.0028417434882019865,0.003069158716459075,-0.006810134562330372
2025-10-17,-0.00010210604825744429,-0.0014961872989029956,-0.0016875150891485502,-0.002469012850222718,-0.0026171917304547154,0.005676205164253156
2025-10-20,0.012062227700390338,0.010958882153622396,0.007892396169694837,0.004775407410134935,0.00540871031832757,0.010400500262923273
2025-10-21,-0.010484156941556688,-0.010552536078372032,-0.0065739503673730715,-0.0035044891532242106,-0.004512941768106571,-1.494287878323064e-05
2025-10-22,-0.00036451489051292363,0.0016984088112883544,0.0017111211217832878,0.0030738222837773943,0.00284006301612294,-0.005198916065879078
2025-10-23,0.0037467004472557797,0.0032534266981241178,0.0015621533524319275,0.001331348479324257,0.0014333239334449743,0.005929962705964353
2025-10-24,0.003359419010638076,0.00201217286066413,0.0014490856104214522,0.0007213940719641432,0.0007830822559184991,0.008172554694480416
2025-10-27,0.002598634222966023,0.0007024348989508322,0.000579173963057622,-0.0006668858889656848,-0.0008658494599628197,0.011797664492784632
2025-10-28,-0.0027088016776998236,-0.0033769021905480923,-0.002076088331195658,-0.0011719315468606828,-0.0011661858343504639,0.002656016019079832
2025-10-29,-0.004632195493024627,-0.004898616072539164,-0.005124384466361209,-0.003750063213693089,-0.0036469678478159295,0.0004803706386860007
2025-10-30,-0.0028915246794325444,-0.0016560408588597308,-0.002163471541922868,-0.002370662055463102,-0.0021758521905280714,-0.010998187142508109
2025-10-31,0.00017916098903736355,-0.0003108712075257092,-0.0003419454593633908,-0.0002094848575310282,-0.00019822921886458733,0.0032802220875831622
2025-11-03,0.0012001896432110026,0.0012002601688181347,0.0003592617565622014,-0.00016589863999028065,-5.898650489044588e-05,0.0018767398754619968
2025-11-04,-0.008513949900135653,-0.006707394408188239,-0.004188833608920639,-0.0013194426171093676,-0.0018497467190853323,-0.01185354736001909
2025-11-05,0.0028844369117915214,0.001206601019950737,-0.00054511064334406,-0.002476139261523236,-0.0020963439513589366,0.003465476340313245
2025-11-06,-0.003837533044547925,-0.000934506500831711,0.0007685251543101401,0.003095075451889029,0.002711486124023832,-0.010729453719183435
2025-11-07,0.0029311240263922844,0.002360934342016785,0.0013613278861304146,-0.0001759436042181317,-5.1934527272257114e-05,0.000984565078659072
2025-11-10,0.01137524006794477,0.009204745299263628,0.006219449887484796,0.0033195476281624448,0.003958441317714945,0.01560437034633999
2025-11-11,0.004638345659168985,0.004962212728037763,0.004700794554233445,0.004304671731797827,0.004240487570656759,0.002289177027853917
2025-11-12,0.0013270345046214604,0.00040575243785001547,-0.00027895001151334586,-0.002106517642750494,-0.0017354713314842174,0.0005563903663643455
2025-11-13,-0.011091900236068208,-0.00889499932398774,-0.0070371633490821095,-0.004265849366723029,-0.004532557307862839,-0.016593996414786205
2025-11-14,-0.00280838687008933,-0.00298314344242423,-0.0026387861578807126,-0.0020288956852752005,-0.002244581109680621,-0.0001635496688257021
2025-11-17,-0.007746957671696197,-0.0058272566436679,-0.003708216019648991,-0.0005843330782211442,-0.0009745795392015477,-0.009316620573407763
2025-11-18,-0.002800876112704409,-0.0006302316490640614,-0.00016697322868930442,0.0017749499237691424,0.0016466963110144395,-0.008397461670685558
2025-11-19,-0.0009137671045901241,-0.0024386547625141475,-0.00201873423678256,-0.0017735118382967707,-0.0016328252187767234,0.0038631766432766224
2025-11-20,-0.008207368465656284,-0.005656794611551996,-0.0034414868535110887,-0.0009471034631668429,-0.001220408500002712,-0.015242227316648038
2025-11-21,0.006916126664033406,0.004558069896711814,0.0038701083970200667,0.001488774664954562,0.0015684966238036502,0.009961138168965045
2025-11-24,0.008613963758892673,0.00667973344601136,0.00499534854370598,0.0033915169268439183,0.003760976562125151,0.014718606876234608
2025-11-25,0.005930458176262476,0.0039087806012632065,0.003247226923665858,0.0012440298856990495,0.0013669206619404406,0.009405836039293458
2025-11-26,0.006749801278809642,0.006472626727272779,0.005265605418829589,0.004170808325319575,0.004258327184443633,0.006903582418005261
2025-11-28,0.004244554536659617,0.003449755928895959,0.0016177592589305956,0.0008547807303587174,0.001077039735833507,0.0054584342293309
2025-12-01,-0.004056626853320311,-0.003916430722288089,-0.0042091900821460415,-0.0031958316628406536,-0.003067176167543817,-0.004565470301164498
2025-12-02,-0.00032036335231167,-0.0008664240998998984,-0.0004748334153580336,-0.0005011440378945853,-0.000551847698197605,0.0018522768711999316
2025-12-03,0.002686967066858781,0.0025640613146942215,0.0024975674606315668,0.002467772556290937,0.0024083117435971246,0.003462749080359595
2025-12-04,-3.81578992330045e-05,-0.000467300725580988,-0.000868170895234277,-0.0008570993763079571,-0.0008076604516692454,0.000731139787988333
2025-12-05,0.0007372341417810624,0.0006034443227753705,-0.00011061984616655973,-0.00018047384745822903,-0.00015615462091345123,0.001899394752821859
2025-12-08,-0.003802700131441905,-0.004265649100415714,-0.003614090766156819,-0.003532072257789065,-0.003470174560705752,-0.0030042091058060105
2025-12-09,-0.0006163837364659974,-0.0006395485407513224,-0.0008022918234467102,-0.0011099440755832912,-0.0010008293013067382,-0.0008631180942337835
2025-12-10,0.006391782484446384,0.006087080105391829,0.005325503806831833,0.004360117058775037,0.004412719557623568,0.006632235252757246
2025-12-11,0.002657908621867655,0.001689199534239405,0.0008589868364248243,-0.00041220255102403236,-0.00019090221520279282,0.0023269460314641055
2025-12-12,-0.005875168539755116,-0.005343734521986443,-0.004715335052762226,-0.004158256707072594,-0.004069000671381717,-0.010752075575282682
2025-12-15,0.0003862104514198439,0.00022936166998532848,0.00014040043889917975,-0.0004903286421876762,-0.0005092589914804657,-0.0015108085502177904
2025-12-16,-0.00280701508405945,-0.0025423512852225105,-0.0013661489659828607,-0.0005014180357185705,-0.0005571367965594431,-0.002732285145230273
2025-12-17,-0.0029792239478068083,-0.00028145760341458104,3.341467041284574e-05,0.001811659829902501,0.0016684969317346532,-0.011003593983400228
2025-12-18,0.003615826895055685,0.002461674897496602,0.002456489843858378,0.0014226460114488138,0.0015237626519528646,0.00755126270975226
2025-12-19,0.003968881534719415,0.0024456854229550906,0.0008913155817409368,-0.0005872136226185987,-0.00035882138938092556,0.009063506223587092
2025-12-22,0.006610355108383592,0.005946066271762529,0.0036606533878549286,0.002303156339426682,0.002694970358646742,0.006229803850433591
2025-12-23,0.0050128091751546755,0.0049679289264914495,0.003631094126184564,0.0028588893136956006,0.003053011293140173,0.004570492347330646
2025-12-24,0.002337807426773475,0.0021745156537864574,0.0023807670668432035,0.0021794967674342303,0.002070909562047696,0.003517674396244841
2025-12-26,0.0023628678917828605,0.0024954629755242763,0.0015986055113752506,0.0009716094839411493,0.0011753940820522502,-0.00010140966545213459
2025-12-29,-0.007230318143660597,-0.006663381869590812,-0.0041303132048802205,-0.0025257392677405788,-0.0032652496712529677,-0.0035636535074947684
2025-12-30,0.0006001256174508196,0.0011427983583154333,0.0006136666282321457,0.00044680443892874955,0.000440410124272983,-0.0012212136133650242
2025-12-31,-0.006313232339765551,-0.006223038107027956,-0.005228427513709888,-0.004628348027716056,-0.00463930936424517,-0.0074088529688375315
